person_id,name,aliases,birth_date,death_date,status,primary_role,role_tags,prominence_tier,country_or_region,activity_period,first_uap_activity_year,last_uap_activity_year,key_event_dates,affiliations,positions_or_titles,works_or_platforms,stance_category,stance_seed,position_statement_summary,key_claims_or_contributions,evidence_basis,claim_status,seed_claim_status,record_confidence,seed_confidence,controversies_or_counterpoints,first_public_date,associated_podcast_ids,source_1_title,source_1_url,source_1_type,source_2_title,source_2_url,source_2_type,source_count,data_sources,census_id,seed_id,merge_note,last_verified,date_precision_notes,research_notes
UP-0001,Jon T. Kosloski,,,,active,government_official,government|policy|oversight,1_core,United States,2024–present,2024,present,2024-08: appointed AARO director,U.S. Department of Defense|AARO|NSA (fmr),government official,AARO director biography|AARO briefings and reports (2024-2026),institutional_or_policy,official_government,"Leads AARO and frames UAP work as intelligence-informed, scientific investigation; the office says it has not verified extraterrestrial technology.","Leads AARO and frames UAP work as intelligence-informed, scientific investigation; the office says it has not verified extraterrestrial technology.",official record|public statements,documented_official_role,official_position,high_for_role_not_necessarily_claims,high,Policy advocacy or official assessment does not itself establish an extraterrestrial explanation.,2024-11,,AARO official biography,https://www.aaro.mil/About/Leaders/Biography-View/Article/3973108/dr-jon-t-kosloski/,primary_or_institutional,U.S. government UAP records collection,https://www.archives.gov/research/topics/uaps,primary_official,2,census+seed,uap_person_jon_t_kosloski,PER-023,merged (exact),2026-09-14,Biographical dates not confidently verified in this pass; see key_event_dates.,
UP-0002,Sean M. Kirkpatrick,,,,active,government_official,government|policy|oversight,1_core,United States,2022–2024,2022,2024,2022-07: appointed AARO director|2023-12: departed,U.S. Department of Defense|AARO|Oak Ridge National Laboratory|DIA (fmr)|Department of Defense,government official,AARO historical report|public testimony|AARO Historical Record Report Vol. I (2024)|Scientific American op-ed,institutional_or_policy,skeptic_prosaic,Founding AARO director; publicly argued that reviewed evidence did not substantiate a secret extraterrestrial reverse-engineering program.,Founding AARO director; publicly argued that reviewed evidence did not substantiate a secret extraterrestrial reverse-engineering program.,official record|public statements,documented_official_role,official_position|contested,high_for_role_not_necessarily_claims,high,Policy advocacy or official assessment does not itself establish an extraterrestrial explanation.,2022-07,POD-065,DoD official biography,https://media.defense.gov/2022/Jul/20/2003039076/-1/-1/1/DR-SEAN-M-KIRKPATRICK-BIOGRAPHY.PDF,primary_or_institutional,U.S. government UAP records collection,https://www.archives.gov/research/topics/uaps,primary_official,2,census+seed,uap_person_sean_m_kirkpatrick,PER-022,merged (exact),2026-09-14,Biographical dates not confidently verified in this pass; see key_event_dates.,
UP-0003,Timothy A. Phillips,Tim Phillips,,,active,government_official,government|policy|oversight,1_core,United States,2023–2024,2023,2024,2023-12: became acting director,U.S. Department of Defense|AARO|Department of Defense,government official,AARO acting-director briefings|Public briefings|That UFO Podcast interview (2025),institutional_or_policy,official_government,Served as acting AARO director during the office’s historical-record review and public reporting.,Served as acting AARO director during the office’s historical-record review and public reporting.,official record|public statements,documented_official_role,official_position,high_for_role_not_necessarily_claims,medium,Policy advocacy or official assessment does not itself establish an extraterrestrial explanation.,2024,POD-003,AARO official biography,https://www.aaro.mil/Portals/136/PDFs/Phillips_Timothy_Bio-DEC%202023-%28Acting_Director_Ver%29_508.pdf,primary_or_institutional,U.S. government UAP records collection,https://www.archives.gov/research/topics/uaps,primary_official,2,census+seed,uap_person_timothy_a_phillips,PER-024,merged (fuzzy_override),2026-09-14,Biographical dates not confidently verified in this pass; see key_event_dates.,
UP-0004,Ronald Moultrie,,,,retired,government_official,government|policy|oversight,1_core,United States,2007–present,2007,present,2022-05-17: testified before House Intelligence subcommittee,U.S. Department of Defense|Office of the Under Secretary of Defense for Intelligence and Security|Department of Defense (fmr),government official,Congressional testimony on UAP|2022-05-17 hearing testimony,institutional_or_policy,official_government,"Oversaw establishment of AARO and described UAP as a flight-safety, intelligence, and national-security issue requiring standardized reporting.","Oversaw establishment of AARO and described UAP as a flight-safety, intelligence, and national-security issue requiring standardized reporting.",official record|public statements,documented_official_role,sworn_testimony|official_position,high_for_role_not_necessarily_claims,high,Policy advocacy or official assessment does not itself establish an extraterrestrial explanation.,2022-05-17,,DoD media roundtable,https://www.defense.gov/News/Transcripts/Transcript/Article/3247448/usdi-s-ronald-moultrie-and-dr-sean-kirkpatrick-media-roundtable-on-the-all-dom/,primary_or_institutional,U.S. government UAP records collection,https://www.archives.gov/research/topics/uaps,primary_official,2,census+seed,uap_person_ronald_moultrie,PER-026,merged (exact),2026-09-14,Biographical dates not confidently verified in this pass; see key_event_dates.,
UP-0005,Scott W. Bray,,,,retired,government_official,government|policy|oversight,1_core,United States,2022–2022,2022,2022,2022-05-17: testified before House Intelligence subcommittee,U.S. Navy|Office of Naval Intelligence,government official,2022 congressional UAP testimony|2022-05-17 House Intelligence subcommittee hearing,institutional_or_policy,official_government,Told Congress the military had expanded reporting and analysis while lacking evidence that explained every case.,Told Congress the military had expanded reporting and analysis while lacking evidence that explained every case.,official record|public statements,documented_official_role,sworn_testimony|official_position,high_for_role_not_necessarily_claims,high,Policy advocacy or official assessment does not itself establish an extraterrestrial explanation.,2022-05-17,,Congressional hearing record,https://www.congress.gov/event/117th-congress/house-event/114761,primary_or_institutional,U.S. government UAP records collection,https://www.archives.gov/research/topics/uaps,primary_official,2,census+seed,uap_person_scott_w_bray,PER-025,merged (exact),2026-09-14,Biographical dates not confidently verified in this pass; see key_event_dates.,
UP-0006,Jay Stratton,,,,active,government_official,government|policy|oversight,1_core,United States,2008–present,2008,present,2018: led UAP Task Force precursor work|2020: UAPTF announced,U.S. Navy|UAP Task Force|AAWSAP/AATIP|Defense Intelligence Agency (fmr),government official,The Age of Disclosure|public interviews|The Age of Disclosure (2025),institutional_or_policy,transparency_advocate,Former UAP Task Force director who says anomalous incidents warrant deeper investigation and greater disclosure.,Former UAP Task Force director who says anomalous incidents warrant deeper investigation and greater disclosure.,official record|public statements,documented_official_role,documentary_interview|on_record_public,high_for_role_not_necessarily_claims,high,Policy advocacy or official assessment does not itself establish an extraterrestrial explanation.,2025-03,POD-001,Washington Post profile of documentary participants,https://www.washingtonpost.com/entertainment/movies/2025/03/11/ufos-aliens-age-of-disclosure/,primary_or_institutional,U.S. government UAP records collection,https://www.archives.gov/research/topics/uaps,primary_official,2,census+seed,uap_person_jay_stratton,PER-015,merged (exact),2026-09-14,Biographical dates not confidently verified in this pass; see key_event_dates.,
UP-0007,Daniel Evans,,,,,government_official,government|policy|oversight,1_core,United States,2022–2023,2022,2023,2022-10-21: study-team membership announced,NASA|Science Mission Directorate,government official,NASA UAP Independent Study,institutional_or_policy,,"Served as designated federal official for NASA’s independent UAP study and emphasized open, rigorous data analysis.","Served as designated federal official for NASA’s independent UAP study and emphasized open, rigorous data analysis.",official record|public statements,documented_official_role,,high_for_role_not_necessarily_claims,,Policy advocacy or official assessment does not itself establish an extraterrestrial explanation.,,,NASA study-team announcement,https://www.nasa.gov/general/nasa-announces-unidentified-aerial-phenomena-study-team-members/,primary_or_institutional,U.S. government UAP records collection,https://www.archives.gov/research/topics/uaps,primary_official,2,census,uap_person_daniel_evans,,,2026-09-14,Biographical dates not confidently verified in this pass; see key_event_dates.,
UP-0008,Bill Nelson,,1942-09-29,,,government_official,government|policy|oversight,1_core,United States,2021–2024,2021,2024,2023-09-14: NASA UAP report released,NASA|U.S. Senate,government official,NASA UAP report press conference,institutional_or_policy,,"As NASA administrator, supported scientific study and transparency while saying NASA had no evidence UAP are extraterrestrial.","As NASA administrator, supported scientific study and transparency while saying NASA had no evidence UAP are extraterrestrial.",official record|public statements,documented_official_role,,high_for_role_not_necessarily_claims,,Policy advocacy or official assessment does not itself establish an extraterrestrial explanation.,,,NASA UAP study page,https://science.nasa.gov/uap/,primary_or_institutional,U.S. government UAP records collection,https://www.archives.gov/research/topics/uaps,primary_official,2,census,uap_person_bill_nelson,,,2026-09-14,Dates may be year-only or month-only where day precision was not verified.,
UP-0009,Harry Reid,,1939-12-02,2021-12-28,deceased,government_official,government|policy|oversight,1_core,United States,2007–2021,2007,2021,2007: AAWSAP funding effort|2017-12: program publicly reported,U.S. Senate|AAWSAP sponsor,government official,Public advocacy|funding for AAWSAP|Secured funding for AAWSAP/AATIP,institutional_or_policy,transparency_advocate,Helped secure funding for the Pentagon’s AAWSAP effort and later advocated more government transparency on UAP.,Helped secure funding for the Pentagon’s AAWSAP effort and later advocated more government transparency on UAP.,official record|public statements,documented_official_role,official_position|historical_record,high_for_role_not_necessarily_claims,high,Policy advocacy or official assessment does not itself establish an extraterrestrial explanation.,2017-12,,Biographical or case overview,https://en.wikipedia.org/wiki/Harry_Reid,secondary_reference,U.S. government UAP records collection,https://www.archives.gov/research/topics/uaps,primary_official,2,census+seed,uap_person_harry_reid,PER-050,merged (exact),2026-09-14,Dates may be year-only or month-only where day precision was not verified.,
UP-0010,Daniel Inouye,,1924-09-07,2012-12-17,deceased,government_official,government|policy|oversight,1_core,United States,2007–2009,2007,2009,2007: AAWSAP funding effort,U.S. Senate|Senate Appropriations Committee,government official,AAWSAP funding support,institutional_or_policy,,Was identified in reporting and program histories as one of the senators involved in securing AAWSAP funding.,Was identified in reporting and program histories as one of the senators involved in securing AAWSAP funding.,official record|public statements,documented_official_role,,high_for_role_not_necessarily_claims,,Policy advocacy or official assessment does not itself establish an extraterrestrial explanation.,,,Biographical or case overview,https://en.wikipedia.org/wiki/Daniel_Inouye,secondary_reference,U.S. government UAP records collection,https://www.archives.gov/research/topics/uaps,primary_official,2,census,uap_person_daniel_inouye,,,2026-09-14,Dates may be year-only or month-only where day precision was not verified.,
UP-0011,Ted Stevens,,1923-11-18,2010-08-09,deceased,government_official,government|policy|oversight,1_core,United States,2007–2009,2007,2009,2007: AAWSAP funding effort,U.S. Senate|Senate Appropriations Committee,government official,AAWSAP funding support,institutional_or_policy,,Was identified as an early Senate supporter of funding for the Pentagon UAP-related program.,Was identified as an early Senate supporter of funding for the Pentagon UAP-related program.,official record|public statements,documented_official_role,,high_for_role_not_necessarily_claims,,Policy advocacy or official assessment does not itself establish an extraterrestrial explanation.,,,Biographical or case overview,https://en.wikipedia.org/wiki/Ted_Stevens,secondary_reference,U.S. government UAP records collection,https://www.archives.gov/research/topics/uaps,primary_official,2,census,uap_person_ted_stevens,,,2026-09-14,Dates may be year-only or month-only where day precision was not verified.,
UP-0012,Marco Rubio,,1971-05-28,,active,government_official,government|policy|oversight,1_core,United States,2020–present,2020,present,2020-06: requested UAP report|2023-07: UAP Disclosure Act introduced,U.S. Senate|Senate Select Committee on Intelligence|US Government,government official,UAP legislation|public interviews|The Age of Disclosure|UAP Disclosure Act co-sponsorship,institutional_or_policy,transparency_advocate,"Has pressed for formal reporting channels, intelligence oversight, and protection of personnel reporting UAP.","Has pressed for formal reporting channels, intelligence oversight, and protection of personnel reporting UAP.",official record|public statements,documented_official_role,official_position|on_record_public,high_for_role_not_necessarily_claims,high,Policy advocacy or official assessment does not itself establish an extraterrestrial explanation.,2021-05,,Official Senate press release,https://www.rubio.senate.gov/rubio-joins-schumer-rounds-gillibrand-young-heinrich-on-uap-disclosure-act/,primary_or_institutional,U.S. government UAP records collection,https://www.archives.gov/research/topics/uaps,primary_official,2,census+seed,uap_person_marco_rubio,PER-040,merged (exact),2026-09-14,Dates may be year-only or month-only where day precision was not verified.,
UP-0013,Kirsten Gillibrand,,1966-12-09,,active,government_official,government|policy|oversight,1_core,United States,2021–present,2021,present,2021-12-09: UAP amendment included in FY2022 NDAA,U.S. Senate|Senate Armed Services Committee,government official,2021 UAP amendment|AARO oversight|AARO authorising language|The Age of Disclosure,institutional_or_policy,transparency_advocate,Authored major legislation creating a permanent UAP office and reporting mechanisms; advocates investigation and whistleblower access.,Authored major legislation creating a permanent UAP office and reporting mechanisms; advocates investigation and whistleblower access.,official record|public statements,documented_official_role,official_position,high_for_role_not_necessarily_claims,high,Policy advocacy or official assessment does not itself establish an extraterrestrial explanation.,2021-05,,Official Senate press release,https://www.gillibrand.senate.gov/news/press/release/gillibrands-groundbreaking-unidentified-aerial-phenomena-amendment-included-in-final-ndaa/,primary_or_institutional,U.S. government UAP records collection,https://www.archives.gov/research/topics/uaps,primary_official,2,census+seed,uap_person_kirsten_gillibrand,PER-041,merged (exact),2026-09-14,Dates may be year-only or month-only where day precision was not verified.,
UP-0014,Chuck Schumer,,1950-11-23,,active,government_official,government|policy|oversight,1_core,United States,2023–present,2023,present,2023-07-14: UAP Disclosure Act announced,U.S. Senate|Senate majority leadership,government official,UAP Disclosure Act|UAP Disclosure Act (2023) lead sponsor,institutional_or_policy,transparency_advocate,"Co-sponsored the UAP Disclosure Act, proposing records review, collection, and declassification processes modeled partly on JFK records law.","Co-sponsored the UAP Disclosure Act, proposing records review, collection, and declassification processes modeled partly on JFK records law.",official record|public statements,documented_official_role,official_position,high_for_role_not_necessarily_claims,high,Policy advocacy or official assessment does not itself establish an extraterrestrial explanation.,2023-07,,Official Senate leadership press release,https://www.democrats.senate.gov/newsroom/press-releases/schumer-rounds-lead-new-amendment-to-declassify-government-records-related-to-ufos-and-unidentified-anomalous-phenomena,primary_or_institutional,U.S. government UAP records collection,https://www.archives.gov/research/topics/uaps,primary_official,2,census+seed,uap_person_chuck_schumer,PER-043,merged (exact),2026-09-14,Dates may be year-only or month-only where day precision was not verified.,
UP-0015,Mike Rounds,,1954-10-24,,active,government_official,government|policy|oversight,1_core,United States,2023–present,2023,present,2023-07-14: UAP Disclosure Act announced|2026-04-29: Disclosure Forum speaker,U.S. Senate|Senate Armed Services Committee,government official,UAP Disclosure Act|2026 Disclosure Forum|UAP Disclosure Act co-sponsor,institutional_or_policy,transparency_advocate,Co-led UAP records legislation and continued to press for declassification and institutional review.,Co-led UAP records legislation and continued to press for declassification and institutional review.,official record|public statements,documented_official_role,official_position,high_for_role_not_necessarily_claims,high,Policy advocacy or official assessment does not itself establish an extraterrestrial explanation.,2021,,Disclosure Forum program,https://forum.disclosure.org/,primary_or_institutional,U.S. government UAP records collection,https://www.archives.gov/research/topics/uaps,primary_official,2,census+seed,uap_person_mike_rounds,PER-042,merged (exact),2026-09-14,Dates may be year-only or month-only where day precision was not verified.,
UP-0016,André Carson,,1974-10-16,,active,government_official,government|policy|oversight,1_core,United States,2022–present,2022,present,2022-05-17: chaired UAP hearing|2026-04-29: Disclosure Forum speaker,U.S. House of Representatives|House Intelligence Committee,government official,2022 congressional UAP hearing|Disclosure Forum|Chaired the 2022-05-17 UAP hearing|The Age of Disclosure,institutional_or_policy,transparency_advocate,Chaired the first open House UAP hearing in decades and has advocated oversight and destigmatized reporting.,Chaired the first open House UAP hearing in decades and has advocated oversight and destigmatized reporting.,official record|public statements,documented_official_role,official_position,high_for_role_not_necessarily_claims,high,Policy advocacy or official assessment does not itself establish an extraterrestrial explanation.,2022-05,,Disclosure Forum program,https://forum.disclosure.org/,primary_or_institutional,U.S. government UAP records collection,https://www.archives.gov/research/topics/uaps,primary_official,2,census+seed,uap_person_andre_carson,PER-049,merged (exact),2026-09-14,Dates may be year-only or month-only where day precision was not verified.,
UP-0017,Tim Burchett,,1964-08-25,,active,government_official,government|policy|oversight,1_core,United States,2023–present,2023,present,2023-07-26: House UAP hearing,U.S. House of Representatives|House Oversight Committee|House UAP Caucus (co-chair),government official,2023 UAP hearing|frequent media interviews|Convened the 2023 hearing|The Age of Disclosure,institutional_or_policy,transparency_advocate,Prominent congressional disclosure advocate who argues the government is withholding significant UAP information.,Prominent congressional disclosure advocate who argues the government is withholding significant UAP information.,official record|public statements,documented_official_role,official_position|on_record_public,high_for_role_not_necessarily_claims,high,Policy advocacy or official assessment does not itself establish an extraterrestrial explanation.,2023-07,POD-001|POD-009,Official House hearing page,https://oversight.house.gov/hearing/unidentified-anomalous-phenomena-implications-on-national-security-public-safety-and-government-transparency/,primary_or_institutional,U.S. government UAP records collection,https://www.archives.gov/research/topics/uaps,primary_official,2,census+seed,uap_person_tim_burchett,PER-045,merged (exact),2026-09-14,Dates may be year-only or month-only where day precision was not verified.,
UP-0018,Anna Paulina Luna,,1989-05-06,,active,government_official,government|policy|oversight,1_core,United States,2023–present,2023,present,2023-07-26: House UAP hearing|2026-04-29: Disclosure Forum speaker,U.S. House of Representatives|House UAP Caucus|Task Force on Declassification|Task Force on the Declassification of Federal Secrets (Chair),government official,Congressional hearings|2026 Disclosure Forum|Chaired the 2025-09-09 UAP hearing|ongoing AARO investigation,institutional_or_policy,transparency_advocate,"Advocates declassification, subpoenas, and whistleblower protection; has become a leading House UAP figure.","Advocates declassification, subpoenas, and whistleblower protection; has become a leading House UAP figure.",official record|public statements,documented_official_role,official_position,high_for_role_not_necessarily_claims,high,Policy advocacy or official assessment does not itself establish an extraterrestrial explanation.,2023-07,POD-009|POD-018,Disclosure Forum program,https://forum.disclosure.org/,primary_or_institutional,U.S. government UAP records collection,https://www.archives.gov/research/topics/uaps,primary_official,2,census+seed,uap_person_anna_paulina_luna,PER-046,merged (exact),2026-09-14,Dates may be year-only or month-only where day precision was not verified.,
UP-0019,Eric Burlison,,1976-10-02,,active,government_official,government|policy|oversight,1_core,United States,2023–present,2023,present,2023-07-26: House UAP hearing|2026-04-29: Disclosure Forum speaker,U.S. House of Representatives|House Oversight Committee|Task Force on the Declassification of Federal Secrets,government official,Congressional hearings|2026 Disclosure Forum|Hearing questioning|2026 press conferences with Grusch,institutional_or_policy,transparency_advocate,Presses witnesses and agencies on alleged retrieval programs while also calling for evidence and oversight.,Presses witnesses and agencies on alleged retrieval programs while also calling for evidence and oversight.,official record|public statements,documented_official_role,official_position,high_for_role_not_necessarily_claims,high,Policy advocacy or official assessment does not itself establish an extraterrestrial explanation.,2023-07,POD-018,Disclosure Forum program,https://forum.disclosure.org/,primary_or_institutional,U.S. government UAP records collection,https://www.archives.gov/research/topics/uaps,primary_official,2,census+seed,uap_person_eric_burlison,PER-048,merged (exact),2026-09-14,Dates may be year-only or month-only where day precision was not verified.,
UP-0020,Jared Moskowitz,,1980-12-18,,active,government_official,government|policy|oversight,1_core,United States,2023–present,2023,present,2023-07-26: House UAP hearing,U.S. House of Representatives|House Oversight Committee|House UAP Caucus (co-chair),government official,Bipartisan UAP hearing advocacy|UAP Caucus co-founder,institutional_or_policy,transparency_advocate,Supported bipartisan hearings and declassification efforts focused on government accountability.,Supported bipartisan hearings and declassification efforts focused on government accountability.,official record|public statements,documented_official_role,official_position,high_for_role_not_necessarily_claims,high,Policy advocacy or official assessment does not itself establish an extraterrestrial explanation.,2023-07,,Official House hearing page,https://oversight.house.gov/hearing/unidentified-anomalous-phenomena-implications-on-national-security-public-safety-and-government-transparency/,primary_or_institutional,U.S. government UAP records collection,https://www.archives.gov/research/topics/uaps,primary_official,2,census+seed,uap_person_jared_moskowitz,PER-047,merged (exact),2026-09-14,Dates may be year-only or month-only where day precision was not verified.,
UP-0021,Nancy Mace,,1977-12-04,,,government_official,government|policy|oversight,1_core,United States,2023–present,2023,present,2023-07-26: House UAP hearing,U.S. House of Representatives|House Oversight Committee,government official,2023 UAP hearing questioning,institutional_or_policy,,Questioned David Grusch about alleged crash-retrieval and reverse-engineering programs in a widely viewed hearing.,Questioned David Grusch about alleged crash-retrieval and reverse-engineering programs in a widely viewed hearing.,official record|public statements,documented_official_role,,high_for_role_not_necessarily_claims,,Policy advocacy or official assessment does not itself establish an extraterrestrial explanation.,,,Official House hearing page,https://oversight.house.gov/hearing/unidentified-anomalous-phenomena-implications-on-national-security-public-safety-and-government-transparency/,primary_or_institutional,U.S. government UAP records collection,https://www.archives.gov/research/topics/uaps,primary_official,2,census,uap_person_nancy_mace,,,2026-09-14,Dates may be year-only or month-only where day precision was not verified.,
UP-0022,Glenn Grothman,,1955-07-03,,,government_official,government|policy|oversight,1_core,United States,2023–present,2023,present,2023-07-26: chaired House UAP hearing,U.S. House of Representatives|House Oversight Committee,government official,2023 UAP hearing chair,institutional_or_policy,,Chaired the 2023 national-security subcommittee hearing on UAP and called for improved transparency.,Chaired the 2023 national-security subcommittee hearing on UAP and called for improved transparency.,official record|public statements,documented_official_role,,high_for_role_not_necessarily_claims,,Policy advocacy or official assessment does not itself establish an extraterrestrial explanation.,,,Official House hearing page,https://oversight.house.gov/hearing/unidentified-anomalous-phenomena-implications-on-national-security-public-safety-and-government-transparency/,primary_or_institutional,U.S. government UAP records collection,https://www.archives.gov/research/topics/uaps,primary_official,2,census,uap_person_glenn_grothman,,,2026-09-14,Dates may be year-only or month-only where day precision was not verified.,
UP-0023,Robert Garcia,,1977-12-02,,,government_official,government|policy|oversight,1_core,United States,2023–present,2023,present,2023-07-26: House UAP hearing,U.S. House of Representatives|House Oversight Committee,government official,Bipartisan UAP caucus and hearings,institutional_or_policy,,Advocates evidence-based transparency and public release of UAP records.,Advocates evidence-based transparency and public release of UAP records.,official record|public statements,documented_official_role,,high_for_role_not_necessarily_claims,,Policy advocacy or official assessment does not itself establish an extraterrestrial explanation.,,,Official House hearing page,https://oversight.house.gov/hearing/unidentified-anomalous-phenomena-implications-on-national-security-public-safety-and-government-transparency/,primary_or_institutional,U.S. government UAP records collection,https://www.archives.gov/research/topics/uaps,primary_official,2,census,uap_person_robert_garcia,,,2026-09-14,Dates may be year-only or month-only where day precision was not verified.,
UP-0024,Ruben Gallego,,1979-11-20,,,government_official,government|policy|oversight,1_core,United States,2021–present,2021,present,2021: UAP legislative activity,U.S. Senate|formerly U.S. House Armed Services Committee,government official,UAP reporting legislation,institutional_or_policy,,Supported statutory UAP reporting and analysis mechanisms in defense legislation.,Supported statutory UAP reporting and analysis mechanisms in defense legislation.,official record|public statements,documented_official_role,,high_for_role_not_necessarily_claims,,Policy advocacy or official assessment does not itself establish an extraterrestrial explanation.,,,Biographical or case overview,https://en.wikipedia.org/wiki/Ruben_Gallego,secondary_reference,U.S. government UAP records collection,https://www.archives.gov/research/topics/uaps,primary_official,2,census,uap_person_ruben_gallego,,,2026-09-14,Dates may be year-only or month-only where day precision was not verified.,
UP-0025,Martin Heinrich,,1971-10-17,,,government_official,government|policy|oversight,1_core,United States,2021–present,2021,present,2023-07-14: UAP Disclosure Act announced,U.S. Senate|Senate Select Committee on Intelligence,government official,UAP Disclosure Act co-sponsor,institutional_or_policy,,Co-sponsored disclosure legislation and publicly treated unexplained military encounters as worthy of serious investigation.,Co-sponsored disclosure legislation and publicly treated unexplained military encounters as worthy of serious investigation.,official record|public statements,documented_official_role,,high_for_role_not_necessarily_claims,,Policy advocacy or official assessment does not itself establish an extraterrestrial explanation.,,,Biographical or case overview,https://en.wikipedia.org/wiki/Martin_Heinrich,secondary_reference,U.S. government UAP records collection,https://www.archives.gov/research/topics/uaps,primary_official,2,census,uap_person_martin_heinrich,,,2026-09-14,Dates may be year-only or month-only where day precision was not verified.,
UP-0026,Suhas Subramanyam,,1986-09-26,,,government_official,government|policy|oversight,1_core,United States,2026–present,2026,present,2026-04-29: Disclosure Forum speaker,U.S. House of Representatives|Disclosure Forum,government official,2026 Disclosure Forum,institutional_or_policy,,Participated in the 2026 congressional disclosure forum and UAP transparency debate.,Participated in the 2026 congressional disclosure forum and UAP transparency debate.,official record|public statements,documented_official_role,,high_for_role_not_necessarily_claims,,Policy advocacy or official assessment does not itself establish an extraterrestrial explanation.,,,Disclosure Forum program,https://forum.disclosure.org/,primary_or_institutional,U.S. government UAP records collection,https://www.archives.gov/research/topics/uaps,primary_official,2,census,uap_person_suhas_subramanyam,,,2026-09-14,Dates may be year-only or month-only where day precision was not verified.,
UP-0027,James Comer,,1972-08-19,,,government_official,government|policy|oversight,1_core,United States,2023–present,2023,present,2023-07-26|2024-11-13|2025-09-09: House UAP hearings,U.S. House of Representatives|House Oversight Committee,government official,UAP hearings oversight,institutional_or_policy,,"As committee chair, enabled multiple public hearings on UAP transparency and whistleblower issues.","As committee chair, enabled multiple public hearings on UAP transparency and whistleblower issues.",official record|public statements,documented_official_role,,high_for_role_not_necessarily_claims,,Policy advocacy or official assessment does not itself establish an extraterrestrial explanation.,,,Official House hearing page,https://oversight.house.gov/hearing/restoring-public-trust-through-uap-transparency-and-whistleblower-protection/,primary_or_institutional,U.S. government UAP records collection,https://www.archives.gov/research/topics/uaps,primary_official,2,census,uap_person_james_comer,,,2026-09-14,Dates may be year-only or month-only where day precision was not verified.,
UP-0028,Barack Obama,,1961-08-04,,,government_official,government|policy|oversight,1_core,United States,2021–present,2021,present,2021-05-17: late-night interview discussing UAP,White House|former U.S. president,government official,Public interviews on UAP,institutional_or_policy,,Publicly acknowledged that some recorded aerial objects lacked an immediately explainable pattern while not endorsing extraterrestrial claims.,Publicly acknowledged that some recorded aerial objects lacked an immediately explainable pattern while not endorsing extraterrestrial claims.,official record|public statements,documented_official_role,,high_for_role_not_necessarily_claims,,Policy advocacy or official assessment does not itself establish an extraterrestrial explanation.,,,Biographical or case overview,https://en.wikipedia.org/wiki/Barack_Obama,secondary_reference,U.S. government UAP records collection,https://www.archives.gov/research/topics/uaps,primary_official,2,census,uap_person_barack_obama,,,2026-09-14,Dates may be year-only or month-only where day precision was not verified.,
UP-0029,Donald Trump,,1946-06-14,,active,government_official,government|policy|oversight,1_core,United States,2019–present,2019,present,2019-06: ABC interview on pilot reports|2026: PURSUE/unsealing initiatives,White House|U.S. president|US Government,government official,Public interviews|executive-branch records policy|PURSUE Task Force directive (2026),institutional_or_policy,official_government,"Has discussed military UAP briefings and, in his second administration, presided over expanded UAP records and reporting initiatives.","Has discussed military UAP briefings and, in his second administration, presided over expanded UAP records and reporting initiatives.",official record|public statements,documented_official_role,official_position,high_for_role_not_necessarily_claims,medium,Policy advocacy or official assessment does not itself establish an extraterrestrial explanation.,2026,,Biographical or case overview,https://en.wikipedia.org/wiki/Donald_Trump,secondary_reference,U.S. government UAP records collection,https://www.archives.gov/research/topics/uaps,primary_official,2,census+seed,uap_person_donald_trump,PER-056,merged (exact),2026-09-14,Dates may be year-only or month-only where day precision was not verified.,
UP-0030,Jimmy Carter,,1924-10-01,2024-12-29,deceased,government_official,government|policy|oversight,1_core,United States,1969–1977,1969,1977,1969-01-06: reported sighting|1973: NICAP report filed,White House|former U.S. president|Georgia,government official,1969 sighting report|campaign statements,institutional_or_policy,,Reported a 1969 aerial observation and later became a recurring reference point in presidential-UFO discourse.,Reported a 1969 aerial observation and later became a recurring reference point in presidential-UFO discourse.,official record|public statements,documented_official_role,,high_for_role_not_necessarily_claims,,Policy advocacy or official assessment does not itself establish an extraterrestrial explanation.,,,Biographical or case overview,https://en.wikipedia.org/wiki/Jimmy_Carter,secondary_reference,U.S. government UAP records collection,https://www.archives.gov/research/topics/uaps,primary_official,2,census,uap_person_jimmy_carter,,,2026-09-14,Dates may be year-only or month-only where day precision was not verified.,
UP-0031,John Ratcliffe,,1965-10-20,,,government_official,government|policy|oversight,1_core,United States,2021–present,2021,present,2021-03-19: Fox News UAP interview,CIA|Office of the Director of National Intelligence,government official,Public UAP interview,institutional_or_policy,,"As DNI, said some military sightings involved difficult-to-explain movements and sensor observations.","As DNI, said some military sightings involved difficult-to-explain movements and sensor observations.",official record|public statements,documented_official_role,,high_for_role_not_necessarily_claims,,Policy advocacy or official assessment does not itself establish an extraterrestrial explanation.,,,Biographical or case overview,https://en.wikipedia.org/wiki/John_Ratcliffe,secondary_reference,U.S. government UAP records collection,https://www.archives.gov/research/topics/uaps,primary_official,2,census,uap_person_john_ratcliffe,,,2026-09-14,Dates may be year-only or month-only where day precision was not verified.,
UP-0032,David Grusch,,,,active,whistleblower_or_official_witness,whistleblower|military|congressional witness,1_core,United States,2019–present,2019,present,2023-06-05: public allegations|2023-07-26: House testimony,U.S. Air Force|National Geospatial-Intelligence Agency|National Reconnaissance Office|UAP Task Force|NGA|Defense Intelligence Agency,whistleblower or official witness,2023 House testimony|NewsNation interview|Congressional testimony 2023|Debrief/NewsNation interviews,disclosure_advocacy_or_testimony,transparency_advocate,"Alleges, largely from interviews with insiders, that the U.S. has concealed crash-retrieval and reverse-engineering programs involving non-human material; says he provided classified details to inspectors general and Congress.","Alleges, largely from interviews with insiders, that the U.S. has concealed crash-retrieval and reverse-engineering programs involving non-human material; says he provided classified details to inspectors general and Congress.",sworn testimony|firsthand and/or secondhand account,firsthand_or_attributed_testimony,sworn_testimony|secondhand_allegation,moderate_contextual,high,"Testimony establishes what the witness stated, not independent verification of every underlying claim.",2023-06-05,POD-001|POD-002|POD-009,Official House hearing page,https://oversight.house.gov/hearing/unidentified-anomalous-phenomena-implications-on-national-security-public-safety-and-government-transparency/,primary_or_institutional,U.S. House UAP hearing archive,https://oversight.house.gov/hearing/unidentified-anomalous-phenomena-implications-on-national-security-public-safety-and-government-transparency/,primary_official,2,census+seed,uap_person_david_grusch,PER-001,merged (exact),2026-09-14,Biographical dates not confidently verified in this pass; see key_event_dates.,
UP-0033,Ryan Graves,,,,active,whistleblower_or_official_witness,whistleblower|military|congressional witness,1_core,United States,2014–present,2014,present,2014–2015: East Coast encounters|2023-07-26: House testimony,U.S. Navy|Americans for Safe Aerospace|AIAA UAPIOC|Merged Point,whistleblower or official witness,Merged podcast|2023 House testimony|2023-07-26 testimony,disclosure_advocacy_or_testimony,transparency_advocate,Reports repeated Navy encounters with unexplained objects and advocates aviation-safety reporting without stigma.,Reports repeated Navy encounters with unexplained objects and advocates aviation-safety reporting without stigma.,sworn testimony|firsthand and/or secondhand account,firsthand_or_attributed_testimony,sworn_testimony|firsthand_witness,moderate_contextual,high,"Testimony establishes what the witness stated, not independent verification of every underlying claim.",2019,POD-006|POD-002|POD-003,Official House hearing page,https://oversight.house.gov/hearing/unidentified-anomalous-phenomena-implications-on-national-security-public-safety-and-government-transparency/,primary_or_institutional,U.S. House UAP hearing archive,https://oversight.house.gov/hearing/unidentified-anomalous-phenomena-implications-on-national-security-public-safety-and-government-transparency/,primary_official,2,census+seed,uap_person_ryan_graves,PER-005,merged (exact),2026-09-14,Biographical dates not confidently verified in this pass; see key_event_dates.,
UP-0034,David Fravor,,1964,,active,whistleblower_or_official_witness,whistleblower|military|congressional witness,1_core,United States,2004–present,2004,present,2004-11-14: Nimitz encounter|2023-07-26: House testimony,U.S. Navy|USS Nimitz Carrier Strike Group|Black Aces Squadron (VFA-41),whistleblower or official witness,2004 Nimitz Tic Tac witness|2023 House testimony|2023-07-26 congressional testimony|Nimitz 2004 Tic Tac encounter,disclosure_advocacy_or_testimony,proponent_anomaly,Describes a close-range encounter with a white Tic Tac-shaped object exhibiting unusual apparent performance.,Describes a close-range encounter with a white Tic Tac-shaped object exhibiting unusual apparent performance.,sworn testimony|firsthand and/or secondhand account,firsthand_or_attributed_testimony,sworn_testimony|firsthand_witness,moderate_contextual,high,"Testimony establishes what the witness stated, not independent verification of every underlying claim.",2017-12-16,POD-056|POD-006|POD-002,Official House hearing page,https://oversight.house.gov/hearing/unidentified-anomalous-phenomena-implications-on-national-security-public-safety-and-government-transparency/,primary_or_institutional,U.S. House UAP hearing archive,https://oversight.house.gov/hearing/unidentified-anomalous-phenomena-implications-on-national-security-public-safety-and-government-transparency/,primary_official,2,census+seed,uap_person_david_fravor,PER-004,merged (exact),2026-09-14,Dates may be year-only or month-only where day precision was not verified.,
UP-0035,Timothy Gallaudet,Tim Gallaudet,1967-03-18,,active,whistleblower_or_official_witness,whistleblower|military|congressional witness,1_core,United States,2021–present,2021,present,2024-11-13: House testimony|2026-04-29: Disclosure Forum speaker,U.S. Navy|NOAA|Sol Foundation|Ocean STL Consulting,whistleblower or official witness,2024 House testimony|public talks|2024-11-13 congressional testimony|The Age of Disclosure,disclosure_advocacy_or_testimony,transparency_advocate,"Argues UAP pose aerospace and undersea safety questions and supports transparent, multidisciplinary investigation.","Argues UAP pose aerospace and undersea safety questions and supports transparent, multidisciplinary investigation.",sworn testimony|firsthand and/or secondhand account,firsthand_or_attributed_testimony,sworn_testimony|on_record_public,moderate_contextual,high,"Testimony establishes what the witness stated, not independent verification of every underlying claim.",2023,POD-002|POD-003,Official House hearing page,https://oversight.house.gov/hearing/unidentified-anomalous-phenomena-exposing-the-truth/,primary_or_institutional,U.S. House UAP hearing archive,https://oversight.house.gov/hearing/unidentified-anomalous-phenomena-implications-on-national-security-public-safety-and-government-transparency/,primary_official,2,census+seed,uap_person_timothy_gallaudet,PER-027,merged (fuzzy_override),2026-09-14,Dates may be year-only or month-only where day precision was not verified.,
UP-0036,Luis Elizondo,Lue Elizondo,1972,,active,whistleblower_or_official_witness,whistleblower|military|congressional witness,1_core,United States,2009–present,2009,present,2017-10: resigned and went public|2024-11-13: House testimony,U.S. Army|Office of the Under Secretary of Defense for Intelligence|AATIP|To The Stars Academy|Department of Defense (fmr),whistleblower or official witness,Imminent|2024 House testimony|media interviews|Imminent (2024)|congressional testimony 2024-11-13,disclosure_advocacy_or_testimony,transparency_advocate,Says he managed a Pentagon UAP effort and argues some cases display advanced capabilities; advocates disclosure and whistleblower protection.,Says he managed a Pentagon UAP effort and argues some cases display advanced capabilities; advocates disclosure and whistleblower protection.,sworn testimony|firsthand and/or secondhand account,firsthand_or_attributed_testimony,sworn_testimony|on_record_public,moderate_contextual,high,"Testimony establishes what the witness stated, not independent verification of every underlying claim.",2017-12-16,POD-002|POD-034|POD-056,Official House hearing page,https://oversight.house.gov/hearing/unidentified-anomalous-phenomena-exposing-the-truth/,primary_or_institutional,U.S. House UAP hearing archive,https://oversight.house.gov/hearing/unidentified-anomalous-phenomena-implications-on-national-security-public-safety-and-government-transparency/,primary_official,2,census+seed,uap_person_luis_elizondo,PER-002,merged (exact),2026-09-14,Dates may be year-only or month-only where day precision was not verified.,
UP-0037,Mike Gold,,,,,whistleblower_or_official_witness,whistleblower|military|congressional witness,1_core,United States,2022–present,2022,present,2022-10-21: NASA team named|2024-11-13: House testimony,NASA UAP Independent Study Team|Redwire|Bigelow Aerospace,whistleblower or official witness,2024 House testimony|NASA UAP report,disclosure_advocacy_or_testimony,,"Advocates NASA-grade, open scientific analysis and reducing stigma; does not claim current public evidence proves extraterrestrial origin.","Advocates NASA-grade, open scientific analysis and reducing stigma; does not claim current public evidence proves extraterrestrial origin.",sworn testimony|firsthand and/or secondhand account,firsthand_or_attributed_testimony,,moderate_contextual,,"Testimony establishes what the witness stated, not independent verification of every underlying claim.",,,Official House hearing page,https://oversight.house.gov/hearing/unidentified-anomalous-phenomena-exposing-the-truth/,primary_or_institutional,U.S. House UAP hearing archive,https://oversight.house.gov/hearing/unidentified-anomalous-phenomena-implications-on-national-security-public-safety-and-government-transparency/,primary_official,2,census,uap_person_mike_gold,,,2026-09-14,Biographical dates not confidently verified in this pass; see key_event_dates.,
UP-0038,Michael Shellenberger,,1971-06-16,,active,whistleblower_or_official_witness,whistleblower|military|congressional witness,1_core,United States,2023–present,2023,present,2024-11-13: House testimony,Public|Substack|Environmental Progress,whistleblower or official witness,2024 House testimony|investigative reporting|'Immaculate Constellation' report (2024)|2024-11-13 testimony,disclosure_advocacy_or_testimony,transparency_advocate,Published accounts of alleged classified UAP programs and argues for whistleblower protection and disclosure; many core allegations remain publicly unverified.,Published accounts of alleged classified UAP programs and argues for whistleblower protection and disclosure; many core allegations remain publicly unverified.,sworn testimony|firsthand and/or secondhand account,firsthand_or_attributed_testimony,on_record_public|secondhand_allegation,moderate_contextual,high,"Testimony establishes what the witness stated, not independent verification of every underlying claim.",2024-11,,Official House hearing page,https://oversight.house.gov/hearing/unidentified-anomalous-phenomena-exposing-the-truth/,primary_or_institutional,U.S. House UAP hearing archive,https://oversight.house.gov/hearing/unidentified-anomalous-phenomena-implications-on-national-security-public-safety-and-government-transparency/,primary_official,2,census+seed,uap_person_michael_shellenberger,PER-029,merged (exact),2026-09-14,Dates may be year-only or month-only where day precision was not verified.,
UP-0039,Jeffrey Nuccetelli,,,,active,whistleblower_or_official_witness,whistleblower|military|congressional witness,1_core,United States,2003–present,2003,present,2003: Vandenberg incident|2025-09-09: House testimony,U.S. Air Force|Vandenberg Air Force Base,whistleblower or official witness,"2025 House testimony|Testimony to House Oversight Task Force, 2025-09-09",disclosure_advocacy_or_testimony,transparency_advocate,Testified about an alleged 2003 incident involving a large red square near Vandenberg and about reporting barriers.,Testified about an alleged 2003 incident involving a large red square near Vandenberg and about reporting barriers.,sworn testimony|firsthand and/or secondhand account,firsthand_or_attributed_testimony,sworn_testimony|firsthand_witness,moderate_contextual,high,"Testimony establishes what the witness stated, not independent verification of every underlying claim.",2023,POD-001|POD-009,Official House hearing page,https://oversight.house.gov/hearing/restoring-public-trust-through-uap-transparency-and-whistleblower-protection/,primary_or_institutional,U.S. House UAP hearing archive,https://oversight.house.gov/hearing/unidentified-anomalous-phenomena-implications-on-national-security-public-safety-and-government-transparency/,primary_official,2,census+seed,uap_person_jeffrey_nuccetelli,PER-010,merged (exact),2026-09-14,Biographical dates not confidently verified in this pass; see key_event_dates.,
UP-0040,Alexandro Wiggins,,,,active,whistleblower_or_official_witness,whistleblower|military|congressional witness,1_core,United States,2023–present,2023,present,2023: reported naval incident|2025-09-09: House testimony,U.S. Navy,whistleblower or official witness,"2025 House testimony|Testimony to House Oversight Task Force, 2025-09-09",disclosure_advocacy_or_testimony,transparency_advocate,Testified about a naval encounter and video involving multiple unidentified objects emerging near the ocean.,Testified about a naval encounter and video involving multiple unidentified objects emerging near the ocean.,sworn testimony|firsthand and/or secondhand account,firsthand_or_attributed_testimony,sworn_testimony|firsthand_witness,moderate_contextual,high,"Testimony establishes what the witness stated, not independent verification of every underlying claim.",2025-09-09,,Official House hearing page,https://oversight.house.gov/hearing/restoring-public-trust-through-uap-transparency-and-whistleblower-protection/,primary_or_institutional,U.S. House UAP hearing archive,https://oversight.house.gov/hearing/unidentified-anomalous-phenomena-implications-on-national-security-public-safety-and-government-transparency/,primary_official,2,census+seed,uap_person_alexandro_wiggins,PER-011,merged (exact),2026-09-14,Biographical dates not confidently verified in this pass; see key_event_dates.,
UP-0041,Dylan Borland,,,,active,whistleblower_or_official_witness,whistleblower|military|congressional witness,1_core,United States,2012–present,2012,present,2012: alleged Langley-area sighting|2025-09-09: House testimony,U.S. Air Force|intelligence community|Special Access Program (alleged),whistleblower or official witness,"2025 House testimony|Written testimony to House Oversight Task Force, 2025-09-09",disclosure_advocacy_or_testimony,transparency_advocate,Described an alleged close-range triangular-craft sighting and retaliation concerns tied to protected disclosures.,Described an alleged close-range triangular-craft sighting and retaliation concerns tied to protected disclosures.,sworn testimony|firsthand and/or secondhand account,firsthand_or_attributed_testimony,sworn_testimony|firsthand_witness,moderate_contextual,high,"Testimony establishes what the witness stated, not independent verification of every underlying claim.",2023-03,,Official House hearing page,https://oversight.house.gov/hearing/restoring-public-trust-through-uap-transparency-and-whistleblower-protection/,primary_or_institutional,U.S. House UAP hearing archive,https://oversight.house.gov/hearing/unidentified-anomalous-phenomena-implications-on-national-security-public-safety-and-government-transparency/,primary_official,2,census+seed,uap_person_dylan_borland,PER-012,merged (exact),2026-09-14,Biographical dates not confidently verified in this pass; see key_event_dates.,
UP-0042,George Knapp,,1952-04-18,,active,whistleblower_or_official_witness,whistleblower|military|congressional witness,1_core,United States,1989–present,1989,present,1989: Bob Lazar broadcasts|2025-09-09: House testimony,KLAS-TV|Mystery Wire|Weaponized|KLAS-TV Las Vegas|Coast to Coast AM,whistleblower or official witness,2025 House testimony|investigative reporting|Bob Lazar reporting (1989)|Hunt for the Skinwalker|2025-09-09 congressional testimony,disclosure_advocacy_or_testimony,transparency_advocate,"Longtime UAP journalist who presented cases and argued that secrecy, ridicule, and poor record access obstruct accountability.","Longtime UAP journalist who presented cases and argued that secrecy, ridicule, and poor record access obstruct accountability.",sworn testimony|firsthand and/or secondhand account,firsthand_or_attributed_testimony,sworn_testimony|investigative_journalism,moderate_contextual,high,"Testimony establishes what the witness stated, not independent verification of every underlying claim.",1989-05,POD-001|POD-057,Official House hearing page,https://oversight.house.gov/hearing/restoring-public-trust-through-uap-transparency-and-whistleblower-protection/,primary_or_institutional,U.S. House UAP hearing archive,https://oversight.house.gov/hearing/unidentified-anomalous-phenomena-implications-on-national-security-public-safety-and-government-transparency/,primary_official,2,census+seed,uap_person_george_knapp,PER-060,merged (exact),2026-09-14,Dates may be year-only or month-only where day precision was not verified.,
UP-0043,Joe Spielberger,,,,,whistleblower_or_official_witness,whistleblower|military|congressional witness,1_core,United States,2025–present,2025,present,2025-09-09: House testimony,Project On Government Oversight,whistleblower or official witness,2025 House testimony,disclosure_advocacy_or_testimony,,"Focused on legal safeguards, due process, and institutional protections for UAP-related whistleblowers.","Focused on legal safeguards, due process, and institutional protections for UAP-related whistleblowers.",sworn testimony|firsthand and/or secondhand account,firsthand_or_attributed_testimony,,moderate_contextual,,"Testimony establishes what the witness stated, not independent verification of every underlying claim.",,,Official House hearing page,https://oversight.house.gov/hearing/restoring-public-trust-through-uap-transparency-and-whistleblower-protection/,primary_or_institutional,U.S. House UAP hearing archive,https://oversight.house.gov/hearing/unidentified-anomalous-phenomena-implications-on-national-security-public-safety-and-government-transparency/,primary_official,2,census,uap_person_joe_spielberger,,,2026-09-14,Biographical dates not confidently verified in this pass; see key_event_dates.,
UP-0044,David Spergel,,1961-03-25,,active,scientist_or_technical_expert,science|NASA|independent study team,2_major,United States,2022–present,2022,present,2022-10-21: team announced|2023-09-14: report released,Simons Foundation|Princeton University|NASA UAP Independent Study Team,scientist or technical expert,NASA UAP report|NASA UAP independent study report (2023-09-14),scientific_agnostic,agnostic_scientific,"Chaired NASA’s independent team; advocates better calibrated data, metadata, and rigorous scientific analysis.","Chaired NASA’s independent team; advocates better calibrated data, metadata, and rigorous scientific analysis.",scientific review|institutional report,institutional_scientific_assessment,official_advisory|scientific_analysis,high_for_role_not_necessarily_claims,high,NASA’s team reported insufficient high-quality data for definitive scientific conclusions and did not find evidence of extraterrestrial origin.,2022-10,,NASA team announcement,https://www.nasa.gov/general/nasa-announces-unidentified-aerial-phenomena-study-team-members/,primary_or_institutional,NASA UAP Independent Study Team report,https://science.nasa.gov/wp-content/uploads/2023/09/uap-independent-study-team-final-report.pdf,primary_official,2,census+seed,uap_person_david_spergel,PER-103,merged (exact),2026-09-14,Dates may be year-only or month-only where day precision was not verified.,
UP-0045,Anamaria Berea,,,,,scientist_or_technical_expert,science|NASA|independent study team,2_major,United States,2022–2023,2022,2023,2022-10-21|2023-09-14,George Mason University|SETI Institute|NASA UAP team,scientist or technical expert,NASA UAP report,scientific_agnostic,,"Contributed astrobiology, social-science, and data-analysis expertise to NASA’s UAP study.","Contributed astrobiology, social-science, and data-analysis expertise to NASA’s UAP study.",scientific review|institutional report,institutional_scientific_assessment,,high_for_role_not_necessarily_claims,,NASA’s team reported insufficient high-quality data for definitive scientific conclusions and did not find evidence of extraterrestrial origin.,,,NASA team announcement,https://www.nasa.gov/general/nasa-announces-unidentified-aerial-phenomena-study-team-members/,primary_or_institutional,NASA UAP Independent Study Team report,https://science.nasa.gov/wp-content/uploads/2023/09/uap-independent-study-team-final-report.pdf,primary_official,2,census,uap_person_anamaria_berea,,,2026-09-14,Biographical dates not confidently verified in this pass; see key_event_dates.,
UP-0046,Federica Bianco,,,,,scientist_or_technical_expert,science|NASA|independent study team,2_major,United States,2022–2023,2022,2023,2022-10-21|2023-09-14,University of Delaware|Vera C. Rubin Observatory|NASA UAP team,scientist or technical expert,NASA UAP report,scientific_agnostic,,Brought time-domain astronomy and data-science expertise to the independent study.,Brought time-domain astronomy and data-science expertise to the independent study.,scientific review|institutional report,institutional_scientific_assessment,,high_for_role_not_necessarily_claims,,NASA’s team reported insufficient high-quality data for definitive scientific conclusions and did not find evidence of extraterrestrial origin.,,,NASA team announcement,https://www.nasa.gov/general/nasa-announces-unidentified-aerial-phenomena-study-team-members/,primary_or_institutional,NASA UAP Independent Study Team report,https://science.nasa.gov/wp-content/uploads/2023/09/uap-independent-study-team-final-report.pdf,primary_official,2,census,uap_person_federica_bianco,,,2026-09-14,Biographical dates not confidently verified in this pass; see key_event_dates.,
UP-0047,Paula Bontempi,,,,,scientist_or_technical_expert,science|NASA|independent study team,2_major,United States,2022–2023,2022,2023,2022-10-21|2023-09-14,University of Rhode Island|NASA|NASA UAP team,scientist or technical expert,NASA UAP report,scientific_agnostic,,Contributed oceanography and Earth-science program leadership.,Contributed oceanography and Earth-science program leadership.,scientific review|institutional report,institutional_scientific_assessment,,high_for_role_not_necessarily_claims,,NASA’s team reported insufficient high-quality data for definitive scientific conclusions and did not find evidence of extraterrestrial origin.,,,NASA team announcement,https://www.nasa.gov/general/nasa-announces-unidentified-aerial-phenomena-study-team-members/,primary_or_institutional,NASA UAP Independent Study Team report,https://science.nasa.gov/wp-content/uploads/2023/09/uap-independent-study-team-final-report.pdf,primary_official,2,census,uap_person_paula_bontempi,,,2026-09-14,Biographical dates not confidently verified in this pass; see key_event_dates.,
UP-0048,Reggie Brothers,,,,,scientist_or_technical_expert,science|NASA|independent study team,2_major,United States,2022–2023,2022,2023,2022-10-21|2023-09-14,MIT Lincoln Laboratory|U.S. Department of Homeland Security|NASA UAP team,scientist or technical expert,NASA UAP report,scientific_agnostic,,Contributed national-security technology and sensing expertise.,Contributed national-security technology and sensing expertise.,scientific review|institutional report,institutional_scientific_assessment,,high_for_role_not_necessarily_claims,,NASA’s team reported insufficient high-quality data for definitive scientific conclusions and did not find evidence of extraterrestrial origin.,,,NASA team announcement,https://www.nasa.gov/general/nasa-announces-unidentified-aerial-phenomena-study-team-members/,primary_or_institutional,NASA UAP Independent Study Team report,https://science.nasa.gov/wp-content/uploads/2023/09/uap-independent-study-team-final-report.pdf,primary_official,2,census,uap_person_reggie_brothers,,,2026-09-14,Biographical dates not confidently verified in this pass; see key_event_dates.,
UP-0049,Jennifer Buss,Jen Buss,,,,scientist_or_technical_expert,science|NASA|independent study team,2_major,United States,2022–2023,2022,2023,2022-10-21|2023-09-14,Potomac Institute for Policy Studies|NASA UAP team,scientist or technical expert,NASA UAP report,scientific_agnostic,,Contributed science-and-technology policy and organizational analysis.,Contributed science-and-technology policy and organizational analysis.,scientific review|institutional report,institutional_scientific_assessment,,high_for_role_not_necessarily_claims,,NASA’s team reported insufficient high-quality data for definitive scientific conclusions and did not find evidence of extraterrestrial origin.,,,NASA team announcement,https://www.nasa.gov/general/nasa-announces-unidentified-aerial-phenomena-study-team-members/,primary_or_institutional,NASA UAP Independent Study Team report,https://science.nasa.gov/wp-content/uploads/2023/09/uap-independent-study-team-final-report.pdf,primary_official,2,census,uap_person_jennifer_buss,,,2026-09-14,Biographical dates not confidently verified in this pass; see key_event_dates.,
UP-0050,Nadia Drake,,,,,scientist_or_technical_expert,science|NASA|independent study team,2_major,United States,2022–2023,2022,2023,2022-10-21|2023-09-14,Science journalist|NASA UAP team,scientist or technical expert,NASA UAP report|science writing,scientific_agnostic,,Contributed science-communication and astronomy-reporting expertise.,Contributed science-communication and astronomy-reporting expertise.,scientific review|institutional report,institutional_scientific_assessment,,high_for_role_not_necessarily_claims,,NASA’s team reported insufficient high-quality data for definitive scientific conclusions and did not find evidence of extraterrestrial origin.,,,NASA team announcement,https://www.nasa.gov/general/nasa-announces-unidentified-aerial-phenomena-study-team-members/,primary_or_institutional,NASA UAP Independent Study Team report,https://science.nasa.gov/wp-content/uploads/2023/09/uap-independent-study-team-final-report.pdf,primary_official,2,census,uap_person_nadia_drake,,,2026-09-14,Biographical dates not confidently verified in this pass; see key_event_dates.,
UP-0051,David Grinspoon,,1959,,,scientist_or_technical_expert,science|NASA|independent study team,2_major,United States,2022–present,2022,present,2022-10-21|2023-09-14,Planetary Science Institute|NASA UAP team,scientist or technical expert,NASA UAP report|astrobiology publications,scientific_agnostic,,Contributed planetary science and astrobiology expertise.,Contributed planetary science and astrobiology expertise.,scientific review|institutional report,institutional_scientific_assessment,,high_for_role_not_necessarily_claims,,NASA’s team reported insufficient high-quality data for definitive scientific conclusions and did not find evidence of extraterrestrial origin.,,,NASA team announcement,https://www.nasa.gov/general/nasa-announces-unidentified-aerial-phenomena-study-team-members/,primary_or_institutional,NASA UAP Independent Study Team report,https://science.nasa.gov/wp-content/uploads/2023/09/uap-independent-study-team-final-report.pdf,primary_official,2,census,uap_person_david_grinspoon,,,2026-09-14,Dates may be year-only or month-only where day precision was not verified.,
UP-0052,Scott Kelly,,1964-02-21,,,scientist_or_technical_expert,science|NASA|independent study team,2_major,United States,2022–present,2022,present,2022-10-21|2023-09-14,NASA|U.S. Navy|NASA UAP team,scientist or technical expert,NASA UAP report|astronaut memoirs,scientific_agnostic,,Contributed aviation and human-spaceflight operational perspective.,Contributed aviation and human-spaceflight operational perspective.,scientific review|institutional report,institutional_scientific_assessment,,high_for_role_not_necessarily_claims,,NASA’s team reported insufficient high-quality data for definitive scientific conclusions and did not find evidence of extraterrestrial origin.,,,NASA team announcement,https://www.nasa.gov/general/nasa-announces-unidentified-aerial-phenomena-study-team-members/,primary_or_institutional,NASA UAP Independent Study Team report,https://science.nasa.gov/wp-content/uploads/2023/09/uap-independent-study-team-final-report.pdf,primary_official,2,census,uap_person_scott_kelly,,,2026-09-14,Dates may be year-only or month-only where day precision was not verified.,
UP-0053,Matt Mountain,,,,,scientist_or_technical_expert,science|NASA|independent study team,2_major,United States,2022–2023,2022,2023,2022-10-21|2023-09-14,Association of Universities for Research in Astronomy|NASA UAP team,scientist or technical expert,NASA UAP report,scientific_agnostic,,"Contributed observatory, instrumentation, and astronomy leadership.","Contributed observatory, instrumentation, and astronomy leadership.",scientific review|institutional report,institutional_scientific_assessment,,high_for_role_not_necessarily_claims,,NASA’s team reported insufficient high-quality data for definitive scientific conclusions and did not find evidence of extraterrestrial origin.,,,NASA team announcement,https://www.nasa.gov/general/nasa-announces-unidentified-aerial-phenomena-study-team-members/,primary_or_institutional,NASA UAP Independent Study Team report,https://science.nasa.gov/wp-content/uploads/2023/09/uap-independent-study-team-final-report.pdf,primary_official,2,census,uap_person_matt_mountain,,,2026-09-14,Biographical dates not confidently verified in this pass; see key_event_dates.,
UP-0054,Warren Randolph,,,,,scientist_or_technical_expert,science|NASA|independent study team,2_major,United States,2022–2023,2022,2023,2022-10-21|2023-09-14,Federal Aviation Administration|NASA UAP team,scientist or technical expert,NASA UAP report,scientific_agnostic,,Contributed aviation-safety and air-traffic data expertise.,Contributed aviation-safety and air-traffic data expertise.,scientific review|institutional report,institutional_scientific_assessment,,high_for_role_not_necessarily_claims,,NASA’s team reported insufficient high-quality data for definitive scientific conclusions and did not find evidence of extraterrestrial origin.,,,NASA team announcement,https://www.nasa.gov/general/nasa-announces-unidentified-aerial-phenomena-study-team-members/,primary_or_institutional,NASA UAP Independent Study Team report,https://science.nasa.gov/wp-content/uploads/2023/09/uap-independent-study-team-final-report.pdf,primary_official,2,census,uap_person_warren_randolph,,,2026-09-14,Biographical dates not confidently verified in this pass; see key_event_dates.,
UP-0055,Walter Scott,,,,,scientist_or_technical_expert,science|NASA|independent study team,2_major,United States,2022–2023,2022,2023,2022-10-21|2023-09-14,Maxar Technologies|NASA UAP team,scientist or technical expert,NASA UAP report,scientific_agnostic,,Contributed commercial Earth-imaging and remote-sensing expertise.,Contributed commercial Earth-imaging and remote-sensing expertise.,scientific review|institutional report,institutional_scientific_assessment,,high_for_role_not_necessarily_claims,,NASA’s team reported insufficient high-quality data for definitive scientific conclusions and did not find evidence of extraterrestrial origin.,,,NASA team announcement,https://www.nasa.gov/general/nasa-announces-unidentified-aerial-phenomena-study-team-members/,primary_or_institutional,NASA UAP Independent Study Team report,https://science.nasa.gov/wp-content/uploads/2023/09/uap-independent-study-team-final-report.pdf,primary_official,2,census,uap_person_walter_scott,,,2026-09-14,Biographical dates not confidently verified in this pass; see key_event_dates.,
UP-0056,Joshua Semeter,,,,,scientist_or_technical_expert,science|NASA|independent study team,2_major,United States,2022–2023,2022,2023,2022-10-21|2023-09-14,Boston University|NASA UAP team,scientist or technical expert,NASA UAP report,scientific_agnostic,,Contributed space-physics and remote-sensing expertise; stresses that unusual observations require adequate data before extraordinary conclusions.,Contributed space-physics and remote-sensing expertise; stresses that unusual observations require adequate data before extraordinary conclusions.,scientific review|institutional report,institutional_scientific_assessment,,high_for_role_not_necessarily_claims,,NASA’s team reported insufficient high-quality data for definitive scientific conclusions and did not find evidence of extraterrestrial origin.,,,NASA team announcement,https://www.nasa.gov/general/nasa-announces-unidentified-aerial-phenomena-study-team-members/,primary_or_institutional,NASA UAP Independent Study Team report,https://science.nasa.gov/wp-content/uploads/2023/09/uap-independent-study-team-final-report.pdf,primary_official,2,census,uap_person_joshua_semeter,,,2026-09-14,Biographical dates not confidently verified in this pass; see key_event_dates.,
UP-0057,Karlin Toner,,,,,scientist_or_technical_expert,science|NASA|independent study team,2_major,United States,2022–2023,2022,2023,2022-10-21|2023-09-14,Federal Aviation Administration|NASA UAP team,scientist or technical expert,NASA UAP report,scientific_agnostic,,"Contributed aviation research, policy, and operations expertise.","Contributed aviation research, policy, and operations expertise.",scientific review|institutional report,institutional_scientific_assessment,,high_for_role_not_necessarily_claims,,NASA’s team reported insufficient high-quality data for definitive scientific conclusions and did not find evidence of extraterrestrial origin.,,,NASA team announcement,https://www.nasa.gov/general/nasa-announces-unidentified-aerial-phenomena-study-team-members/,primary_or_institutional,NASA UAP Independent Study Team report,https://science.nasa.gov/wp-content/uploads/2023/09/uap-independent-study-team-final-report.pdf,primary_official,2,census,uap_person_karlin_toner,,,2026-09-14,Biographical dates not confidently verified in this pass; see key_event_dates.,
UP-0058,Shelley Wright,,,,,scientist_or_technical_expert,science|NASA|independent study team,2_major,United States,2022–2023,2022,2023,2022-10-21|2023-09-14,University of California San Diego|NASA UAP team,scientist or technical expert,NASA UAP report|SETI instrumentation research,scientific_agnostic,,"Contributed astrophysics, instrumentation, and SETI expertise.","Contributed astrophysics, instrumentation, and SETI expertise.",scientific review|institutional report,institutional_scientific_assessment,,high_for_role_not_necessarily_claims,,NASA’s team reported insufficient high-quality data for definitive scientific conclusions and did not find evidence of extraterrestrial origin.,,,NASA team announcement,https://www.nasa.gov/general/nasa-announces-unidentified-aerial-phenomena-study-team-members/,primary_or_institutional,NASA UAP Independent Study Team report,https://science.nasa.gov/wp-content/uploads/2023/09/uap-independent-study-team-final-report.pdf,primary_official,2,census,uap_person_shelley_wright,,,2026-09-14,Biographical dates not confidently verified in this pass; see key_event_dates.,
UP-0059,Avi Loeb,Abraham Loeb,1962-02-26,,active,scientist_or_technical_expert,science|academic|instrumentation|UAP research,1_core,International,2017–present,2017,present,2021-07: Galileo Project launched|2026-04-29: Disclosure Forum speaker,Harvard University|Galileo Project|Sol Foundation advisory board|UAP Science Advisory Council (ODNI),scientist or technical expert,Extraterrestrial|Interstellar|Galileo Project papers|Extraterrestrial (2021)|Interstellar (2023),scientific_open_inquiry,agnostic_scientific,"Argues anomalous objects should be studied with open, calibrated instruments and has advanced extraterrestrial hypotheses for some interstellar or UAP observations.","Argues anomalous objects should be studied with open, calibrated instruments and has advanced extraterrestrial hypotheses for some interstellar or UAP observations.",peer-reviewed or technical publications|instrumented observation|expert analysis,analytical_interpretation,scientific_analysis|official_advisory,moderate_contextual,high,Researchers differ sharply on hypotheses; publication or credentials do not validate all public claims.,2021-01,POD-003|POD-021|POD-060,Galileo Project organization page,https://galileo.hsites.harvard.edu/organization,primary_or_institutional,The New Science of Unidentified Aerospace-Undersea Phenomena,https://arxiv.org/abs/2502.06794,scholarly_preprint,2,census+seed,uap_person_avi_loeb,PER-021,merged (exact),2026-09-14,Dates may be year-only or month-only where day precision was not verified.,
UP-0060,Garry P. Nolan,,1961,,active,scientist_or_technical_expert,science|academic|instrumentation|UAP research,1_core,International,2012–present,2012,present,2022: public UAP research prominence|2023: Sol Foundation established,Stanford University|Sol Foundation,scientist or technical expert,UAP materials and health-effects research|Sol Foundation symposia|Peer-reviewed work|Sol Foundation conferences|The Age of Disclosure,scientific_open_inquiry,agnostic_scientific,Advocates rigorous biomedical and materials analysis and states that some UAP cases merit serious scientific attention.,Advocates rigorous biomedical and materials analysis and states that some UAP cases merit serious scientific attention.,peer-reviewed or technical publications|instrumented observation|expert analysis,analytical_interpretation,on_record_public|scientific_analysis,moderate_contextual,high,Researchers differ sharply on hypotheses; publication or credentials do not validate all public claims.,2017,POD-005|POD-060|POD-001,Sol Foundation people page,https://thesolfoundation.org/people/,primary_or_institutional,The New Science of Unidentified Aerospace-Undersea Phenomena,https://arxiv.org/abs/2502.06794,scholarly_preprint,2,census+seed,uap_person_garry_p_nolan,PER-020,merged (exact),2026-09-14,Dates may be year-only or month-only where day precision was not verified.,
UP-0061,Peter Skafish,,,,active,scientist_or_technical_expert,science|academic|instrumentation|UAP research,1_core,International,2018–present,2018,present,2023: Sol Foundation established,Sol Foundation|former To The Stars Academy|The Sol Foundation,scientist or technical expert,Sol Foundation symposia|UAP social-science work|Sol Foundation conferences and policy papers,scientific_open_inquiry,agnostic_scientific,"Frames UAP as a multidisciplinary scientific, institutional, and social research problem.","Frames UAP as a multidisciplinary scientific, institutional, and social research problem.",peer-reviewed or technical publications|instrumented observation|expert analysis,analytical_interpretation,academic_analysis,moderate_contextual,medium,Researchers differ sharply on hypotheses; publication or credentials do not validate all public claims.,2023-11,,Sol Foundation people page,https://thesolfoundation.org/people/,primary_or_institutional,The New Science of Unidentified Aerospace-Undersea Phenomena,https://arxiv.org/abs/2502.06794,scholarly_preprint,2,census+seed,uap_person_peter_skafish,PER-105,merged (exact),2026-09-14,Biographical dates not confidently verified in this pass; see key_event_dates.,
UP-0062,Aneil Mallavarapu,,,,,scientist_or_technical_expert,science|academic|instrumentation|UAP research,1_core,International,2023–present,2023,present,2023: Sol Foundation established,Stanford University|Sol Foundation,scientist or technical expert,Sol Foundation board and symposia,scientific_open_inquiry,,Supports academic infrastructure and data-oriented research on UAP.,Supports academic infrastructure and data-oriented research on UAP.,peer-reviewed or technical publications|instrumented observation|expert analysis,analytical_interpretation,,moderate_contextual,,Researchers differ sharply on hypotheses; publication or credentials do not validate all public claims.,,,Sol Foundation people page,https://thesolfoundation.org/people/,primary_or_institutional,The New Science of Unidentified Aerospace-Undersea Phenomena,https://arxiv.org/abs/2502.06794,scholarly_preprint,2,census,uap_person_aneil_mallavarapu,,,2026-09-14,Biographical dates not confidently verified in this pass; see key_event_dates.,
UP-0063,Kevin H. Knuth,,1963,,active,scientist_or_technical_expert,science|academic|instrumentation|UAP research,1_core,International,2018–present,2018,present,2018: SCU Nimitz paper|2021: UAPx expedition,University at Albany|UAPx|SCU,scientist or technical expert,Peer-reviewed UAP papers|UAPx field studies|Peer-reviewed estimates of UAP kinematics,scientific_open_inquiry,agnostic_scientific,"Applies physics, Bayesian methods, and field instrumentation to UAP; argues some reported performance deserves quantitative study.","Applies physics, Bayesian methods, and field instrumentation to UAP; argues some reported performance deserves quantitative study.",peer-reviewed or technical publications|instrumented observation|expert analysis,analytical_interpretation,scientific_analysis,moderate_contextual,high,Researchers differ sharply on hypotheses; publication or credentials do not validate all public claims.,2019,,University at Albany research announcement,https://www.albany.edu/news-center/news/2025-ualbany-receives-major-gift-advance-scientific-investigation,primary_or_institutional,The New Science of Unidentified Aerospace-Undersea Phenomena,https://arxiv.org/abs/2502.06794,scholarly_preprint,2,census+seed,uap_person_kevin_h_knuth,PER-100,merged (exact),2026-09-14,Dates may be year-only or month-only where day precision was not verified.,
UP-0064,Matthew Szydagis,,1981,,active,scientist_or_technical_expert,science|academic|instrumentation|UAP research,1_core,International,2021–present,2021,present,2021: UAPx expedition|2025: UAlbany UAP research gift,University at Albany|UAPx,scientist or technical expert,UAPx sensor work|peer-reviewed UAP paper|UAPx field expedition data papers,scientific_open_inquiry,agnostic_scientific,Develops and evaluates multi-sensor methods for collecting higher-quality UAP data.,Develops and evaluates multi-sensor methods for collecting higher-quality UAP data.,peer-reviewed or technical publications|instrumented observation|expert analysis,analytical_interpretation,scientific_analysis,moderate_contextual,medium,Researchers differ sharply on hypotheses; publication or credentials do not validate all public claims.,2021,,University at Albany research announcement,https://www.albany.edu/news-center/news/2025-ualbany-receives-major-gift-advance-scientific-investigation,primary_or_institutional,The New Science of Unidentified Aerospace-Undersea Phenomena,https://arxiv.org/abs/2502.06794,scholarly_preprint,2,census+seed,uap_person_matthew_szydagis,PER-101,merged (exact),2026-09-14,Dates may be year-only or month-only where day precision was not verified.,
UP-0065,Beatriz Villarroel,,1984,,active,scientist_or_technical_expert,science|academic|instrumentation|UAP research,1_core,International,2016–present,2016,present,2016: VASCO project|2021: Galileo affiliation,Nordic Institute for Theoretical Physics|VASCO|Galileo Project|VASCO project,scientist or technical expert,Vanishing & Appearing Sources during a Century of Observations|VASCO (Vanishing and Appearing Sources during a Century of Observations),scientific_open_inquiry,agnostic_scientific,Studies transient and disappearing astronomical sources and explores whether archival anomalies justify technosignature follow-up.,Studies transient and disappearing astronomical sources and explores whether archival anomalies justify technosignature follow-up.,peer-reviewed or technical publications|instrumented observation|expert analysis,analytical_interpretation,scientific_analysis,moderate_contextual,high,Researchers differ sharply on hypotheses; publication or credentials do not validate all public claims.,2019,,Biographical or case overview,https://en.wikipedia.org/wiki/Beatriz_Villarroel,secondary_reference,The New Science of Unidentified Aerospace-Undersea Phenomena,https://arxiv.org/abs/2502.06794,scholarly_preprint,2,census+seed,uap_person_beatriz_villarroel,PER-102,merged (exact),2026-09-14,Dates may be year-only or month-only where day precision was not verified.,
UP-0066,Hakan Kayal,,1965,,,scientist_or_technical_expert,science|academic|instrumentation|UAP research,1_core,International,2008–present,2008,present,2021: IFEX/UAP research program|2023: Würzburg UAP workshop,University of Würzburg|IFEX,scientist or technical expert,SkyCAM and UAP workshop programs,scientific_open_inquiry,,Develops autonomous optical sky-monitoring systems and promotes instrumented UAP research.,Develops autonomous optical sky-monitoring systems and promotes instrumented UAP research.,peer-reviewed or technical publications|instrumented observation|expert analysis,analytical_interpretation,,moderate_contextual,,Researchers differ sharply on hypotheses; publication or credentials do not validate all public claims.,,,University of Würzburg IFEX workshop page,https://www.uni-wuerzburg.de/en/ifex/events/ifex-uap-workshop-2023/,primary_or_institutional,The New Science of Unidentified Aerospace-Undersea Phenomena,https://arxiv.org/abs/2502.06794,scholarly_preprint,2,census,uap_person_hakan_kayal,,,2026-09-14,Dates may be year-only or month-only where day precision was not verified.,
UP-0067,Erling Strand,,1955,,active,scientist_or_technical_expert,science|academic|instrumentation|UAP research,1_core,International,1983–present,1983,present,1983: Project Hessdalen began,Østfold University College|Project Hessdalen|Ostfold University College,scientist or technical expert,Project Hessdalen field research|Project Hessdalen (1983-),scientific_open_inquiry,agnostic_scientific,Leads long-running instrumented study of luminous phenomena in Norway’s Hessdalen valley.,Leads long-running instrumented study of luminous phenomena in Norway’s Hessdalen valley.,peer-reviewed or technical publications|instrumented observation|expert analysis,analytical_interpretation,scientific_analysis,moderate_contextual,medium,Researchers differ sharply on hypotheses; publication or credentials do not validate all public claims.,1984,,Project Hessdalen official site,https://www.hessdalen.org/,primary_or_institutional,The New Science of Unidentified Aerospace-Undersea Phenomena,https://arxiv.org/abs/2502.06794,scholarly_preprint,2,census+seed,uap_person_erling_strand,PER-149,merged (exact),2026-09-14,Dates may be year-only or month-only where day precision was not verified.,
UP-0068,Massimo Teodorani,,1956,,active,scientist_or_technical_expert,science|academic|instrumentation|UAP research,1_core,International,1994–present,1994,present,2000s: Hessdalen field studies,Astrophysicist|Project Hessdalen collaborator,scientist or technical expert,Instrumented studies of anomalous luminous phenomena|Peer-reviewed Hessdalen light analyses,scientific_open_inquiry,agnostic_scientific,Studies atmospheric-light anomalies and cautions that heterogeneous phenomena may have different causes.,Studies atmospheric-light anomalies and cautions that heterogeneous phenomena may have different causes.,peer-reviewed or technical publications|instrumented observation|expert analysis,analytical_interpretation,scientific_analysis,moderate_contextual,medium,Researchers differ sharply on hypotheses; publication or credentials do not validate all public claims.,2004,,Biographical or case overview,https://en.wikipedia.org/wiki/Massimo_Teodorani,secondary_reference,The New Science of Unidentified Aerospace-Undersea Phenomena,https://arxiv.org/abs/2502.06794,scholarly_preprint,2,census+seed,uap_person_massimo_teodorani,PER-148,merged (exact),2026-09-14,Dates may be year-only or month-only where day precision was not verified.,
UP-0069,Robert Powell,,,,active,scientist_or_technical_expert,science|academic|instrumentation|UAP research,1_core,International,2007–present,2007,present,2007: MUFON research role|2018: Nimitz report,Scientific Coalition for UAP Studies|former MUFON research director|MUFON (fmr),scientist or technical expert,SCU Nimitz and Aguadilla analyses|UAP books|UAP: Unidentified Aerial Phenomena - A Scientific Approach|Aguadilla case analysis,scientific_open_inquiry,agnostic_scientific,Produces case analyses and argues that a residual set of reports remains unexplained after conventional hypotheses are tested.,Produces case analyses and argues that a residual set of reports remains unexplained after conventional hypotheses are tested.,peer-reviewed or technical publications|instrumented observation|expert analysis,analytical_interpretation,scientific_analysis,moderate_contextual,high,Researchers differ sharply on hypotheses; publication or credentials do not validate all public claims.,2017,,SCU leadership page,https://www.explorescu.org/membership-partners,primary_or_institutional,The New Science of Unidentified Aerospace-Undersea Phenomena,https://arxiv.org/abs/2502.06794,scholarly_preprint,2,census+seed,uap_person_robert_powell,PER-099,merged (exact),2026-09-14,Biographical dates not confidently verified in this pass; see key_event_dates.,
UP-0070,Richard Hoffman,,,,,scientist_or_technical_expert,science|academic|instrumentation|UAP research,1_core,International,2017–present,2017,present,2017: SCU co-founder,Scientific Coalition for UAP Studies|U.S. Army Materiel Command,scientist or technical expert,SCU leadership and technical papers,scientific_open_inquiry,,Promotes standardized data collection and technical analysis of military and civilian UAP reports.,Promotes standardized data collection and technical analysis of military and civilian UAP reports.,peer-reviewed or technical publications|instrumented observation|expert analysis,analytical_interpretation,,moderate_contextual,,Researchers differ sharply on hypotheses; publication or credentials do not validate all public claims.,,,Biographical or case overview,https://en.wikipedia.org/wiki/Richard_Hoffman,secondary_reference,The New Science of Unidentified Aerospace-Undersea Phenomena,https://arxiv.org/abs/2502.06794,scholarly_preprint,2,census,uap_person_richard_hoffman,,,2026-09-14,Biographical dates not confidently verified in this pass; see key_event_dates.,
UP-0071,Richard F. Haines,,1937-05-29,,active,scientist_or_technical_expert,science|academic|instrumentation|UAP research,1_core,International,1970–present,1970,present,1970s: NASA/UFO work|1999: NARCAP co-founded,NASA Ames|NARCAP,scientist or technical expert,Aviation Safety in America|pilot-case catalogues|Aviation Safety in America (NARCAP reports),scientific_open_inquiry,agnostic_scientific,"Pioneered human-factors and aviation-safety analysis of pilot UAP reports, emphasizing flight hazards over origin claims.","Pioneered human-factors and aviation-safety analysis of pilot UAP reports, emphasizing flight hazards over origin claims.",peer-reviewed or technical publications|instrumented observation|expert analysis,analytical_interpretation,scientific_analysis,moderate_contextual,medium,Researchers differ sharply on hypotheses; publication or credentials do not validate all public claims.,1980,,NARCAP official site,https://www.narcap.org/,primary_or_institutional,The New Science of Unidentified Aerospace-Undersea Phenomena,https://arxiv.org/abs/2502.06794,scholarly_preprint,2,census+seed,uap_person_richard_f_haines,PER-147,merged (exact),2026-09-14,Dates may be year-only or month-only where day precision was not verified.,
UP-0072,Ted Roe,,,,,scientist_or_technical_expert,science|academic|instrumentation|UAP research,1_core,International,1999–present,1999,present,1999: NARCAP co-founded,NARCAP,scientist or technical expert,NARCAP technical reports,scientific_open_inquiry,,"Co-founded NARCAP and advocates confidential, safety-focused collection of aviation anomaly reports.","Co-founded NARCAP and advocates confidential, safety-focused collection of aviation anomaly reports.",peer-reviewed or technical publications|instrumented observation|expert analysis,analytical_interpretation,,moderate_contextual,,Researchers differ sharply on hypotheses; publication or credentials do not validate all public claims.,,,NARCAP official site,https://www.narcap.org/,primary_or_institutional,The New Science of Unidentified Aerospace-Undersea Phenomena,https://arxiv.org/abs/2502.06794,scholarly_preprint,2,census,uap_person_ted_roe,,,2026-09-14,Biographical dates not confidently verified in this pass; see key_event_dates.,
UP-0073,Mark Rodeghier,,1946,,active,scientist_or_technical_expert,science|academic|instrumentation|UAP research,1_core,International,1970–present,1970,present,1986: CUFOS scientific director,Center for UFO Studies|Society for Scientific Exploration,scientist or technical expert,UFO Reports Involving Vehicle Interference|Case catalogues and statistical analyses,scientific_open_inquiry,agnostic_scientific,Uses statistical and archival methods to study case patterns; long-time scientific-ufology organizer.,Uses statistical and archival methods to study case patterns; long-time scientific-ufology organizer.,peer-reviewed or technical publications|instrumented observation|expert analysis,analytical_interpretation,research,moderate_contextual,medium,Researchers differ sharply on hypotheses; publication or credentials do not validate all public claims.,1986,,Biographical or case overview,https://en.wikipedia.org/wiki/Mark_Rodeghier,secondary_reference,The New Science of Unidentified Aerospace-Undersea Phenomena,https://arxiv.org/abs/2502.06794,scholarly_preprint,2,census+seed,uap_person_mark_rodeghier,PER-146,merged (exact),2026-09-14,Dates may be year-only or month-only where day precision was not verified.,
UP-0074,Michael D. Swords,,1940-12-06,,,scientist_or_technical_expert,science|academic|instrumentation|UAP research,1_core,International,1970–present,1970,present,1970s: CUFOS work|2012: UFOs and Government,Western Michigan University|Center for UFO Studies,scientist or technical expert,UFOs and Government|historical research,scientific_open_inquiry,,Historian of government UFO programs who argues the record supports a genuine unresolved phenomenon without settling its origin.,Historian of government UFO programs who argues the record supports a genuine unresolved phenomenon without settling its origin.,peer-reviewed or technical publications|instrumented observation|expert analysis,analytical_interpretation,,moderate_contextual,,Researchers differ sharply on hypotheses; publication or credentials do not validate all public claims.,,,Biographical or case overview,https://en.wikipedia.org/wiki/Michael_D._Swords,secondary_reference,The New Science of Unidentified Aerospace-Undersea Phenomena,https://arxiv.org/abs/2502.06794,scholarly_preprint,2,census,uap_person_michael_d_swords,,,2026-09-14,Dates may be year-only or month-only where day precision was not verified.,
UP-0075,Jacques Vallée,,1939-09-24,,active,scientist_or_technical_expert,science|academic|instrumentation|UAP research,1_core,International,1961–present,1961,present,1961: began UFO research|1969: Passport to Magonia,SRI International|venture capital|Invisible College|Institut Vallée|SRI (fmr),scientist or technical expert,Passport to Magonia|Dimensions|computer catalogues|Trinity: The Best-Kept Secret,scientific_open_inquiry,proponent_anomaly,Argues UAP reports are real but may involve a broader control-system or psychosocial dimension rather than a simple spacecraft hypothesis.,Argues UAP reports are real but may involve a broader control-system or psychosocial dimension rather than a simple spacecraft hypothesis.,peer-reviewed or technical publications|instrumented observation|expert analysis,analytical_interpretation,research|theory,moderate_contextual,high,Researchers differ sharply on hypotheses; publication or credentials do not validate all public claims.,1965,POD-001|POD-060,Biographical or case overview,https://en.wikipedia.org/wiki/Jacques_Vall%C3%A9e,secondary_reference,The New Science of Unidentified Aerospace-Undersea Phenomena,https://arxiv.org/abs/2502.06794,scholarly_preprint,2,census+seed,uap_person_jacques_vallee,PER-090,merged (exact),2026-09-14,Dates may be year-only or month-only where day precision was not verified.,
UP-0076,Wesley A. Watters,,,,,scientist_or_technical_expert,science|academic|instrumentation|UAP research,1_core,International,2021–present,2021,present,2021: Galileo Project,Wellesley College|Galileo Project,scientist or technical expert,Galileo Project instrumentation and analysis,scientific_open_inquiry,,Works on astronomical instrumentation and observational methods relevant to UAP detection.,Works on astronomical instrumentation and observational methods relevant to UAP detection.,peer-reviewed or technical publications|instrumented observation|expert analysis,analytical_interpretation,,moderate_contextual,,Researchers differ sharply on hypotheses; publication or credentials do not validate all public claims.,,,Biographical or case overview,https://en.wikipedia.org/wiki/Wesley_A._Watters,secondary_reference,The New Science of Unidentified Aerospace-Undersea Phenomena,https://arxiv.org/abs/2502.06794,scholarly_preprint,2,census,uap_person_wesley_a_watters,,,2026-09-14,Biographical dates not confidently verified in this pass; see key_event_dates.,
UP-0077,Sarah Little,,,,,scientist_or_technical_expert,science|academic|instrumentation|UAP research,1_core,International,2025–present,2025,present,2025-02: UAP science review released,University of North Carolina Wilmington|SCU collaborator,scientist or technical expert,2025 UAP science review,scientific_open_inquiry,,Contributed to multidisciplinary review of UAP scientific methods and evidence needs.,Contributed to multidisciplinary review of UAP scientific methods and evidence needs.,peer-reviewed or technical publications|instrumented observation|expert analysis,analytical_interpretation,,moderate_contextual,,Researchers differ sharply on hypotheses; publication or credentials do not validate all public claims.,,,Biographical or case overview,https://en.wikipedia.org/wiki/Sarah_Little,secondary_reference,The New Science of Unidentified Aerospace-Undersea Phenomena,https://arxiv.org/abs/2502.06794,scholarly_preprint,2,census,uap_person_sarah_little,,,2026-09-14,Biographical dates not confidently verified in this pass; see key_event_dates.,
UP-0078,Edoardo Russo,,1959,,,scientist_or_technical_expert,science|academic|instrumentation|UAP research,1_core,International,1980–present,1980,present,1980s: CISU leadership,Centro Italiano Studi Ufologici,scientist or technical expert,European case catalogues|2025 UAP science review,scientific_open_inquiry,,"Italian researcher emphasizing documentation, historical archives, and comparative case analysis.","Italian researcher emphasizing documentation, historical archives, and comparative case analysis.",peer-reviewed or technical publications|instrumented observation|expert analysis,analytical_interpretation,,moderate_contextual,,Researchers differ sharply on hypotheses; publication or credentials do not validate all public claims.,,,Biographical or case overview,https://en.wikipedia.org/wiki/Edoardo_Russo,secondary_reference,The New Science of Unidentified Aerospace-Undersea Phenomena,https://arxiv.org/abs/2502.06794,scholarly_preprint,2,census,uap_person_edoardo_russo,,,2026-09-14,Dates may be year-only or month-only where day precision was not verified.,
UP-0079,Michaël Vaillant,,,,,scientist_or_technical_expert,science|academic|instrumentation|UAP research,1_core,International,2000–present,2000,present,2000s: GEIPAN-related analysis,GEIPAN consultant|UAP researcher,scientist or technical expert,Case-data modeling|2025 UAP science review,scientific_open_inquiry,,Applies data-science and pattern-analysis methods to UAP case databases.,Applies data-science and pattern-analysis methods to UAP case databases.,peer-reviewed or technical publications|instrumented observation|expert analysis,analytical_interpretation,,moderate_contextual,,Researchers differ sharply on hypotheses; publication or credentials do not validate all public claims.,,,Biographical or case overview,https://en.wikipedia.org/wiki/Micha%C3%ABl_Vaillant,secondary_reference,The New Science of Unidentified Aerospace-Undersea Phenomena,https://arxiv.org/abs/2502.06794,scholarly_preprint,2,census,uap_person_michael_vaillant,,,2026-09-14,Biographical dates not confidently verified in this pass; see key_event_dates.,
UP-0080,Gerald T. Tedesco,,,,,scientist_or_technical_expert,science|academic|instrumentation|UAP research,1_core,International,2022–present,2022,present,2022: Long Island field deployments,Nightcrawler Research|UAPx collaborators,scientist or technical expert,Mobile sensor observatory papers,scientific_open_inquiry,,"Builds multi-sensor field systems for collecting optical, radio, and environmental data.","Builds multi-sensor field systems for collecting optical, radio, and environmental data.",peer-reviewed or technical publications|instrumented observation|expert analysis,analytical_interpretation,,moderate_contextual,,Researchers differ sharply on hypotheses; publication or credentials do not validate all public claims.,,,Biographical or case overview,https://en.wikipedia.org/wiki/Gerald_T._Tedesco,secondary_reference,The New Science of Unidentified Aerospace-Undersea Phenomena,https://arxiv.org/abs/2502.06794,scholarly_preprint,2,census,uap_person_gerald_t_tedesco,,,2026-09-14,Biographical dates not confidently verified in this pass; see key_event_dates.,
UP-0081,John J. Tedesco,,,,,scientist_or_technical_expert,science|academic|instrumentation|UAP research,1_core,International,2022–present,2022,present,2022: Long Island field deployments,Nightcrawler Research|UAPx collaborators,scientist or technical expert,Mobile sensor observatory papers,scientific_open_inquiry,,Co-develops mobile instrumentation for repeated anomalous-observation sites.,Co-develops mobile instrumentation for repeated anomalous-observation sites.,peer-reviewed or technical publications|instrumented observation|expert analysis,analytical_interpretation,,moderate_contextual,,Researchers differ sharply on hypotheses; publication or credentials do not validate all public claims.,,,Biographical or case overview,https://en.wikipedia.org/wiki/John_J._Tedesco,secondary_reference,The New Science of Unidentified Aerospace-Undersea Phenomena,https://arxiv.org/abs/2502.06794,scholarly_preprint,2,census,uap_person_john_j_tedesco,,,2026-09-14,Biographical dates not confidently verified in this pass; see key_event_dates.,
UP-0082,Tony Gorman,,,,,scientist_or_technical_expert,science|academic|instrumentation|UAP research,1_core,International,2025–present,2025,present,2025: UAlbany research gift announced,University at Albany,scientist or technical expert,UAP research program,scientific_open_inquiry,,Supports academic research infrastructure for multi-sensor UAP investigation.,Supports academic research infrastructure for multi-sensor UAP investigation.,peer-reviewed or technical publications|instrumented observation|expert analysis,analytical_interpretation,,moderate_contextual,,Researchers differ sharply on hypotheses; publication or credentials do not validate all public claims.,,,University at Albany research announcement,https://www.albany.edu/news-center/news/2025-ualbany-receives-major-gift-advance-scientific-investigation,primary_or_institutional,The New Science of Unidentified Aerospace-Undersea Phenomena,https://arxiv.org/abs/2502.06794,scholarly_preprint,2,census,uap_person_tony_gorman,,,2026-09-14,Biographical dates not confidently verified in this pass; see key_event_dates.,
UP-0083,Cecilia Levy,,,,,scientist_or_technical_expert,science|academic|instrumentation|UAP research,1_core,International,2025–present,2025,present,2025: UAlbany research gift announced,University at Albany,scientist or technical expert,UAP research program,scientific_open_inquiry,,Supports academic research infrastructure and analysis for UAP investigations.,Supports academic research infrastructure and analysis for UAP investigations.,peer-reviewed or technical publications|instrumented observation|expert analysis,analytical_interpretation,,moderate_contextual,,Researchers differ sharply on hypotheses; publication or credentials do not validate all public claims.,,,University at Albany research announcement,https://www.albany.edu/news-center/news/2025-ualbany-receives-major-gift-advance-scientific-investigation,primary_or_institutional,The New Science of Unidentified Aerospace-Undersea Phenomena,https://arxiv.org/abs/2502.06794,scholarly_preprint,2,census,uap_person_cecilia_levy,,,2026-09-14,Biographical dates not confidently verified in this pass; see key_event_dates.,
UP-0084,Amir Siraj,,2000-01-20,,,scientist_or_technical_expert,science|academic|instrumentation|UAP research,1_core,International,2017–present,2017,present,2017: interstellar-object research|2021: Galileo Project,Harvard University|Galileo Project,scientist or technical expert,Interstellar-object and technosignature papers,scientific_open_inquiry,,Examines interstellar objects and possible technological origins using astronomical data; does not treat every UAP claim as equivalent.,Examines interstellar objects and possible technological origins using astronomical data; does not treat every UAP claim as equivalent.,peer-reviewed or technical publications|instrumented observation|expert analysis,analytical_interpretation,,moderate_contextual,,Researchers differ sharply on hypotheses; publication or credentials do not validate all public claims.,,,Biographical or case overview,https://en.wikipedia.org/wiki/Amir_Siraj,secondary_reference,The New Science of Unidentified Aerospace-Undersea Phenomena,https://arxiv.org/abs/2502.06794,scholarly_preprint,2,census,uap_person_amir_siraj,,,2026-09-14,Dates may be year-only or month-only where day precision was not verified.,
UP-0085,Frank Laukien,,1959,,,scientist_or_technical_expert,science|academic|instrumentation|UAP research,1_core,International,2021–present,2021,present,2021-07: Galileo Project launched,Bruker Corporation|Galileo Project,scientist or technical expert,Galileo Project co-founder and funder,scientific_open_inquiry,,Co-founded and funds an instrument-driven search for anomalous aerial and interstellar phenomena.,Co-founded and funds an instrument-driven search for anomalous aerial and interstellar phenomena.,peer-reviewed or technical publications|instrumented observation|expert analysis,analytical_interpretation,,moderate_contextual,,Researchers differ sharply on hypotheses; publication or credentials do not validate all public claims.,,,Galileo Project organization page,https://galileo.hsites.harvard.edu/organization,primary_or_institutional,The New Science of Unidentified Aerospace-Undersea Phenomena,https://arxiv.org/abs/2502.06794,scholarly_preprint,2,census,uap_person_frank_laukien,,,2026-09-14,Dates may be year-only or month-only where day precision was not verified.,
UP-0086,Harold E. Puthoff,Hal Puthoff,1936-06-20,,active,scientist_or_technical_expert,science|academic|instrumentation|UAP research,1_core,International,1970–present,1970,present,1970s: SRI anomalous cognition work|2008: AAWSAP-related studies|2026: Disclosure Forum,SRI International|EarthTech|To The Stars Academy|AAWSAP/AATIP-related work|EarthTech International|AAWSAP/AATIP contractor|Stanford Research Institute (fmr),scientist or technical expert,Advanced Aerospace Threat Identification studies|public talks|DIA DIRDs|The Age of Disclosure,scientific_open_inquiry,proponent_anomaly,Has researched advanced propulsion and anomalous phenomena and argues that some UAP data may point to advanced technology.,Has researched advanced propulsion and anomalous phenomena and argues that some UAP data may point to advanced technology.,peer-reviewed or technical publications|instrumented observation|expert analysis,analytical_interpretation,on_record_public|contested,moderate_contextual,high,Researchers differ sharply on hypotheses; publication or credentials do not validate all public claims.,2017-10,POD-005|POD-060,Biographical or case overview,https://en.wikipedia.org/wiki/Harold_E._Puthoff,secondary_reference,The New Science of Unidentified Aerospace-Undersea Phenomena,https://arxiv.org/abs/2502.06794,scholarly_preprint,2,census+seed,uap_person_harold_e_puthoff,PER-018,merged (alias),2026-09-14,Dates may be year-only or month-only where day precision was not verified.,
UP-0087,Eric W. Davis,,1953,,active,scientist_or_technical_expert,science|academic|instrumentation|UAP research,1_core,International,1990–present,1990,present,2004: alleged Wilson-Davis meeting|2009–2011: DIRDs,EarthTech|Institute for Advanced Studies at Austin|AAWSAP/AATIP contractor|Aerospace Corporation (fmr),scientist or technical expert,Defense Intelligence Reference Documents|Wilson-Davis notes controversy|DIA Defense Intelligence Reference Documents|The Age of Disclosure,scientific_open_inquiry,proponent_nhi,Writes on advanced propulsion and says some government insiders have discussed crash-retrieval claims; authenticity and interpretation of leaked notes remain disputed.,Writes on advanced propulsion and says some government insiders have discussed crash-retrieval claims; authenticity and interpretation of leaked notes remain disputed.,peer-reviewed or technical publications|instrumented observation|expert analysis,analytical_interpretation,contested|secondhand_allegation,moderate_contextual,medium,Researchers differ sharply on hypotheses; publication or credentials do not validate all public claims.,2019-07,,Biographical or case overview,https://en.wikipedia.org/wiki/Eric_W._Davis,secondary_reference,The New Science of Unidentified Aerospace-Undersea Phenomena,https://arxiv.org/abs/2502.06794,scholarly_preprint,2,census+seed,uap_person_eric_w_davis,PER-019,merged (exact),2026-09-14,Dates may be year-only or month-only where day precision was not verified.,
UP-0088,Christopher Green,Kit Green|Christopher 'Kit' Green,1945,,active,scientist_or_technical_expert,science|academic|instrumentation|UAP research,1_core,International,1980–present,1980,present,1980s: CIA/UFO consultation|2008: AAWSAP-related work,CIA|Wayne State University|AAWSAP-related medical work,scientist or technical expert,Clinical and intelligence consulting on anomalous exposures|Medical analyses of anomalous exposure effects,scientific_open_inquiry,agnostic_scientific,Has been associated with medical evaluation of people reporting anomalous encounters; public interpretations of this work are contested.,Has been associated with medical evaluation of people reporting anomalous encounters; public interpretations of this work are contested.,peer-reviewed or technical publications|instrumented observation|expert analysis,analytical_interpretation,on_record_public|contested,moderate_contextual,medium,Researchers differ sharply on hypotheses; publication or credentials do not validate all public claims.,2017,,Biographical or case overview,https://en.wikipedia.org/wiki/Christopher_Green,secondary_reference,The New Science of Unidentified Aerospace-Undersea Phenomena,https://arxiv.org/abs/2502.06794,scholarly_preprint,2,census+seed,uap_person_christopher_green,PER-033,merged (alias),2026-09-14,Dates may be year-only or month-only where day precision was not verified.,
UP-0089,Travis S. Taylor,,1968-07-24,,active,scientist_or_technical_expert,science|academic|instrumentation|UAP research,1_core,International,2000–present,2000,present,2020: UAPTF science adviser disclosed|2020: Skinwalker Ranch series,University of Alabama in Huntsville|U.S. Army|UAP Task Force|Skinwalker Ranch TV|Skinwalker Ranch (fmr principal investigator)|US government contractor,scientist or technical expert,UAP Task Force science adviser|The Secret of Skinwalker Ranch,scientific_open_inquiry,proponent_anomaly,Engineer and television figure who argues some anomalous cases warrant instrumentation and national-security attention.,Engineer and television figure who argues some anomalous cases warrant instrumentation and national-security attention.,peer-reviewed or technical publications|instrumented observation|expert analysis,analytical_interpretation,on_record_public|contested,moderate_contextual,high,Researchers differ sharply on hypotheses; publication or credentials do not validate all public claims.,2020-03,,Biographical or case overview,https://en.wikipedia.org/wiki/Travis_S._Taylor,secondary_reference,The New Science of Unidentified Aerospace-Undersea Phenomena,https://arxiv.org/abs/2502.06794,scholarly_preprint,2,census+seed,uap_person_travis_s_taylor,PER-111,merged (exact),2026-09-14,Dates may be year-only or month-only where day precision was not verified.,
UP-0090,Bob McGwier,Robert McGwier,,,,scientist_or_technical_expert,science|academic|instrumentation|UAP research,1_core,International,2021–present,2021,present,2021: UAPx expedition,Virginia Tech|UAPx|intelligence consulting,scientist or technical expert,Signal-analysis commentary and field research,scientific_open_inquiry,,Applies radio-frequency and signal-analysis expertise to UAP cases and publicly supports further disclosure.,Applies radio-frequency and signal-analysis expertise to UAP cases and publicly supports further disclosure.,peer-reviewed or technical publications|instrumented observation|expert analysis,analytical_interpretation,,moderate_contextual,,Researchers differ sharply on hypotheses; publication or credentials do not validate all public claims.,,,Biographical or case overview,https://en.wikipedia.org/wiki/Bob_McGwier,secondary_reference,The New Science of Unidentified Aerospace-Undersea Phenomena,https://arxiv.org/abs/2502.06794,scholarly_preprint,2,census,uap_person_bob_mcgwier,,,2026-09-14,Biographical dates not confidently verified in this pass; see key_event_dates.,
UP-0091,Peter A. Sturrock,,1924-03-20,2024-01-14,deceased,scientist_or_technical_expert,science|academic|instrumentation|UAP research,1_core,International,1970–2010,1970,2010,1997-09: Pocantico workshop|1999: The UFO Enigma,Stanford University|Society for Scientific Exploration,scientist or technical expert,The UFO Enigma|1997 Pocantico workshop|The UFO Enigma (1999)|Pocantico Report (1997),scientific_open_inquiry,agnostic_scientific,"Organized a scientific panel that concluded some physical-evidence cases deserved further study, without endorsing extraterrestrial origin.","Organized a scientific panel that concluded some physical-evidence cases deserved further study, without endorsing extraterrestrial origin.",peer-reviewed or technical publications|instrumented observation|expert analysis,analytical_interpretation,scientific_analysis,moderate_contextual,medium,Researchers differ sharply on hypotheses; publication or credentials do not validate all public claims.,1977,,Biographical or case overview,https://en.wikipedia.org/wiki/Peter_A._Sturrock,secondary_reference,The New Science of Unidentified Aerospace-Undersea Phenomena,https://arxiv.org/abs/2502.06794,scholarly_preprint,2,census+seed,uap_person_peter_a_sturrock,PER-142,merged (exact),2026-09-14,Dates may be year-only or month-only where day precision was not verified.,
UP-0092,James E. McDonald,,1920-05-07,1971-06-13,deceased,scientist_or_technical_expert,science|academic|instrumentation|UAP research,1_core,International,1966–1971,1966,1971,1966: began intensive UFO work|1968: House testimony,University of Arizona|atmospheric physicist,scientist or technical expert,Congressional testimony|case investigations|1968 congressional UFO symposium testimony,scientific_open_inquiry,proponent_anomaly,Argued in the 1960s that some UFO reports were scientifically significant and criticized official dismissals.,Argued in the 1960s that some UFO reports were scientifically significant and criticized official dismissals.,peer-reviewed or technical publications|instrumented observation|expert analysis,analytical_interpretation,scientific_analysis|historical_record,moderate_contextual,high,Researchers differ sharply on hypotheses; publication or credentials do not validate all public claims.,1966,,Biographical or case overview,https://en.wikipedia.org/wiki/James_E._McDonald,secondary_reference,The New Science of Unidentified Aerospace-Undersea Phenomena,https://arxiv.org/abs/2502.06794,scholarly_preprint,2,census+seed,uap_person_james_e_mcdonald,PER-141,merged (exact),2026-09-14,Dates may be year-only or month-only where day precision was not verified.,
UP-0093,Bruce Maccabee,,1942-05-06,2024-05-10,deceased,scientist_or_technical_expert,science|academic|instrumentation|UAP research,1_core,International,1970–2024,1970,2024,1970s: UFO photo analysis,U.S. Navy physicist|Fund for UFO Research,scientist or technical expert,Optical analyses|Gulf Breeze and McMinnville studies,scientific_open_inquiry,,"Performed photographic and optical analyses, often arguing selected images were not easily explained conventionally.","Performed photographic and optical analyses, often arguing selected images were not easily explained conventionally.",peer-reviewed or technical publications|instrumented observation|expert analysis,analytical_interpretation,,moderate_contextual,,Researchers differ sharply on hypotheses; publication or credentials do not validate all public claims.,,,Biographical or case overview,https://en.wikipedia.org/wiki/Bruce_Maccabee,secondary_reference,The New Science of Unidentified Aerospace-Undersea Phenomena,https://arxiv.org/abs/2502.06794,scholarly_preprint,2,census,uap_person_bruce_maccabee,,,2026-09-14,Dates may be year-only or month-only where day precision was not verified.,
UP-0094,Harley D. Rutledge,,1926-01-10,2006-06-05,deceased,scientist_or_technical_expert,science|academic|instrumentation|UAP research,1_core,International,1973–1980,1973,1980,1973–1980: Project Identification,Southeast Missouri State University,scientist or technical expert,Project Identification,scientific_open_inquiry,,"Led an instrumented field study of recurring lights near Piedmont, Missouri.","Led an instrumented field study of recurring lights near Piedmont, Missouri.",peer-reviewed or technical publications|instrumented observation|expert analysis,analytical_interpretation,,moderate_contextual,,Researchers differ sharply on hypotheses; publication or credentials do not validate all public claims.,,,Biographical or case overview,https://en.wikipedia.org/wiki/Harley_D._Rutledge,secondary_reference,The New Science of Unidentified Aerospace-Undersea Phenomena,https://arxiv.org/abs/2502.06794,scholarly_preprint,2,census,uap_person_harley_d_rutledge,,,2026-09-14,Dates may be year-only or month-only where day precision was not verified.,
UP-0095,Hermann Oberth,,1894-06-25,1989-12-28,deceased,scientist_or_technical_expert,science|academic|instrumentation|UAP research,1_core,International,1954–1960,1954,1960,1954: public extraterrestrial interpretation,Rocketry pioneer|German spaceflight societies,scientist or technical expert,Flying Saucers Come from Distant Worlds,scientific_open_inquiry,,"Argued that some flying saucers were likely extraterrestrial craft, influencing early technical discussion.","Argued that some flying saucers were likely extraterrestrial craft, influencing early technical discussion.",peer-reviewed or technical publications|instrumented observation|expert analysis,analytical_interpretation,,moderate_contextual,,Researchers differ sharply on hypotheses; publication or credentials do not validate all public claims.,,,Biographical or case overview,https://en.wikipedia.org/wiki/Hermann_Oberth,secondary_reference,The New Science of Unidentified Aerospace-Undersea Phenomena,https://arxiv.org/abs/2502.06794,scholarly_preprint,2,census,uap_person_hermann_oberth,,,2026-09-14,Dates may be year-only or month-only where day precision was not verified.,
UP-0096,James T. Harder,,1926,2006,deceased,scientist_or_technical_expert,science|academic|instrumentation|UAP research,1_core,International,1960–1990,1960,1990,1960s: APRO research,University of California Berkeley|APRO,scientist or technical expert,Technical adviser and abduction researcher,scientific_open_inquiry,,Applied engineering analysis and hypnosis-based investigation to UFO and abduction claims; such methods are controversial.,Applied engineering analysis and hypnosis-based investigation to UFO and abduction claims; such methods are controversial.,peer-reviewed or technical publications|instrumented observation|expert analysis,analytical_interpretation,,moderate_contextual,,Researchers differ sharply on hypotheses; publication or credentials do not validate all public claims.,,,Biographical or case overview,https://en.wikipedia.org/wiki/James_T._Harder,secondary_reference,The New Science of Unidentified Aerospace-Undersea Phenomena,https://arxiv.org/abs/2502.06794,scholarly_preprint,2,census,uap_person_james_t_harder,,,2026-09-14,Dates may be year-only or month-only where day precision was not verified.,
UP-0097,Alexander Wendt,,1958-06-12,,,scientist_or_technical_expert,science|academic|instrumentation|UAP research,1_core,International,2008–present,2008,present,2008: Sovereignty and the UFO published,Ohio State University,scientist or technical expert,Sovereignty and the UFO,scientific_open_inquiry,,Political theorist who argues academic and state taboos prevent systematic study of UFO claims.,Political theorist who argues academic and state taboos prevent systematic study of UFO claims.,peer-reviewed or technical publications|instrumented observation|expert analysis,analytical_interpretation,,moderate_contextual,,Researchers differ sharply on hypotheses; publication or credentials do not validate all public claims.,,,Biographical or case overview,https://en.wikipedia.org/wiki/Alexander_Wendt,secondary_reference,The New Science of Unidentified Aerospace-Undersea Phenomena,https://arxiv.org/abs/2502.06794,scholarly_preprint,2,census,uap_person_alexander_wendt,,,2026-09-14,Dates may be year-only or month-only where day precision was not verified.,
UP-0098,Raymond Duvall,,1947,,,scientist_or_technical_expert,science|academic|instrumentation|UAP research,1_core,International,2008–present,2008,present,2008: Sovereignty and the UFO published,University of Minnesota,scientist or technical expert,Sovereignty and the UFO,scientific_open_inquiry,,Co-authored an influential political-science analysis of the institutional taboo around UFOs.,Co-authored an influential political-science analysis of the institutional taboo around UFOs.,peer-reviewed or technical publications|instrumented observation|expert analysis,analytical_interpretation,,moderate_contextual,,Researchers differ sharply on hypotheses; publication or credentials do not validate all public claims.,,,Biographical or case overview,https://en.wikipedia.org/wiki/Raymond_Duvall,secondary_reference,The New Science of Unidentified Aerospace-Undersea Phenomena,https://arxiv.org/abs/2502.06794,scholarly_preprint,2,census,uap_person_raymond_duvall,,,2026-09-14,Dates may be year-only or month-only where day precision was not verified.,
UP-0099,Diana Walsh Pasulka,,,,active,scientist_or_technical_expert,science|academic|instrumentation|UAP research,1_core,International,2012–present,2012,present,2019: American Cosmic|2023: Encounters,University of North Carolina Wilmington,scientist or technical expert,American Cosmic|Encounters|American Cosmic (2019)|Encounters (2023),scientific_open_inquiry,agnostic_scientific,"Religion scholar examining UAP belief, secrecy, media, and experiences as a modern cultural and religious formation.","Religion scholar examining UAP belief, secrecy, media, and experiences as a modern cultural and religious formation.",peer-reviewed or technical publications|instrumented observation|expert analysis,analytical_interpretation,academic_analysis,moderate_contextual,high,Researchers differ sharply on hypotheses; publication or credentials do not validate all public claims.,2019,POD-060,Biographical or case overview,https://en.wikipedia.org/wiki/Diana_Walsh_Pasulka,secondary_reference,The New Science of Unidentified Aerospace-Undersea Phenomena,https://arxiv.org/abs/2502.06794,scholarly_preprint,2,census+seed,uap_person_diana_walsh_pasulka,PER-091,merged (exact),2026-09-14,Biographical dates not confidently verified in this pass; see key_event_dates.,
UP-0100,Jeffrey J. Kripal,,1962,,,scientist_or_technical_expert,science|academic|instrumentation|UAP research,1_core,International,2000–present,2000,present,2010: Authors of the Impossible,Rice University,scientist or technical expert,Authors of the Impossible|The Superhumanities,scientific_open_inquiry,,"Religion scholar interpreting extraordinary-experience narratives, including UFO encounters, through humanities methods.","Religion scholar interpreting extraordinary-experience narratives, including UFO encounters, through humanities methods.",peer-reviewed or technical publications|instrumented observation|expert analysis,analytical_interpretation,,moderate_contextual,,Researchers differ sharply on hypotheses; publication or credentials do not validate all public claims.,,,Biographical or case overview,https://en.wikipedia.org/wiki/Jeffrey_J._Kripal,secondary_reference,The New Science of Unidentified Aerospace-Undersea Phenomena,https://arxiv.org/abs/2502.06794,scholarly_preprint,2,census,uap_person_jeffrey_j_kripal,,,2026-09-14,Dates may be year-only or month-only where day precision was not verified.,
UP-0101,Carlos Eire,,1943-11-23,,,scientist_or_technical_expert,science|academic|instrumentation|UAP research,1_core,International,2026–present,2026,present,2026-04-29: Disclosure Forum speaker,Yale University|Disclosure Forum,scientist or technical expert,Historical scholarship|2026 Disclosure Forum,scientific_open_inquiry,,"Historian of religion participating in UAP discussion about testimony, belief, and cultural interpretation.","Historian of religion participating in UAP discussion about testimony, belief, and cultural interpretation.",peer-reviewed or technical publications|instrumented observation|expert analysis,analytical_interpretation,,moderate_contextual,,Researchers differ sharply on hypotheses; publication or credentials do not validate all public claims.,,,Disclosure Forum program,https://forum.disclosure.org/,primary_or_institutional,The New Science of Unidentified Aerospace-Undersea Phenomena,https://arxiv.org/abs/2502.06794,scholarly_preprint,2,census,uap_person_carlos_eire,,,2026-09-14,Dates may be year-only or month-only where day precision was not verified.,
UP-0102,Pippa Malmgren,,1962-03-24,,,scientist_or_technical_expert,science|academic|instrumentation|UAP research,1_core,International,2023–present,2023,present,2026-04-29: Disclosure Forum speaker,Economist|former U.S. presidential adviser|Disclosure Forum,scientist or technical expert,Public commentary on UAP and governance,scientific_open_inquiry,,"Frames disclosure as a geopolitical, institutional-trust, and economic issue; some speculative claims remain unverified.","Frames disclosure as a geopolitical, institutional-trust, and economic issue; some speculative claims remain unverified.",peer-reviewed or technical publications|instrumented observation|expert analysis,analytical_interpretation,,moderate_contextual,,Researchers differ sharply on hypotheses; publication or credentials do not validate all public claims.,,,Disclosure Forum program,https://forum.disclosure.org/,primary_or_institutional,The New Science of Unidentified Aerospace-Undersea Phenomena,https://arxiv.org/abs/2502.06794,scholarly_preprint,2,census,uap_person_pippa_malmgren,,,2026-09-14,Dates may be year-only or month-only where day precision was not verified.,
UP-0103,Matthew Tuttle,,,,,scientist_or_technical_expert,science|academic|instrumentation|UAP research,1_core,International,2025–present,2025,present,2026-04-29: Disclosure Forum speaker,Tuttle Capital Management|Disclosure Forum,scientist or technical expert,Public investment commentary on disclosure,scientific_open_inquiry,,Discusses potential market and industry implications of UAP disclosure.,Discusses potential market and industry implications of UAP disclosure.,peer-reviewed or technical publications|instrumented observation|expert analysis,analytical_interpretation,,moderate_contextual,,Researchers differ sharply on hypotheses; publication or credentials do not validate all public claims.,,,Disclosure Forum program,https://forum.disclosure.org/,primary_or_institutional,The New Science of Unidentified Aerospace-Undersea Phenomena,https://arxiv.org/abs/2502.06794,scholarly_preprint,2,census,uap_person_matthew_tuttle,,,2026-09-14,Biographical dates not confidently verified in this pass; see key_event_dates.,
UP-0104,Jennice Vilhauer,,,,,scientist_or_technical_expert,science|academic|instrumentation|UAP research,1_core,International,2026–present,2026,present,2026-04-29: Disclosure Forum speaker,Psychologist|Disclosure Forum,scientist or technical expert,Public discussion of psychological impacts,scientific_open_inquiry,,Contributes clinical-psychology perspective on anomalous experiences and disclosure.,Contributes clinical-psychology perspective on anomalous experiences and disclosure.,peer-reviewed or technical publications|instrumented observation|expert analysis,analytical_interpretation,,moderate_contextual,,Researchers differ sharply on hypotheses; publication or credentials do not validate all public claims.,,,Disclosure Forum program,https://forum.disclosure.org/,primary_or_institutional,The New Science of Unidentified Aerospace-Undersea Phenomena,https://arxiv.org/abs/2502.06794,scholarly_preprint,2,census,uap_person_jennice_vilhauer,,,2026-09-14,Biographical dates not confidently verified in this pass; see key_event_dates.,
UP-0105,Susan Winterberg,,,,,scientist_or_technical_expert,science|academic|instrumentation|UAP research,1_core,International,2026–present,2026,present,2026-04-29: Disclosure Forum speaker,RAND Corporation|Disclosure Forum,scientist or technical expert,Policy research and public discussion,scientific_open_inquiry,,Contributes policy-analysis perspective on aerospace anomalies and institutional response.,Contributes policy-analysis perspective on aerospace anomalies and institutional response.,peer-reviewed or technical publications|instrumented observation|expert analysis,analytical_interpretation,,moderate_contextual,,Researchers differ sharply on hypotheses; publication or credentials do not validate all public claims.,,,Disclosure Forum program,https://forum.disclosure.org/,primary_or_institutional,The New Science of Unidentified Aerospace-Undersea Phenomena,https://arxiv.org/abs/2502.06794,scholarly_preprint,2,census,uap_person_susan_winterberg,,,2026-09-14,Biographical dates not confidently verified in this pass; see key_event_dates.,
UP-0106,Jonathan Miller,,,,,scientist_or_technical_expert,science|academic|instrumentation|UAP research,1_core,International,2026–present,2026,present,2026-04-29: Disclosure Forum speaker,Spherical Cow Consulting|Disclosure Forum,scientist or technical expert,Public technical commentary,scientific_open_inquiry,,Contributes engineering and policy analysis to contemporary UAP discussions.,Contributes engineering and policy analysis to contemporary UAP discussions.,peer-reviewed or technical publications|instrumented observation|expert analysis,analytical_interpretation,,moderate_contextual,,Researchers differ sharply on hypotheses; publication or credentials do not validate all public claims.,,,Disclosure Forum program,https://forum.disclosure.org/,primary_or_institutional,The New Science of Unidentified Aerospace-Undersea Phenomena,https://arxiv.org/abs/2502.06794,scholarly_preprint,2,census,uap_person_jonathan_miller,,,2026-09-14,Biographical dates not confidently verified in this pass; see key_event_dates.,
UP-0107,Marik von Rennenkampff,,,,active,scientist_or_technical_expert,science|academic|instrumentation|UAP research,1_core,International,2021–present,2021,present,2021: recurring UAP columns|2026: Disclosure Forum,U.S. Department of State (former analyst)|The Hill contributor|DoD (fmr),scientist or technical expert,UAP policy columns|The Hill opinion columns|interviews with AARO officials,scientific_open_inquiry,transparency_advocate,"Writes evidence-oriented policy commentary urging investigation, transparency, and careful separation of claims from data.","Writes evidence-oriented policy commentary urging investigation, transparency, and careful separation of claims from data.",peer-reviewed or technical publications|instrumented observation|expert analysis,analytical_interpretation,analysis|commentary,moderate_contextual,high,Researchers differ sharply on hypotheses; publication or credentials do not validate all public claims.,2021,,Biographical or case overview,https://en.wikipedia.org/wiki/Marik_von_Rennenkampff,secondary_reference,The New Science of Unidentified Aerospace-Undersea Phenomena,https://arxiv.org/abs/2502.06794,scholarly_preprint,2,census+seed,uap_person_marik_von_rennenkampff,PER-069,merged (exact),2026-09-14,Biographical dates not confidently verified in this pass; see key_event_dates.,
UP-0108,Jordan Flowers,,,,active,scientist_or_technical_expert,science|academic|instrumentation|UAP research,1_core,International,2026–present,2026,present,2026-04-29: Disclosure Forum speaker,Disclosure Forum|youth transparency advocacy|The Disclosure Foundation|UAP Disclosure Fund (former name),scientist or technical expert,Public advocacy|Policy advocacy on UAP provisions in the NDAA,scientific_open_inquiry,transparency_advocate,Advocates public engagement and intergenerational participation in UAP disclosure.,Advocates public engagement and intergenerational participation in UAP disclosure.,peer-reviewed or technical publications|instrumented observation|expert analysis,analytical_interpretation,advocacy|policy_analysis,moderate_contextual,high,Researchers differ sharply on hypotheses; publication or credentials do not validate all public claims.,2024,POD-035,Disclosure Forum program,https://forum.disclosure.org/,primary_or_institutional,The New Science of Unidentified Aerospace-Undersea Phenomena,https://arxiv.org/abs/2502.06794,scholarly_preprint,2,census+seed,uap_person_jordan_flowers,PER-106,merged (exact),2026-09-14,Biographical dates not confidently verified in this pass; see key_event_dates.,
UP-0109,Edward J. Ruppelt,,1923-07-17,1960-09-15,deceased,historical_government_or_program_figure,government|military|official investigation|historical,2_major,International,1951–1960,1951,1960,1951: took over Project Grudge|1952: Project Blue Book|1956: book published,U.S. Air Force|Project Grudge|Project Blue Book,historical government or program figure,The Report on Unidentified Flying Objects|The Report on Unidentified Flying Objects (1956),institutional_or_historical,agnostic_scientific,First head of Project Blue Book; introduced the term UFO and later described both unresolved cases and weaknesses in official handling.,First head of Project Blue Book; introduced the term UFO and later described both unresolved cases and weaknesses in official handling.,official records|program history|memoir or testimony,documented_official_role,official_experience|historical_record,high_for_role_not_necessarily_claims,high,Historical officials often changed views over time; summaries distinguish program roles from later personal conclusions.,1956,,Biographical or case overview,https://en.wikipedia.org/wiki/Edward_J._Ruppelt,secondary_reference,National Archives UAP and UFO records,https://www.archives.gov/research/topics/uaps,primary_official,2,census+seed,uap_person_edward_j_ruppelt,PER-139,merged (exact),2026-09-14,Dates may be year-only or month-only where day precision was not verified.,
UP-0110,J. Allen Hynek,,1910-05-01,1986-04-27,deceased,historical_government_or_program_figure,government|military|official investigation|historical,2_major,International,1948–1986,1948,1986,1948: Air Force consultant|1973: CUFOS founded,U.S. Air Force consultant|Northwestern University|Center for UFO Studies|Project Blue Book (scientific consultant)|CUFOS (founder),historical government or program figure,The UFO Experience|Close Encounters classification|The UFO Experience (1972)|Close Encounters classification system,institutional_or_historical,proponent_anomaly,Moved from skeptical consultant to advocate of systematic study; developed the close-encounter classification.,Moved from skeptical consultant to advocate of systematic study; developed the close-encounter classification.,official records|program history|memoir or testimony,documented_official_role,research|official_experience,high_for_role_not_necessarily_claims,high,Historical officials often changed views over time; summaries distinguish program roles from later personal conclusions.,1966,,Biographical or case overview,https://en.wikipedia.org/wiki/J._Allen_Hynek,secondary_reference,National Archives UAP and UFO records,https://www.archives.gov/research/topics/uaps,primary_official,2,census+seed,uap_person_j_allen_hynek,PER-138,merged (exact),2026-09-14,Dates may be year-only or month-only where day precision was not verified.,
UP-0111,Robert J. Friend,,1921-02-29,2006-06-21,deceased,historical_government_or_program_figure,government|military|official investigation|historical,2_major,International,1958–1963,1958,1963,1958–1963: Project Blue Book director,U.S. Air Force|Project Blue Book,historical government or program figure,Project Blue Book director,institutional_or_historical,,Directed Blue Book during a period of limited resources and acknowledged a residue of unexplained cases.,Directed Blue Book during a period of limited resources and acknowledged a residue of unexplained cases.,official records|program history|memoir or testimony,documented_official_role,,high_for_role_not_necessarily_claims,,Historical officials often changed views over time; summaries distinguish program roles from later personal conclusions.,,,Biographical or case overview,https://en.wikipedia.org/wiki/Robert_J._Friend,secondary_reference,National Archives UAP and UFO records,https://www.archives.gov/research/topics/uaps,primary_official,2,census,uap_person_robert_j_friend,,,2026-09-14,Dates may be year-only or month-only where day precision was not verified.,
UP-0112,Hector Quintanilla Jr.,,1923-05-07,1998-05-24,deceased,historical_government_or_program_figure,government|military|official investigation|historical,2_major,International,1963–1974,1963,1974,1963–1969: Project Blue Book director,U.S. Air Force|Project Blue Book,historical government or program figure,UFOs: An Air Force Dilemma,institutional_or_historical,,Final Blue Book director; defended conventional explanations and closure of the program.,Final Blue Book director; defended conventional explanations and closure of the program.,official records|program history|memoir or testimony,documented_official_role,,high_for_role_not_necessarily_claims,,Historical officials often changed views over time; summaries distinguish program roles from later personal conclusions.,,,Biographical or case overview,https://en.wikipedia.org/wiki/Hector_Quintanilla_Jr.,secondary_reference,National Archives UAP and UFO records,https://www.archives.gov/research/topics/uaps,primary_official,2,census,uap_person_hector_quintanilla_jr,,,2026-09-14,Dates may be year-only or month-only where day precision was not verified.,
UP-0113,Charles Hardin,,1915,1997,deceased,historical_government_or_program_figure,government|military|official investigation|historical,2_major,International,1954–1956,1954,1956,1954–1956: Project Blue Book director,U.S. Air Force|Project Blue Book,historical government or program figure,Project Blue Book director,institutional_or_historical,,"Directed Blue Book in the mid-1950s and generally implemented a skeptical, low-priority approach.","Directed Blue Book in the mid-1950s and generally implemented a skeptical, low-priority approach.",official records|program history|memoir or testimony,documented_official_role,,high_for_role_not_necessarily_claims,,Historical officials often changed views over time; summaries distinguish program roles from later personal conclusions.,,,Biographical or case overview,https://en.wikipedia.org/wiki/Charles_Hardin,secondary_reference,National Archives UAP and UFO records,https://www.archives.gov/research/topics/uaps,primary_official,2,census,uap_person_charles_hardin,,,2026-09-14,Dates may be year-only or month-only where day precision was not verified.,
UP-0114,George T. Gregory,,1916,2003,deceased,historical_government_or_program_figure,government|military|official investigation|historical,2_major,International,1956–1958,1956,1958,1956–1958: Project Blue Book director,U.S. Air Force|Project Blue Book,historical government or program figure,Project Blue Book director,institutional_or_historical,,Led Blue Book before Robert Friend and treated most reports as conventional or insufficiently evidenced.,Led Blue Book before Robert Friend and treated most reports as conventional or insufficiently evidenced.,official records|program history|memoir or testimony,documented_official_role,,high_for_role_not_necessarily_claims,,Historical officials often changed views over time; summaries distinguish program roles from later personal conclusions.,,,Biographical or case overview,https://en.wikipedia.org/wiki/George_T._Gregory,secondary_reference,National Archives UAP and UFO records,https://www.archives.gov/research/topics/uaps,primary_official,2,census,uap_person_george_t_gregory,,,2026-09-14,Dates may be year-only or month-only where day precision was not verified.,
UP-0115,Nathan F. Twining,,1897-10-11,1982-03-29,deceased,historical_government_or_program_figure,government|military|official investigation|historical,2_major,International,1947–1953,1947,1953,1947-09-23: Twining memo,U.S. Army Air Forces|U.S. Air Force,historical government or program figure,1947 Twining memo,institutional_or_historical,historical,Authored the memo stating reported flying-disc phenomena were “real and not visionary or fictitious” while recommending further study.,Authored the memo stating reported flying-disc phenomena were “real and not visionary or fictitious” while recommending further study.,official records|program history|memoir or testimony,documented_official_role,historical_record|documented,high_for_role_not_necessarily_claims,high,Historical officials often changed views over time; summaries distinguish program roles from later personal conclusions.,1947-09-23,,Biographical or case overview,https://en.wikipedia.org/wiki/Nathan_F._Twining,secondary_reference,National Archives UAP and UFO records,https://www.archives.gov/research/topics/uaps,primary_official,2,census+seed,uap_person_nathan_f_twining,PER-152,merged (exact),2026-09-14,Dates may be year-only or month-only where day precision was not verified.,
UP-0116,Hoyt S. Vandenberg,,1899-01-24,1954-04-02,deceased,historical_government_or_program_figure,government|military|official investigation|historical,2_major,International,1947–1953,1947,1953,1948: alleged Estimate of the Situation episode,U.S. Air Force|Central Intelligence Group,historical government or program figure,Early UFO intelligence decisions,institutional_or_historical,,"As senior Air Force leader, participated in early postwar evaluation of flying-disc reports and rejected an early Estimate of the Situation.","As senior Air Force leader, participated in early postwar evaluation of flying-disc reports and rejected an early Estimate of the Situation.",official records|program history|memoir or testimony,documented_official_role,,high_for_role_not_necessarily_claims,,Historical officials often changed views over time; summaries distinguish program roles from later personal conclusions.,,,Biographical or case overview,https://en.wikipedia.org/wiki/Hoyt_S._Vandenberg,secondary_reference,National Archives UAP and UFO records,https://www.archives.gov/research/topics/uaps,primary_official,2,census,uap_person_hoyt_s_vandenberg,,,2026-09-14,Dates may be year-only or month-only where day precision was not verified.,
UP-0117,George F. Schulgen,,1898-08-21,1981-02-02,deceased,historical_government_or_program_figure,government|military|official investigation|historical,2_major,International,1947–1948,1947,1948,1947-10-28: intelligence collection memo,U.S. Army Air Forces intelligence,historical government or program figure,1947 Schulgen memo,institutional_or_historical,,Oversaw early intelligence requirements concerning flying discs and possible foreign or domestic origins.,Oversaw early intelligence requirements concerning flying discs and possible foreign or domestic origins.,official records|program history|memoir or testimony,documented_official_role,,high_for_role_not_necessarily_claims,,Historical officials often changed views over time; summaries distinguish program roles from later personal conclusions.,,,Biographical or case overview,https://en.wikipedia.org/wiki/George_F._Schulgen,secondary_reference,National Archives UAP and UFO records,https://www.archives.gov/research/topics/uaps,primary_official,2,census,uap_person_george_f_schulgen,,,2026-09-14,Dates may be year-only or month-only where day precision was not verified.,
UP-0118,H. P. Robertson,,1903-01-27,1961-08-26,deceased,historical_government_or_program_figure,government|military|official investigation|historical,2_major,International,1953–1953,1953,1953,1953-01-14–17: Robertson Panel,California Institute of Technology|CIA Robertson Panel,historical government or program figure,Robertson Panel report,institutional_or_historical,,"Chaired the 1953 CIA panel, which found no direct national-security threat and recommended public education and reduced sensationalism.","Chaired the 1953 CIA panel, which found no direct national-security threat and recommended public education and reduced sensationalism.",official records|program history|memoir or testimony,documented_official_role,,high_for_role_not_necessarily_claims,,Historical officials often changed views over time; summaries distinguish program roles from later personal conclusions.,,,CIA Robertson Panel report,https://www.cia.gov/readingroom/docs/CIA-RDP81R00560R000100020011-8.pdf,primary_or_institutional,National Archives UAP and UFO records,https://www.archives.gov/research/topics/uaps,primary_official,2,census,uap_person_h_p_robertson,,,2026-09-14,Dates may be year-only or month-only where day precision was not verified.,
UP-0119,Luis W. Alvarez,,1911-06-13,1988-09-01,deceased,historical_government_or_program_figure,government|military|official investigation|historical,2_major,International,1953–1953,1953,1953,1953-01-14–17: Robertson Panel,University of California Berkeley|Robertson Panel,historical government or program figure,Robertson Panel review,institutional_or_historical,,Participated in the CIA scientific panel that recommended conventional investigation and public education.,Participated in the CIA scientific panel that recommended conventional investigation and public education.,official records|program history|memoir or testimony,documented_official_role,,high_for_role_not_necessarily_claims,,Historical officials often changed views over time; summaries distinguish program roles from later personal conclusions.,,,Biographical or case overview,https://en.wikipedia.org/wiki/Luis_W._Alvarez,secondary_reference,National Archives UAP and UFO records,https://www.archives.gov/research/topics/uaps,primary_official,2,census,uap_person_luis_w_alvarez,,,2026-09-14,Dates may be year-only or month-only where day precision was not verified.,
UP-0120,Thornton Page,,1913-08-13,1996-01-02,deceased,historical_government_or_program_figure,government|military|official investigation|historical,2_major,International,1953–1953,1953,1953,1953-01-14–17: Robertson Panel,Johns Hopkins University|NASA|Robertson Panel,historical government or program figure,Robertson Panel review,institutional_or_historical,,Astronomer and panelist in the CIA’s 1953 UFO review.,Astronomer and panelist in the CIA’s 1953 UFO review.,official records|program history|memoir or testimony,documented_official_role,,high_for_role_not_necessarily_claims,,Historical officials often changed views over time; summaries distinguish program roles from later personal conclusions.,,,Biographical or case overview,https://en.wikipedia.org/wiki/Thornton_Page,secondary_reference,National Archives UAP and UFO records,https://www.archives.gov/research/topics/uaps,primary_official,2,census,uap_person_thornton_page,,,2026-09-14,Dates may be year-only or month-only where day precision was not verified.,
UP-0121,Samuel Goudsmit,,1902-07-11,1978-12-04,deceased,historical_government_or_program_figure,government|military|official investigation|historical,2_major,International,1953–1953,1953,1953,1953-01-14–17: Robertson Panel,Brookhaven National Laboratory|Robertson Panel,historical government or program figure,Robertson Panel review,institutional_or_historical,,Physicist serving on the CIA panel that found no evidence of an extraterrestrial or hostile threat.,Physicist serving on the CIA panel that found no evidence of an extraterrestrial or hostile threat.,official records|program history|memoir or testimony,documented_official_role,,high_for_role_not_necessarily_claims,,Historical officials often changed views over time; summaries distinguish program roles from later personal conclusions.,,,Biographical or case overview,https://en.wikipedia.org/wiki/Samuel_Goudsmit,secondary_reference,National Archives UAP and UFO records,https://www.archives.gov/research/topics/uaps,primary_official,2,census,uap_person_samuel_goudsmit,,,2026-09-14,Dates may be year-only or month-only where day precision was not verified.,
UP-0122,Lloyd Berkner,,1905-02-01,1967-06-04,deceased,historical_government_or_program_figure,government|military|official investigation|historical,2_major,International,1953–1953,1953,1953,1953-01-14–17: Robertson Panel,Associated Universities|Robertson Panel,historical government or program figure,Robertson Panel review,institutional_or_historical,,Geophysicist and panelist in the CIA scientific review of UFO reports.,Geophysicist and panelist in the CIA scientific review of UFO reports.,official records|program history|memoir or testimony,documented_official_role,,high_for_role_not_necessarily_claims,,Historical officials often changed views over time; summaries distinguish program roles from later personal conclusions.,,,Biographical or case overview,https://en.wikipedia.org/wiki/Lloyd_Berkner,secondary_reference,National Archives UAP and UFO records,https://www.archives.gov/research/topics/uaps,primary_official,2,census,uap_person_lloyd_berkner,,,2026-09-14,Dates may be year-only or month-only where day precision was not verified.,
UP-0123,Frederick C. Durant III,,1916-11-19,2015-10-21,deceased,historical_government_or_program_figure,government|military|official investigation|historical,2_major,International,1953–1953,1953,1953,1953-01-14–17: Robertson Panel,CIA consultant|Robertson Panel,historical government or program figure,Robertson Panel secretariat and report,institutional_or_historical,,Served as panel secretary and documented the CIA review’s findings and recommendations.,Served as panel secretary and documented the CIA review’s findings and recommendations.,official records|program history|memoir or testimony,documented_official_role,,high_for_role_not_necessarily_claims,,Historical officials often changed views over time; summaries distinguish program roles from later personal conclusions.,,,CIA Robertson Panel report,https://www.cia.gov/readingroom/docs/CIA-RDP81R00560R000100020011-8.pdf,primary_or_institutional,National Archives UAP and UFO records,https://www.archives.gov/research/topics/uaps,primary_official,2,census,uap_person_frederick_c_durant_iii,,,2026-09-14,Dates may be year-only or month-only where day precision was not verified.,
UP-0124,Edward U. Condon,,1902-03-02,1974-03-26,deceased,historical_government_or_program_figure,government|military|official investigation|historical,2_major,International,1966–1969,1966,1969,1966–1968: Condon Committee|1969: report published,University of Colorado|Condon Committee,historical government or program figure,Scientific Study of Unidentified Flying Objects,institutional_or_historical,,"Directed the Air Force-funded Colorado study; concluded further UFO study was unlikely to advance science, helping prompt Blue Book’s closure.","Directed the Air Force-funded Colorado study; concluded further UFO study was unlikely to advance science, helping prompt Blue Book’s closure.",official records|program history|memoir or testimony,documented_official_role,,high_for_role_not_necessarily_claims,,Historical officials often changed views over time; summaries distinguish program roles from later personal conclusions.,,,Biographical or case overview,https://en.wikipedia.org/wiki/Edward_U._Condon,secondary_reference,National Archives UAP and UFO records,https://www.archives.gov/research/topics/uaps,primary_official,2,census,uap_person_edward_u_condon,,,2026-09-14,Dates may be year-only or month-only where day precision was not verified.,
UP-0125,Robert J. Low,,1919,1997,deceased,historical_government_or_program_figure,government|military|official investigation|historical,2_major,International,1966–1968,1966,1968,1966–1968: Condon Committee,University of Colorado|Condon Committee,historical government or program figure,Condon Committee administration,institutional_or_historical,,Served as project coordinator; an early internal memo became controversial over perceived conclusions in advance of research.,Served as project coordinator; an early internal memo became controversial over perceived conclusions in advance of research.,official records|program history|memoir or testimony,documented_official_role,,high_for_role_not_necessarily_claims,,Historical officials often changed views over time; summaries distinguish program roles from later personal conclusions.,,,Biographical or case overview,https://en.wikipedia.org/wiki/Robert_J._Low,secondary_reference,National Archives UAP and UFO records,https://www.archives.gov/research/topics/uaps,primary_official,2,census,uap_person_robert_j_low,,,2026-09-14,Dates may be year-only or month-only where day precision was not verified.,
UP-0126,David R. Saunders,,1927-08-11,2019-08-24,deceased,historical_government_or_program_figure,government|military|official investigation|historical,2_major,International,1966–2010,1966,2010,1966–1968: Condon Committee|1969: UFOs? Yes!,University of Colorado|Condon Committee,historical government or program figure,UFOs? Yes!,institutional_or_historical,,Committee psychologist who criticized project management and argued the subject deserved continuing scientific study.,Committee psychologist who criticized project management and argued the subject deserved continuing scientific study.,official records|program history|memoir or testimony,documented_official_role,,high_for_role_not_necessarily_claims,,Historical officials often changed views over time; summaries distinguish program roles from later personal conclusions.,,,Biographical or case overview,https://en.wikipedia.org/wiki/David_R._Saunders,secondary_reference,National Archives UAP and UFO records,https://www.archives.gov/research/topics/uaps,primary_official,2,census,uap_person_david_r_saunders,,,2026-09-14,Dates may be year-only or month-only where day precision was not verified.,
UP-0127,Franklin E. Roach,,1905-05-12,1993-09-21,deceased,historical_government_or_program_figure,government|military|official investigation|historical,2_major,International,1966–1968,1966,1968,1966–1968: Condon Committee,University of Colorado|astronomer,historical government or program figure,Condon Committee optical cases,institutional_or_historical,,Led optical and radar-related analysis for the Colorado project.,Led optical and radar-related analysis for the Colorado project.,official records|program history|memoir or testimony,documented_official_role,,high_for_role_not_necessarily_claims,,Historical officials often changed views over time; summaries distinguish program roles from later personal conclusions.,,,Biographical or case overview,https://en.wikipedia.org/wiki/Franklin_E._Roach,secondary_reference,National Archives UAP and UFO records,https://www.archives.gov/research/topics/uaps,primary_official,2,census,uap_person_franklin_e_roach,,,2026-09-14,Dates may be year-only or month-only where day precision was not verified.,
UP-0128,William K. Hartmann,,1939-06-06,,,historical_government_or_program_figure,government|military|official investigation|historical,2_major,International,1966–present,1966,present,1966–1968: Condon Committee,Planetary Science Institute|Condon Committee,historical government or program figure,Astronomical case analyses,institutional_or_historical,,Analyzed photographic cases for the Colorado study; considered a few unusually resistant to simple explanation.,Analyzed photographic cases for the Colorado study; considered a few unusually resistant to simple explanation.,official records|program history|memoir or testimony,documented_official_role,,high_for_role_not_necessarily_claims,,Historical officials often changed views over time; summaries distinguish program roles from later personal conclusions.,,,Biographical or case overview,https://en.wikipedia.org/wiki/William_K._Hartmann,secondary_reference,National Archives UAP and UFO records,https://www.archives.gov/research/topics/uaps,primary_official,2,census,uap_person_william_k_hartmann,,,2026-09-14,Dates may be year-only or month-only where day precision was not verified.,
UP-0129,Michael Wertheimer,,1927-08-27,2022-12-23,deceased,historical_government_or_program_figure,government|military|official investigation|historical,2_major,International,1966–1968,1966,1968,1966–1968: Condon Committee,University of Colorado|Condon Committee,historical government or program figure,Psychological case analysis,institutional_or_historical,,Contributed psychology and witness-evaluation work to the Colorado study.,Contributed psychology and witness-evaluation work to the Colorado study.,official records|program history|memoir or testimony,documented_official_role,,high_for_role_not_necessarily_claims,,Historical officials often changed views over time; summaries distinguish program roles from later personal conclusions.,,,Biographical or case overview,https://en.wikipedia.org/wiki/Michael_Wertheimer,secondary_reference,National Archives UAP and UFO records,https://www.archives.gov/research/topics/uaps,primary_official,2,census,uap_person_michael_wertheimer,,,2026-09-14,Dates may be year-only or month-only where day precision was not verified.,
UP-0130,Roy Craig,,1924-05-01,2015-01-24,deceased,historical_government_or_program_figure,government|military|official investigation|historical,2_major,International,1966–1995,1966,1995,1966–1968: Condon Committee|1995: memoir,University of Colorado|Condon Committee,historical government or program figure,UFOs: An Insider’s View of the Official Quest for Evidence,institutional_or_historical,,Field investigator who documented committee cases and later defended its overall skeptical conclusions.,Field investigator who documented committee cases and later defended its overall skeptical conclusions.,official records|program history|memoir or testimony,documented_official_role,,high_for_role_not_necessarily_claims,,Historical officials often changed views over time; summaries distinguish program roles from later personal conclusions.,,,Biographical or case overview,https://en.wikipedia.org/wiki/Roy_Craig,secondary_reference,National Archives UAP and UFO records,https://www.archives.gov/research/topics/uaps,primary_official,2,census,uap_person_roy_craig,,,2026-09-14,Dates may be year-only or month-only where day precision was not verified.,
UP-0131,Philip J. Corso,,1915-05-22,1998-07-16,deceased,historical_government_or_program_figure,government|military|official investigation|historical,2_major,International,1997–1998,1997,1998,1961–1963: alleged Pentagon role|1997: book published,U.S. Army|National Security Council,historical government or program figure,The Day After Roswell,institutional_or_historical,,Claimed late in life that he helped seed recovered Roswell technology into industry; historians and military records researchers dispute major elements.,Claimed late in life that he helped seed recovered Roswell technology into industry; historians and military records researchers dispute major elements.,official records|program history|memoir or testimony,documented_official_role,,high_for_role_not_necessarily_claims,,Historical officials often changed views over time; summaries distinguish program roles from later personal conclusions.,,,Biographical or case overview,https://en.wikipedia.org/wiki/Philip_J._Corso,secondary_reference,National Archives UAP and UFO records,https://www.archives.gov/research/topics/uaps,primary_official,2,census,uap_person_philip_j_corso,,,2026-09-14,Dates may be year-only or month-only where day precision was not verified.,
UP-0132,Jesse Marcel Sr.,,1907-05-27,1986-06-24,deceased,historical_government_or_program_figure,government|military|official investigation|historical,2_major,International,1947–1986,1947,1986,1947-07: Roswell debris recovery|1978: public interview,U.S. Army Air Forces|Roswell Army Air Field,historical government or program figure,Roswell witness interviews|1947 Roswell debris account,institutional_or_historical,historical,Intelligence officer who handled debris in 1947 and later said it was not an ordinary weather balloon; interpretations remain disputed.,Intelligence officer who handled debris in 1947 and later said it was not an ordinary weather balloon; interpretations remain disputed.,official records|program history|memoir or testimony,documented_official_role,firsthand_witness|contested,high_for_role_not_necessarily_claims,high,Historical officials often changed views over time; summaries distinguish program roles from later personal conclusions.,1978,,Biographical or case overview,https://en.wikipedia.org/wiki/Jesse_Marcel_Sr.,secondary_reference,National Archives UAP and UFO records,https://www.archives.gov/research/topics/uaps,primary_official,2,census+seed,uap_person_jesse_marcel_sr,PER-155,merged (exact),2026-09-14,Dates may be year-only or month-only where day precision was not verified.,
UP-0133,Walter Haut,,1922-06-03,2005-12-15,deceased,historical_government_or_program_figure,government|military|official investigation|historical,2_major,International,1947–2005,1947,2005,1947-07-08: press release|1991: museum founded,U.S. Army Air Forces|Roswell Army Air Field|International UFO Museum,historical government or program figure,1947 press release|posthumous affidavit|Sealed affidavit (opened 2005),institutional_or_historical,historical,Issued the original “flying disc” press release and later became a Roswell museum co-founder; later affidavit claims are disputed.,Issued the original “flying disc” press release and later became a Roswell museum co-founder; later affidavit claims are disputed.,official records|program history|memoir or testimony,documented_official_role,contested|documented,high_for_role_not_necessarily_claims,high,Historical officials often changed views over time; summaries distinguish program roles from later personal conclusions.,1947-07-08,,Biographical or case overview,https://en.wikipedia.org/wiki/Walter_Haut,secondary_reference,National Archives UAP and UFO records,https://www.archives.gov/research/topics/uaps,primary_official,2,census+seed,uap_person_walter_haut,PER-157,merged (exact),2026-09-14,Dates may be year-only or month-only where day precision was not verified.,
UP-0134,Charles I. Halt,,1939,,active,historical_government_or_program_figure,government|military|official investigation|historical,2_major,International,1980–present,1980,present,1980-12-27–28: Rendlesham incident|1981-01-13: memo,U.S. Air Force|RAF Bentwaters,historical government or program figure,Halt memo|Halt tape|public testimony|The Halt Memo (1981)|Rendlesham testimony,institutional_or_historical,proponent_anomaly,Deputy base commander who documented the Rendlesham Forest incident and later argued it involved an unexplained structured craft.,Deputy base commander who documented the Rendlesham Forest incident and later argued it involved an unexplained structured craft.,official records|program history|memoir or testimony,documented_official_role,firsthand_witness|documented,high_for_role_not_necessarily_claims,high,Historical officials often changed views over time; summaries distinguish program roles from later personal conclusions.,1983,,Biographical or case overview,https://en.wikipedia.org/wiki/Charles_I._Halt,secondary_reference,National Archives UAP and UFO records,https://www.archives.gov/research/topics/uaps,primary_official,2,census+seed,uap_person_charles_i_halt,PER-123,merged (exact),2026-09-14,Dates may be year-only or month-only where day precision was not verified.,
UP-0135,Uyrangê Hollanda,,1936,1997-10-02,deceased,historical_government_or_program_figure,government|military|official investigation|historical,2_major,International,1977–1997,1977,1997,1977-09–12: Operation Saucer|1997: public interview,Brazilian Air Force|Operation Saucer,historical government or program figure,Operation Saucer reports|1997 interview,institutional_or_historical,,"Commanded Brazil’s 1977 Colares investigation and later described extraordinary encounters; official records document the operation, not every later claim.","Commanded Brazil’s 1977 Colares investigation and later described extraordinary encounters; official records document the operation, not every later claim.",official records|program history|memoir or testimony,documented_official_role,,high_for_role_not_necessarily_claims,,Historical officials often changed views over time; summaries distinguish program roles from later personal conclusions.,,,Biographical or case overview,https://en.wikipedia.org/wiki/Uyrang%C3%AA_Hollanda,secondary_reference,National Archives UAP and UFO records,https://www.archives.gov/research/topics/uaps,primary_official,2,census,uap_person_uyrange_hollanda,,,2026-09-14,Dates may be year-only or month-only where day precision was not verified.,
UP-0136,Claude Poher,,1936,,active,historical_government_or_program_figure,government|military|official investigation|historical,2_major,International,1977–present,1977,present,1977: GEPAN founded,CNES|GEPAN|GEPAN/CNES (founder),historical government or program figure,GEPAN founding reports|GEPAN reports (1977-),institutional_or_historical,agnostic_scientific,Founded France’s official UFO study unit and argued some cases deserved sustained technical investigation.,Founded France’s official UFO study unit and argued some cases deserved sustained technical investigation.,official records|program history|memoir or testimony,documented_official_role,official_experience|scientific_analysis,high_for_role_not_necessarily_claims,medium,Historical officials often changed views over time; summaries distinguish program roles from later personal conclusions.,1977,,CNES GEIPAN official page,https://cnes.fr/en/projects/geipan,primary_or_institutional,National Archives UAP and UFO records,https://www.archives.gov/research/topics/uaps,primary_official,2,census+seed,uap_person_claude_poher,PER-150,merged (exact),2026-09-14,Dates may be year-only or month-only where day precision was not verified.,
UP-0137,Alain Esterle,,,,,historical_government_or_program_figure,government|military|official investigation|historical,2_major,International,1979–1983,1979,1983,1979–1983: GEPAN director,CNES|GEPAN,historical government or program figure,GEPAN director reports,institutional_or_historical,,Led the French government study group in the early 1980s.,Led the French government study group in the early 1980s.,official records|program history|memoir or testimony,documented_official_role,,high_for_role_not_necessarily_claims,,Historical officials often changed views over time; summaries distinguish program roles from later personal conclusions.,,,CNES GEIPAN official page,https://cnes.fr/en/projects/geipan,primary_or_institutional,National Archives UAP and UFO records,https://www.archives.gov/research/topics/uaps,primary_official,2,census,uap_person_alain_esterle,,,2026-09-14,Biographical dates not confidently verified in this pass; see key_event_dates.,
UP-0138,Jean-Jacques Velasco,,1946,,active,historical_government_or_program_figure,government|military|official investigation|historical,2_major,International,1983–present,1983,present,1983–2004: GEPAN/SEPRA leadership|1999: COMETA report,CNES|SEPRA|COMETA contributors|SEPRA/CNES (fmr head),historical government or program figure,OVNIs: L’évidence|SEPRA case work|COMETA-adjacent commentary,institutional_or_historical,proponent_anomaly,Led France’s official service and later publicly favored an extraterrestrial interpretation for a subset of cases.,Led France’s official service and later publicly favored an extraterrestrial interpretation for a subset of cases.,official records|program history|memoir or testimony,documented_official_role,official_experience,high_for_role_not_necessarily_claims,medium,Historical officials often changed views over time; summaries distinguish program roles from later personal conclusions.,1983,,CNES GEIPAN official page,https://cnes.fr/en/projects/geipan,primary_or_institutional,National Archives UAP and UFO records,https://www.archives.gov/research/topics/uaps,primary_official,2,census+seed,uap_person_jean_jacques_velasco,PER-151,merged (exact),2026-09-14,Dates may be year-only or month-only where day precision was not verified.,
UP-0139,Jacques Patenet,,,,,historical_government_or_program_figure,government|military|official investigation|historical,2_major,International,2005–2009,2005,2009,2005–2009: GEIPAN director,CNES|GEIPAN,historical government or program figure,GEIPAN director,institutional_or_historical,,Directed the reconstituted French official UAP unit and expanded public access to case files.,Directed the reconstituted French official UAP unit and expanded public access to case files.,official records|program history|memoir or testimony,documented_official_role,,high_for_role_not_necessarily_claims,,Historical officials often changed views over time; summaries distinguish program roles from later personal conclusions.,,,CNES GEIPAN official page,https://cnes.fr/en/projects/geipan,primary_or_institutional,National Archives UAP and UFO records,https://www.archives.gov/research/topics/uaps,primary_official,2,census,uap_person_jacques_patenet,,,2026-09-14,Biographical dates not confidently verified in this pass; see key_event_dates.,
UP-0140,Yves Blanc,,,,,historical_government_or_program_figure,government|military|official investigation|historical,2_major,International,2009–2011,2009,2011,2009–2011: GEIPAN director,CNES|GEIPAN,historical government or program figure,GEIPAN director,institutional_or_historical,,Led the French case-investigation office and promoted transparent publication of reports.,Led the French case-investigation office and promoted transparent publication of reports.,official records|program history|memoir or testimony,documented_official_role,,high_for_role_not_necessarily_claims,,Historical officials often changed views over time; summaries distinguish program roles from later personal conclusions.,,,CNES GEIPAN official page,https://cnes.fr/en/projects/geipan,primary_or_institutional,National Archives UAP and UFO records,https://www.archives.gov/research/topics/uaps,primary_official,2,census,uap_person_yves_blanc,,,2026-09-14,Biographical dates not confidently verified in this pass; see key_event_dates.,
UP-0141,Xavier Passot,,,,,historical_government_or_program_figure,government|military|official investigation|historical,2_major,International,2011–present,2011,present,2011–2016: GEIPAN director,CNES|GEIPAN,historical government or program figure,J’ai vu un OVNI|GEIPAN reports,institutional_or_historical,,Directed GEIPAN and emphasized prosaic explanations while retaining a small unexplained category.,Directed GEIPAN and emphasized prosaic explanations while retaining a small unexplained category.,official records|program history|memoir or testimony,documented_official_role,,high_for_role_not_necessarily_claims,,Historical officials often changed views over time; summaries distinguish program roles from later personal conclusions.,,,CNES GEIPAN official page,https://cnes.fr/en/projects/geipan,primary_or_institutional,National Archives UAP and UFO records,https://www.archives.gov/research/topics/uaps,primary_official,2,census,uap_person_xavier_passot,,,2026-09-14,Biographical dates not confidently verified in this pass; see key_event_dates.,
UP-0142,Jean-Paul Aguttes,,,,,historical_government_or_program_figure,government|military|official investigation|historical,2_major,International,2016–2019,2016,2019,2016–2019: GEIPAN director,CNES|GEIPAN,historical government or program figure,GEIPAN director,institutional_or_historical,,Led France’s official UAP investigation and case-publication process.,Led France’s official UAP investigation and case-publication process.,official records|program history|memoir or testimony,documented_official_role,,high_for_role_not_necessarily_claims,,Historical officials often changed views over time; summaries distinguish program roles from later personal conclusions.,,,CNES GEIPAN official page,https://cnes.fr/en/projects/geipan,primary_or_institutional,National Archives UAP and UFO records,https://www.archives.gov/research/topics/uaps,primary_official,2,census,uap_person_jean_paul_aguttes,,,2026-09-14,Biographical dates not confidently verified in this pass; see key_event_dates.,
UP-0143,Roger Baldacchino,,,,,historical_government_or_program_figure,government|military|official investigation|historical,2_major,International,2019–2021,2019,2021,2019–2021: GEIPAN director,CNES|GEIPAN,historical government or program figure,GEIPAN director,institutional_or_historical,,"Managed official French collection, investigation, and publication of unusual aerospace reports.","Managed official French collection, investigation, and publication of unusual aerospace reports.",official records|program history|memoir or testimony,documented_official_role,,high_for_role_not_necessarily_claims,,Historical officials often changed views over time; summaries distinguish program roles from later personal conclusions.,,,CNES GEIPAN official page,https://cnes.fr/en/projects/geipan,primary_or_institutional,National Archives UAP and UFO records,https://www.archives.gov/research/topics/uaps,primary_official,2,census,uap_person_roger_baldacchino,,,2026-09-14,Biographical dates not confidently verified in this pass; see key_event_dates.,
UP-0144,Vincent Costes,,,,,historical_government_or_program_figure,government|military|official investigation|historical,2_major,International,2021–present,2021,present,2021–2024: GEIPAN leadership|2023: IFEX workshop,CNES|GEIPAN,historical government or program figure,GEIPAN reports|IFEX workshops,institutional_or_historical,,Former GEIPAN leader who promotes methodical case screening and international scientific exchange.,Former GEIPAN leader who promotes methodical case screening and international scientific exchange.,official records|program history|memoir or testimony,documented_official_role,,high_for_role_not_necessarily_claims,,Historical officials often changed views over time; summaries distinguish program roles from later personal conclusions.,,,University of Würzburg IFEX workshop page,https://www.uni-wuerzburg.de/en/ifex/events/ifex-uap-workshop-2023/,primary_or_institutional,National Archives UAP and UFO records,https://www.archives.gov/research/topics/uaps,primary_official,2,census,uap_person_vincent_costes,,,2026-09-14,Biographical dates not confidently verified in this pass; see key_event_dates.,
UP-0145,Frédéric Courtade,,,,,historical_government_or_program_figure,government|military|official investigation|historical,2_major,International,2024–present,2024,present,2024: GEIPAN leadership,CNES|GEIPAN,historical government or program figure,GEIPAN leadership,institutional_or_historical,,Leads or has led France’s official reporting and investigation work in the mid-2020s.,Leads or has led France’s official reporting and investigation work in the mid-2020s.,official records|program history|memoir or testimony,documented_official_role,,high_for_role_not_necessarily_claims,,Historical officials often changed views over time; summaries distinguish program roles from later personal conclusions.,,,CNES GEIPAN official page,https://cnes.fr/en/projects/geipan,primary_or_institutional,National Archives UAP and UFO records,https://www.archives.gov/research/topics/uaps,primary_official,2,census,uap_person_frederic_courtade,,,2026-09-14,Biographical dates not confidently verified in this pass; see key_event_dates.,
UP-0146,Yves Sillard,,1936-01-05,2023-04-12,deceased,historical_government_or_program_figure,government|military|official investigation|historical,2_major,International,2005–2023,2005,2023,2005: supported GEIPAN relaunch,CNES|French defense and space institutions|GEIPAN oversight,historical government or program figure,Phenomena aérospatiaux non identifiés,institutional_or_historical,,"Senior French space official who supported continued public, technical study of UAP.","Senior French space official who supported continued public, technical study of UAP.",official records|program history|memoir or testimony,documented_official_role,,high_for_role_not_necessarily_claims,,Historical officials often changed views over time; summaries distinguish program roles from later personal conclusions.,,,Biographical or case overview,https://en.wikipedia.org/wiki/Yves_Sillard,secondary_reference,National Archives UAP and UFO records,https://www.archives.gov/research/topics/uaps,primary_official,2,census,uap_person_yves_sillard,,,2026-09-14,Dates may be year-only or month-only where day precision was not verified.,
UP-0147,Denis Letty,,,,,historical_government_or_program_figure,government|military|official investigation|historical,2_major,International,1996–2000,1996,2000,1999: COMETA report published,French Air Force|COMETA,historical government or program figure,COMETA report,institutional_or_historical,,"Chaired the private high-level COMETA group, whose 1999 report judged a physical phenomenon likely and extraterrestrial origin plausible for some cases.","Chaired the private high-level COMETA group, whose 1999 report judged a physical phenomenon likely and extraterrestrial origin plausible for some cases.",official records|program history|memoir or testimony,documented_official_role,,high_for_role_not_necessarily_claims,,Historical officials often changed views over time; summaries distinguish program roles from later personal conclusions.,,,Biographical or case overview,https://en.wikipedia.org/wiki/Denis_Letty,secondary_reference,National Archives UAP and UFO records,https://www.archives.gov/research/topics/uaps,primary_official,2,census,uap_person_denis_letty,,,2026-09-14,Biographical dates not confidently verified in this pass; see key_event_dates.,
UP-0148,Bernard Norlain,,1939-11-22,,,historical_government_or_program_figure,government|military|official investigation|historical,2_major,International,1999–present,1999,present,1999: COMETA report published,French Air Force|COMETA,historical government or program figure,COMETA report,institutional_or_historical,,Senior retired general associated with COMETA’s call for serious government attention.,Senior retired general associated with COMETA’s call for serious government attention.,official records|program history|memoir or testimony,documented_official_role,,high_for_role_not_necessarily_claims,,Historical officials often changed views over time; summaries distinguish program roles from later personal conclusions.,,,Biographical or case overview,https://en.wikipedia.org/wiki/Bernard_Norlain,secondary_reference,National Archives UAP and UFO records,https://www.archives.gov/research/topics/uaps,primary_official,2,census,uap_person_bernard_norlain,,,2026-09-14,Dates may be year-only or month-only where day precision was not verified.,
UP-0149,André Lebeau,,1932-03-04,2013-02-26,deceased,historical_government_or_program_figure,government|military|official investigation|historical,2_major,International,1999–1999,1999,1999,1999: COMETA report published,CNES|Météo-France|COMETA,historical government or program figure,COMETA report,institutional_or_historical,,Former CNES chair who contributed to COMETA’s technical and institutional assessment.,Former CNES chair who contributed to COMETA’s technical and institutional assessment.,official records|program history|memoir or testimony,documented_official_role,,high_for_role_not_necessarily_claims,,Historical officials often changed views over time; summaries distinguish program roles from later personal conclusions.,,,Biographical or case overview,https://en.wikipedia.org/wiki/Andr%C3%A9_Lebeau,secondary_reference,National Archives UAP and UFO records,https://www.archives.gov/research/topics/uaps,primary_official,2,census,uap_person_andre_lebeau,,,2026-09-14,Dates may be year-only or month-only where day precision was not verified.,
UP-0150,Edmond Campagnac,,,,,historical_government_or_program_figure,government|military|official investigation|historical,2_major,International,1999–1999,1999,1999,1999: COMETA report published,Air France|COMETA,historical government or program figure,COMETA report,institutional_or_historical,,Aviation executive associated with COMETA’s review of pilot and aerospace cases.,Aviation executive associated with COMETA’s review of pilot and aerospace cases.,official records|program history|memoir or testimony,documented_official_role,,high_for_role_not_necessarily_claims,,Historical officials often changed views over time; summaries distinguish program roles from later personal conclusions.,,,Biographical or case overview,https://en.wikipedia.org/wiki/Edmond_Campagnac,secondary_reference,National Archives UAP and UFO records,https://www.archives.gov/research/topics/uaps,primary_official,2,census,uap_person_edmond_campagnac,,,2026-09-14,Biographical dates not confidently verified in this pass; see key_event_dates.,
UP-0151,Paul Hellyer,,1923-08-06,2021-08-08,deceased,historical_government_or_program_figure,government|military|official investigation|historical,2_major,International,2005–2021,2005,2021,2005: public UFO statement,"Canadian Department of National Defence|Parliament of Canada|Minister of National Defence, Canada (fmr)",historical government or program figure,Public speeches|The Light at the End of the Tunnel|Public lectures and interviews (2005-2021),institutional_or_historical,proponent_nhi,"Former defense minister who later asserted extraterrestrial visitation and government secrecy, based mainly on secondary sources rather than claimed official access.","Former defense minister who later asserted extraterrestrial visitation and government secrecy, based mainly on secondary sources rather than claimed official access.",official records|program history|memoir or testimony,documented_official_role,on_record_public|contested,high_for_role_not_necessarily_claims,high,Historical officials often changed views over time; summaries distinguish program roles from later personal conclusions.,2005,,Biographical or case overview,https://en.wikipedia.org/wiki/Paul_Hellyer,secondary_reference,National Archives UAP and UFO records,https://www.archives.gov/research/topics/uaps,primary_official,2,census+seed,uap_person_paul_hellyer,PER-133,merged (exact),2026-09-14,Dates may be year-only or month-only where day precision was not verified.,
UP-0152,Nick Pope,,1965-09-19,,active,historical_government_or_program_figure,government|military|official investigation|historical,2_major,International,1991–present,1991,present,1991–1994: MoD UFO desk|1996: book,UK Ministry of Defence|media commentator,historical government or program figure,"Open Skies, Closed Minds|public commentary|global media commentary",institutional_or_historical,agnostic_scientific,Worked on the UK MoD UFO desk and later became a prominent media advocate for investigation; critics dispute how senior or specialized the role was.,Worked on the UK MoD UFO desk and later became a prominent media advocate for investigation; critics dispute how senior or specialized the role was.,official records|program history|memoir or testimony,documented_official_role,official_experience|commentary,high_for_role_not_necessarily_claims,high,Historical officials often changed views over time; summaries distinguish program roles from later personal conclusions.,1996,POD-050|POD-003,Biographical or case overview,https://en.wikipedia.org/wiki/Nick_Pope,secondary_reference,National Archives UAP and UFO records,https://www.archives.gov/research/topics/uaps,primary_official,2,census+seed,uap_person_nick_pope,PER-097,merged (exact),2026-09-14,Dates may be year-only or month-only where day precision was not verified.,
UP-0153,David Clarke,,1954,,,historical_government_or_program_figure,government|military|official investigation|historical,2_major,International,1990–present,1990,present,2008: UK file releases|2012: The UFO Files,Sheffield Hallam University|UK National Archives consultant,historical government or program figure,The UFO Files|journalism,institutional_or_historical,,Historian and journalist who helped publicize UK files and generally favors sociological or conventional explanations.,Historian and journalist who helped publicize UK files and generally favors sociological or conventional explanations.,official records|program history|memoir or testimony,documented_official_role,,high_for_role_not_necessarily_claims,,Historical officials often changed views over time; summaries distinguish program roles from later personal conclusions.,,,Biographical or case overview,https://en.wikipedia.org/wiki/David_Clarke,secondary_reference,National Archives UAP and UFO records,https://www.archives.gov/research/topics/uaps,primary_official,2,census,uap_person_david_clarke,,,2026-09-14,Dates may be year-only or month-only where day precision was not verified.,
UP-0154,Salvador Freixedo,,1923-04-23,2019-10-25,deceased,historical_government_or_program_figure,government|military|official investigation|historical,2_major,International,1970–2019,1970,2019,1970s: major UFO publications,Jesuit order (former)|Spanish-language ufology,historical government or program figure,Defendámonos de los dioses,institutional_or_historical,,Influential Hispanic ufologist who proposed manipulative non-human intelligences behind religious and UFO experiences.,Influential Hispanic ufologist who proposed manipulative non-human intelligences behind religious and UFO experiences.,official records|program history|memoir or testimony,documented_official_role,,high_for_role_not_necessarily_claims,,Historical officials often changed views over time; summaries distinguish program roles from later personal conclusions.,,,Biographical or case overview,https://en.wikipedia.org/wiki/Salvador_Freixedo,secondary_reference,National Archives UAP and UFO records,https://www.archives.gov/research/topics/uaps,primary_official,2,census,uap_person_salvador_freixedo,,,2026-09-14,Dates may be year-only or month-only where day precision was not verified.,
UP-0155,J. Salatun,,1927-05-29,2012-11-16,deceased,historical_government_or_program_figure,government|military|official investigation|historical,2_major,International,1960–2000,1960,2000,1960s: Indonesian UFO publications,Indonesian Air Force|Indonesian National Institute of Aeronautics and Space,historical government or program figure,"UFO, Salah Satu Masalah Dunia Masa Kini",institutional_or_historical,,Military and aerospace official who helped establish Indonesian UFO study and public discussion.,Military and aerospace official who helped establish Indonesian UFO study and public discussion.,official records|program history|memoir or testimony,documented_official_role,,high_for_role_not_necessarily_claims,,Historical officials often changed views over time; summaries distinguish program roles from later personal conclusions.,,,Biographical or case overview,https://en.wikipedia.org/wiki/J._Salatun,secondary_reference,National Archives UAP and UFO records,https://www.archives.gov/research/topics/uaps,primary_official,2,census,uap_person_j_salatun,,,2026-09-14,Dates may be year-only or month-only where day precision was not verified.,
UP-0156,Igor Volke,,1950-01-19,,,historical_government_or_program_figure,government|military|official investigation|historical,2_major,International,1970–present,1970,present,1970s: began investigations,Estonian UFO organizations|investigator,historical government or program figure,Estonian case investigations and books,institutional_or_historical,,Prominent Estonian investigator and public commentator on anomalous phenomena.,Prominent Estonian investigator and public commentator on anomalous phenomena.,official records|program history|memoir or testimony,documented_official_role,,high_for_role_not_necessarily_claims,,Historical officials often changed views over time; summaries distinguish program roles from later personal conclusions.,,,Biographical or case overview,https://en.wikipedia.org/wiki/Igor_Volke,secondary_reference,National Archives UAP and UFO records,https://www.archives.gov/research/topics/uaps,primary_official,2,census,uap_person_igor_volke,,,2026-09-14,Dates may be year-only or month-only where day precision was not verified.,
UP-0157,Fábio Zerpa,,1928-12-04,2019-08-07,deceased,historical_government_or_program_figure,government|military|official investigation|historical,2_major,International,1960–2019,1960,2019,1960s: broadcast career,Argentine radio and television|ONIFE,historical government or program figure,Más allá de la cuarta dimensión,institutional_or_historical,,Major Argentine broadcaster and investigator who popularized South American UFO cases.,Major Argentine broadcaster and investigator who popularized South American UFO cases.,official records|program history|memoir or testimony,documented_official_role,,high_for_role_not_necessarily_claims,,Historical officials often changed views over time; summaries distinguish program roles from later personal conclusions.,,,Biographical or case overview,https://en.wikipedia.org/wiki/F%C3%A1bio_Zerpa,secondary_reference,National Archives UAP and UFO records,https://www.archives.gov/research/topics/uaps,primary_official,2,census,uap_person_fabio_zerpa,,,2026-09-14,Dates may be year-only or month-only where day precision was not verified.,
UP-0158,Ademar José Gevaerd,A. J. Gevaerd,1962-03-04,2022-12-09,deceased,historical_government_or_program_figure,government|military|official investigation|historical,2_major,International,1980–2022,1980,2022,1985: Revista UFO founded|1997: Hollanda interview,Revista UFO|Brazilian Center for Flying Saucer Research,historical government or program figure,Revista UFO|Operation Saucer advocacy,institutional_or_historical,,Brazilian editor and investigator central to Latin American disclosure activism and case reporting.,Brazilian editor and investigator central to Latin American disclosure activism and case reporting.,official records|program history|memoir or testimony,documented_official_role,,high_for_role_not_necessarily_claims,,Historical officials often changed views over time; summaries distinguish program roles from later personal conclusions.,,,Biographical or case overview,https://en.wikipedia.org/wiki/Ademar_Jos%C3%A9_Gevaerd,secondary_reference,National Archives UAP and UFO records,https://www.archives.gov/research/topics/uaps,primary_official,2,census,uap_person_ademar_jose_gevaerd,,,2026-09-14,Dates may be year-only or month-only where day precision was not verified.,
UP-0159,Marco Antônio Petit,,,,,historical_government_or_program_figure,government|military|official investigation|historical,2_major,International,1980–present,1980,present,1990s: Varginha/Operation Saucer research,Brazilian UFO researchers|Revista UFO,historical government or program figure,Varginha and Operation Saucer investigations,institutional_or_historical,,Brazilian field investigator and author associated with major Brazilian cases.,Brazilian field investigator and author associated with major Brazilian cases.,official records|program history|memoir or testimony,documented_official_role,,high_for_role_not_necessarily_claims,,Historical officials often changed views over time; summaries distinguish program roles from later personal conclusions.,,,Biographical or case overview,https://en.wikipedia.org/wiki/Marco_Ant%C3%B4nio_Petit,secondary_reference,National Archives UAP and UFO records,https://www.archives.gov/research/topics/uaps,primary_official,2,census,uap_person_marco_antonio_petit,,,2026-09-14,Biographical dates not confidently verified in this pass; see key_event_dates.,
UP-0160,Juan José Benítez,J. J. Benitez,1946-09-07,,,historical_government_or_program_figure,government|military|official investigation|historical,2_major,International,1970–present,1970,present,1970s: UFO reporting,Spanish journalism|author,historical government or program figure,Caballo de Troya|UFO investigations,institutional_or_historical,,"Spanish journalist and bestselling author who reports UFO cases while blending investigation, speculation, and fiction.","Spanish journalist and bestselling author who reports UFO cases while blending investigation, speculation, and fiction.",official records|program history|memoir or testimony,documented_official_role,,high_for_role_not_necessarily_claims,,Historical officials often changed views over time; summaries distinguish program roles from later personal conclusions.,,,Biographical or case overview,https://en.wikipedia.org/wiki/Juan_Jos%C3%A9_Ben%C3%ADtez,secondary_reference,National Archives UAP and UFO records,https://www.archives.gov/research/topics/uaps,primary_official,2,census,uap_person_juan_jose_benitez,,,2026-09-14,Dates may be year-only or month-only where day precision was not verified.,
UP-0161,Iker Jiménez,,1973-01-10,,,historical_government_or_program_figure,government|military|official investigation|historical,2_major,International,2002–present,2002,present,2002: Milenio 3|2005: Cuarto Milenio,Cuatro|Cadena SER|Milenio 3|Cuarto Milenio,historical government or program figure,Cuarto Milenio,institutional_or_historical,,Spanish broadcaster who regularly covers UFOs and anomalous claims for a mass audience.,Spanish broadcaster who regularly covers UFOs and anomalous claims for a mass audience.,official records|program history|memoir or testimony,documented_official_role,,high_for_role_not_necessarily_claims,,Historical officials often changed views over time; summaries distinguish program roles from later personal conclusions.,,,Biographical or case overview,https://en.wikipedia.org/wiki/Iker_Jim%C3%A9nez,secondary_reference,National Archives UAP and UFO records,https://www.archives.gov/research/topics/uaps,primary_official,2,census,uap_person_iker_jimenez,,,2026-09-14,Dates may be year-only or month-only where day precision was not verified.,
UP-0162,Carmen Porter,,1974-08-23,,,historical_government_or_program_figure,government|military|official investigation|historical,2_major,International,2005–present,2005,present,2005: Cuarto Milenio,Cuarto Milenio|journalist,historical government or program figure,Cuarto Milenio|investigative books,institutional_or_historical,,"Spanish journalist and television producer covering UFO, mystery, and paranormal topics.","Spanish journalist and television producer covering UFO, mystery, and paranormal topics.",official records|program history|memoir or testimony,documented_official_role,,high_for_role_not_necessarily_claims,,Historical officials often changed views over time; summaries distinguish program roles from later personal conclusions.,,,Biographical or case overview,https://en.wikipedia.org/wiki/Carmen_Porter,secondary_reference,National Archives UAP and UFO records,https://www.archives.gov/research/topics/uaps,primary_official,2,census,uap_person_carmen_porter,,,2026-09-14,Dates may be year-only or month-only where day precision was not verified.,
UP-0163,Jaime Maussan,,1953-05-31,,,historical_government_or_program_figure,government|military|official investigation|historical,2_major,International,1991–present,1991,present,1991: Tercer Milenio|2023-09-12: Mexican Chamber event,Tercer Milenio|Mexican television,historical government or program figure,UFO broadcasts|2023 Mexican congressional event,institutional_or_historical,,Highly visible Mexican presenter promoting UFO videos and alleged non-human specimens; multiple showcased items have been criticized or debunked.,Highly visible Mexican presenter promoting UFO videos and alleged non-human specimens; multiple showcased items have been criticized or debunked.,official records|program history|memoir or testimony,documented_official_role,,high_for_role_not_necessarily_claims,,Historical officials often changed views over time; summaries distinguish program roles from later personal conclusions.,,,Biographical or case overview,https://en.wikipedia.org/wiki/Jaime_Maussan,secondary_reference,National Archives UAP and UFO records,https://www.archives.gov/research/topics/uaps,primary_official,2,census,uap_person_jaime_maussan,,,2026-09-14,Dates may be year-only or month-only where day precision was not verified.,
UP-0164,Leslie Kean,,1959,,active,journalist_host_or_filmmaker,media|journalism|podcast|documentary,2_major,International,2000–present,2000,present,2000: UFO journalism|2017-12-16: New York Times AATIP story,The New York Times contributor|independent journalist|New York Times (contributor),journalist host or filmmaker,"UFOs: Generals, Pilots, and Government Officials Go on the Record|Surviving Death|UFOs: Generals, Pilots and Government Officials Speak on the Record (2010)|2017 NYT AATIP story|2023 Debrief Grusch story",media_or_public_discourse,transparency_advocate,"Reported the 2017 Pentagon-UAP story and advocates serious, evidence-focused coverage of official witnesses and records.","Reported the 2017 Pentagon-UAP story and advocates serious, evidence-focused coverage of official witnesses and records.",published reporting|interviews|documentary or broadcast record,reporting_or_commentary,investigative_journalism,moderate_contextual,high,Platforms vary from reported journalism to advocacy and entertainment; inclusion does not endorse guests’ or hosts’ claims.,2010,,Biographical or case overview,https://en.wikipedia.org/wiki/Leslie_Kean,secondary_reference,UFO podcast directory and platform survey,https://podcast.feedspot.com/ufo_podcasts/,secondary_directory,2,census+seed,uap_person_leslie_kean,PER-064,merged (exact),2026-09-14,Dates may be year-only or month-only where day precision was not verified.,
UP-0165,Ralph Blumenthal,,1931,,active,journalist_host_or_filmmaker,media|journalism|podcast|documentary,2_major,International,2017–present,2017,present,2017-12-16: New York Times AATIP story|2023-06-05: Grusch article,The New York Times|independent journalist|New York Times (fmr),journalist host or filmmaker,2017 AATIP investigation|The Believer|2017 NYT AATIP story|The Believer (John Mack biography),media_or_public_discourse,journalist_neutral,Co-reported the story that brought the Pentagon UAP program to wide public attention and continued covering David Grusch.,Co-reported the story that brought the Pentagon UAP program to wide public attention and continued covering David Grusch.,published reporting|interviews|documentary or broadcast record,reporting_or_commentary,investigative_journalism,moderate_contextual,high,Platforms vary from reported journalism to advocacy and entertainment; inclusion does not endorse guests’ or hosts’ claims.,2017-12-16,,Biographical or case overview,https://en.wikipedia.org/wiki/Ralph_Blumenthal,secondary_reference,UFO podcast directory and platform survey,https://podcast.feedspot.com/ufo_podcasts/,secondary_directory,2,census+seed,uap_person_ralph_blumenthal,PER-065,merged (exact),2026-09-14,Dates may be year-only or month-only where day precision was not verified.,
UP-0166,Helene Cooper,,1966-04-22,,active,journalist_host_or_filmmaker,media|journalism|podcast|documentary,2_major,International,2017–present,2017,present,2017-12-16: AATIP story|2019-05-26: Navy pilot report,The New York Times|Pentagon correspondent|New York Times,journalist host or filmmaker,2017 and 2019 UAP reporting|2017 NYT AATIP story,media_or_public_discourse,journalist_neutral,Co-reported official Navy and Pentagon UAP stories that reshaped mainstream coverage.,Co-reported official Navy and Pentagon UAP stories that reshaped mainstream coverage.,published reporting|interviews|documentary or broadcast record,reporting_or_commentary,investigative_journalism,moderate_contextual,high,Platforms vary from reported journalism to advocacy and entertainment; inclusion does not endorse guests’ or hosts’ claims.,2017-12-16,,Biographical or case overview,https://en.wikipedia.org/wiki/Helene_Cooper,secondary_reference,UFO podcast directory and platform survey,https://podcast.feedspot.com/ufo_podcasts/,secondary_directory,2,census+seed,uap_person_helene_cooper,PER-066,merged (exact),2026-09-14,Dates may be year-only or month-only where day precision was not verified.,
UP-0167,Ross Coulthart,,1962,,active,journalist_host_or_filmmaker,media|journalism|podcast|documentary,2_major,International,2021–present,2021,present,2021: In Plain Sight|2023-06-11: Grusch interview,NewsNation|Seven Network|Need to Know|Nine Network (fmr),journalist host or filmmaker,In Plain Sight|Reality Check|David Grusch interview|In Plain Sight (2021)|Jake Barber exclusive (2025-01-18),media_or_public_discourse,transparency_advocate,Australian journalist and broadcaster who champions disclosure and publishes interviews with officials and alleged insiders.,Australian journalist and broadcaster who champions disclosure and publishes interviews with officials and alleged insiders.,published reporting|interviews|documentary or broadcast record,reporting_or_commentary,investigative_journalism,moderate_contextual,high,Platforms vary from reported journalism to advocacy and entertainment; inclusion does not endorse guests’ or hosts’ claims.,2021,POD-002,Biographical or case overview,https://en.wikipedia.org/wiki/Ross_Coulthart,secondary_reference,UFO podcast directory and platform survey,https://podcast.feedspot.com/ufo_podcasts/,secondary_directory,2,census+seed,uap_person_ross_coulthart,PER-062,merged (exact),2026-09-14,Dates may be year-only or month-only where day precision was not verified.,
UP-0168,Jeremy Corbell,Jeremy Kenyon Lockyer Corbell,1977-02-03,,active,journalist_host_or_filmmaker,media|journalism|podcast|documentary,2_major,International,2011–present,2011,present,2018: Bob Lazar film|2019–2021: Navy/UAP image releases,Extraordinary Beliefs|Weaponized,journalist host or filmmaker,Bob Lazar: Area 51 & Flying Saucers|military UAP video releases|Patient Seventeen|leaked Navy footage releases,media_or_public_discourse,proponent_nhi,Filmmaker and podcaster who publicizes witness accounts and leaked military imagery; authentication and interpretation of some releases are contested.,Filmmaker and podcaster who publicizes witness accounts and leaked military imagery; authentication and interpretation of some releases are contested.,published reporting|interviews|documentary or broadcast record,reporting_or_commentary,investigative_journalism|contested,moderate_contextual,high,Platforms vary from reported journalism to advocacy and entertainment; inclusion does not endorse guests’ or hosts’ claims.,2018,POD-001|POD-056,Biographical or case overview,https://en.wikipedia.org/wiki/Jeremy_Corbell,secondary_reference,UFO podcast directory and platform survey,https://podcast.feedspot.com/ufo_podcasts/,secondary_directory,2,census+seed,uap_person_jeremy_corbell,PER-061,merged (exact),2026-09-14,Dates may be year-only or month-only where day precision was not verified.,
UP-0169,Bryce Zabel,,1954-05-17,,active,journalist_host_or_filmmaker,media|journalism|podcast|documentary,2_major,International,1996–present,1996,present,1996: Dark Skies|2010: A.D. After Disclosure,Need to Know|television writer and producer|Dark Horse Books|Trail Blazers,journalist host or filmmaker,A.D. After Disclosure|Dark Skies|Need To Know podcast|UFO-related screenwriting,media_or_public_discourse,transparency_advocate,"Writer-producer and podcaster focused on disclosure scenarios, history, and current reporting.","Writer-producer and podcaster focused on disclosure scenarios, history, and current reporting.",published reporting|interviews|documentary or broadcast record,reporting_or_commentary,journalism|commentary,moderate_contextual,high,Platforms vary from reported journalism to advocacy and entertainment; inclusion does not endorse guests’ or hosts’ claims.,2021-12,POD-002,Biographical or case overview,https://en.wikipedia.org/wiki/Bryce_Zabel,secondary_reference,UFO podcast directory and platform survey,https://podcast.feedspot.com/ufo_podcasts/,secondary_directory,2,census+seed,uap_person_bryce_zabel,PER-063,merged (exact),2026-09-14,Dates may be year-only or month-only where day precision was not verified.,
UP-0170,Richard M. Dolan,,1962-07-01,,active,journalist_host_or_filmmaker,media|journalism|podcast|documentary,2_major,International,1990–present,1990,present,2000: first National Security State volume,Independent historian|Need to Know|Richard Dolan Press,journalist host or filmmaker,UFOs and the National Security State|After Disclosure|UFOs and the National Security State (vols. I-II)|The Richard Dolan Show,media_or_public_discourse,proponent_nhi,Pro-disclosure historian who argues national-security institutions have concealed a persistent UAP reality.,Pro-disclosure historian who argues national-security institutions have concealed a persistent UAP reality.,published reporting|interviews|documentary or broadcast record,reporting_or_commentary,historical_analysis,moderate_contextual,high,Platforms vary from reported journalism to advocacy and entertainment; inclusion does not endorse guests’ or hosts’ claims.,2000,POD-066|POD-057,Biographical or case overview,https://en.wikipedia.org/wiki/Richard_M._Dolan,secondary_reference,UFO podcast directory and platform survey,https://podcast.feedspot.com/ufo_podcasts/,secondary_directory,2,census+seed,uap_person_richard_m_dolan,PER-092,merged (exact),2026-09-14,Dates may be year-only or month-only where day precision was not verified.,
UP-0171,George Noory,,1950-06-04,,active,journalist_host_or_filmmaker,media|journalism|podcast|documentary,2_major,International,2003–present,2003,present,2003-01: became principal Coast to Coast host,Coast to Coast AM|Premiere Networks,journalist host or filmmaker,Coast to Coast AM|Beyond Belief|Nightly national broadcast since 2003,media_or_public_discourse,proponent_anomaly,"Long-running radio host who regularly features UFO witnesses, researchers, experiencers, and skeptics.","Long-running radio host who regularly features UFO witnesses, researchers, experiencers, and skeptics.",published reporting|interviews|documentary or broadcast record,reporting_or_commentary,platform,moderate_contextual,high,Platforms vary from reported journalism to advocacy and entertainment; inclusion does not endorse guests’ or hosts’ claims.,2003,POD-057,Biographical or case overview,https://en.wikipedia.org/wiki/George_Noory,secondary_reference,UFO podcast directory and platform survey,https://podcast.feedspot.com/ufo_podcasts/,secondary_directory,2,census+seed,uap_person_george_noory,PER-171,merged (exact),2026-09-14,Dates may be year-only or month-only where day precision was not verified.,
UP-0172,Art Bell,,1945-06-17,2018-04-13,deceased,journalist_host_or_filmmaker,media|journalism|podcast|documentary,2_major,International,1988–2007,1988,2007,1988: Coast to Coast national era,Coast to Coast AM|Dreamland,journalist host or filmmaker,Coast to Coast AM|Dreamland (fmr),media_or_public_discourse,historical,Pioneering overnight broadcaster who made UFO and paranormal testimony a major part of American talk radio.,Pioneering overnight broadcaster who made UFO and paranormal testimony a major part of American talk radio.,published reporting|interviews|documentary or broadcast record,reporting_or_commentary,platform|historical_record,moderate_contextual,high,Platforms vary from reported journalism to advocacy and entertainment; inclusion does not endorse guests’ or hosts’ claims.,1988,POD-057,Biographical or case overview,https://en.wikipedia.org/wiki/Art_Bell,secondary_reference,UFO podcast directory and platform survey,https://podcast.feedspot.com/ufo_podcasts/,secondary_directory,2,census+seed,uap_person_art_bell,PER-172,merged (exact),2026-09-14,Dates may be year-only or month-only where day precision was not verified.,
UP-0173,Joe Rogan,,1967-08-11,,active,journalist_host_or_filmmaker,media|journalism|podcast|documentary,2_major,International,2019–present,2019,present,2019-06-20: Bob Lazar episode|2019-10-05: David Fravor episode,The Joe Rogan Experience|Spotify,journalist host or filmmaker,"Interviews with Fravor, Lazar, Grusch, Elizondo and others|JRE episodes with Lazar, Corbell, Elizondo, Michels, Jay Anderson",media_or_public_discourse,agnostic_scientific,Mass-audience podcaster whose long-form interviews have amplified many central UAP figures and claims.,Mass-audience podcaster whose long-form interviews have amplified many central UAP figures and claims.,published reporting|interviews|documentary or broadcast record,reporting_or_commentary,platform,moderate_contextual,high,Platforms vary from reported journalism to advocacy and entertainment; inclusion does not endorse guests’ or hosts’ claims.,2009-12,POD-056,Biographical or case overview,https://en.wikipedia.org/wiki/Joe_Rogan,secondary_reference,UFO podcast directory and platform survey,https://podcast.feedspot.com/ufo_podcasts/,secondary_directory,2,census+seed,uap_person_joe_rogan,PER-170,merged (exact),2026-09-14,Dates may be year-only or month-only where day precision was not verified.,
UP-0174,Jay Anderson,The Project Unity,,,active,journalist_host_or_filmmaker,media|journalism|podcast|documentary,2_major,International,2023–present,2023,present,2023-04-19: documented Project Unity podcast appearance|2023-06-21: Galactic Macro interview|2025-12-24: Joe Rogan Experience #2430,Project Unity|YouTube|X (@TheProjectUnity)|podcast platforms,journalist host or filmmaker,Project Unity YouTube channel|Project Unity on X|long-form interviews|Long-form UAP interviews|JRE #2430 (2025-12-24),media_or_public_discourse,proponent_anomaly,"Host, creator, interviewer, and researcher who has built a sustained UAP platform around long-form conversations with military, intelligence, scientific, journalistic, author, and experiencer guests. His role as a curator of rare or first-time appearances makes him a significant connector in contemporary discourse.","Host, creator, interviewer, and researcher who has built a sustained UAP platform around long-form conversations with military, intelligence, scientific, journalistic, author, and experiencer guests. His role as a curator of rare or first-time appearances makes him a significant connector in contemporary discourse.",published reporting|interviews|documentary or broadcast record,reporting_or_commentary,platform|firsthand_claim,moderate_contextual,high,Platforms vary from reported journalism to advocacy and entertainment; inclusion does not endorse guests’ or hosts’ claims.,2019,POD-010|POD-056|POD-049,Project Unity official YouTube channel,https://www.youtube.com/@ProjectUnity,primary_or_institutional,UFO podcast directory and platform survey,https://podcast.feedspot.com/ufo_podcasts/,secondary_directory,2,census+seed,uap_person_jay_anderson,PER-159,merged (exact),2026-09-14,Biographical dates not confidently verified in this pass; see key_event_dates.,
UP-0175,Jesse Michels,,1991,,active,journalist_host_or_filmmaker,media|journalism|podcast|documentary,2_major,International,2022–present,2022,present,2022: recurring UAP interviews,American Alchemy|YouTube,journalist host or filmmaker,American Alchemy UAP interviews|Jake Barber interview (2025-01-30)|Skywatcher coverage,media_or_public_discourse,proponent_anomaly,"Produces long-form interviews connecting UAP claims with physics, intelligence history, and technology.","Produces long-form interviews connecting UAP claims with physics, intelligence history, and technology.",published reporting|interviews|documentary or broadcast record,reporting_or_commentary,journalism|platform,moderate_contextual,high,Platforms vary from reported journalism to advocacy and entertainment; inclusion does not endorse guests’ or hosts’ claims.,2021,POD-005|POD-056,Biographical or case overview,https://en.wikipedia.org/wiki/Jesse_Michels,secondary_reference,UFO podcast directory and platform survey,https://podcast.feedspot.com/ufo_podcasts/,secondary_directory,2,census+seed,uap_person_jesse_michels,PER-074,merged (exact),2026-09-14,Dates may be year-only or month-only where day precision was not verified.,
UP-0176,Curt Jaimungal,,,,active,journalist_host_or_filmmaker,media|journalism|podcast|documentary,2_major,International,2020–present,2020,present,2020: UAP interview series,Theories of Everything podcast|Theories of Everything,journalist host or filmmaker,"Theories of Everything interviews|Long-form physics, consciousness and UAP conversations",media_or_public_discourse,agnostic_scientific,"Hosts extended technical interviews with scientists, officials, experiencers, and critics on UAP and consciousness.","Hosts extended technical interviews with scientists, officials, experiencers, and critics on UAP and consciousness.",published reporting|interviews|documentary or broadcast record,reporting_or_commentary,platform,moderate_contextual,medium,Platforms vary from reported journalism to advocacy and entertainment; inclusion does not endorse guests’ or hosts’ claims.,2020,POD-060,Biographical or case overview,https://en.wikipedia.org/wiki/Curt_Jaimungal,secondary_reference,UFO podcast directory and platform survey,https://podcast.feedspot.com/ufo_podcasts/,secondary_directory,2,census+seed,uap_person_curt_jaimungal,PER-173,merged (exact),2026-09-14,Biographical dates not confidently verified in this pass; see key_event_dates.,
UP-0177,Shawn Ryan,,1979-03-13,,active,journalist_host_or_filmmaker,media|journalism|podcast|documentary,2_major,International,2023–present,2023,present,2023: major UAP witness interviews,Shawn Ryan Show|former U.S. Navy SEAL/CIA contractor|US Navy SEAL (fmr)|CIA contractor (fmr),journalist host or filmmaker,Whistleblower and military witness interviews|Long-form military and intelligence interviews,media_or_public_discourse,agnostic_scientific,"Hosts long-form accounts from alleged program insiders and military witnesses, reaching a large general audience.","Hosts long-form accounts from alleged program insiders and military witnesses, reaching a large general audience.",published reporting|interviews|documentary or broadcast record,reporting_or_commentary,platform,moderate_contextual,low,Platforms vary from reported journalism to advocacy and entertainment; inclusion does not endorse guests’ or hosts’ claims.,2020,POD-062,Biographical or case overview,https://en.wikipedia.org/wiki/Shawn_Ryan,secondary_reference,UFO podcast directory and platform survey,https://podcast.feedspot.com/ufo_podcasts/,secondary_directory,2,census+seed,uap_person_shawn_ryan,PER-188,merged (exact),2026-09-14,Dates may be year-only or month-only where day precision was not verified.,
UP-0178,Chris Lehto,,,,active,journalist_host_or_filmmaker,media|journalism|podcast|documentary,2_major,International,2021–present,2021,present,2021: UAP-focused channel,U.S. Air Force (retired)|Lehto Files,journalist host or filmmaker,Lehto Files|pilot video analysis|Video-analysis series on UAP footage,media_or_public_discourse,proponent_anomaly,"Former fighter pilot who analyzes UAP footage and interviews participants, generally advocating openness and better sensor data.","Former fighter pilot who analyzes UAP footage and interviews participants, generally advocating openness and better sensor data.",published reporting|interviews|documentary or broadcast record,reporting_or_commentary,analysis,moderate_contextual,high,Platforms vary from reported journalism to advocacy and entertainment; inclusion does not endorse guests’ or hosts’ claims.,2021,POD-019,Biographical or case overview,https://en.wikipedia.org/wiki/Chris_Lehto,secondary_reference,UFO podcast directory and platform survey,https://podcast.feedspot.com/ufo_podcasts/,secondary_directory,2,census+seed,uap_person_chris_lehto,PER-158,merged (exact),2026-09-14,Biographical dates not confidently verified in this pass; see key_event_dates.,
UP-0179,Vinnie Adams,Vincent Adams,,,active,journalist_host_or_filmmaker,media|journalism|podcast|documentary,2_major,International,2020–present,2020,present,2020: Disclosure Team|2021: UAPx expedition,Disclosure Team|UAPx,journalist host or filmmaker,Disclosure Team podcast and social media|Insider and experiencer interviews,media_or_public_discourse,proponent_anomaly,Interviews researchers and whistleblowers and participates in field-instrumentation initiatives.,Interviews researchers and whistleblowers and participates in field-instrumentation initiatives.,published reporting|interviews|documentary or broadcast record,reporting_or_commentary,platform,moderate_contextual,medium,Platforms vary from reported journalism to advocacy and entertainment; inclusion does not endorse guests’ or hosts’ claims.,2021-09,POD-033,Biographical or case overview,https://en.wikipedia.org/wiki/Vinnie_Adams,secondary_reference,UFO podcast directory and platform survey,https://podcast.feedspot.com/ufo_podcasts/,secondary_directory,2,census+seed,uap_person_vinnie_adams,PER-184,merged (exact),2026-09-14,Biographical dates not confidently verified in this pass; see key_event_dates.,
UP-0180,Matt Ford,,,,active,journalist_host_or_filmmaker,media|journalism|podcast|documentary,2_major,International,2022–present,2022,present,2022: UAP-focused show,The Good Trouble Show,journalist host or filmmaker,The Good Trouble Show|Interviews with whistleblowers and lawmakers,media_or_public_discourse,transparency_advocate,"Advocacy-oriented host covering congressional action, whistleblowers, and alleged secrecy.","Advocacy-oriented host covering congressional action, whistleblowers, and alleged secrecy.",published reporting|interviews|documentary or broadcast record,reporting_or_commentary,journalism|advocacy,moderate_contextual,high,Platforms vary from reported journalism to advocacy and entertainment; inclusion does not endorse guests’ or hosts’ claims.,2023,POD-009,Biographical or case overview,https://en.wikipedia.org/wiki/Matt_Ford,secondary_reference,UFO podcast directory and platform survey,https://podcast.feedspot.com/ufo_podcasts/,secondary_directory,2,census+seed,uap_person_matt_ford,PER-072,merged (exact),2026-09-14,Biographical dates not confidently verified in this pass; see key_event_dates.,
UP-0181,Kristian Harloff,,1980-10-01,,active,journalist_host_or_filmmaker,media|journalism|podcast|documentary,2_major,International,2023–present,2023,present,2023: Down to Earth launched,The Big Thing|Down to Earth,journalist host or filmmaker,Down to Earth UAP podcast|Daily UAP news commentary,media_or_public_discourse,agnostic_scientific,Entertainment host who runs frequent interviews and news discussions with UAP figures.,Entertainment host who runs frequent interviews and news discussions with UAP figures.,published reporting|interviews|documentary or broadcast record,reporting_or_commentary,commentary,moderate_contextual,high,Platforms vary from reported journalism to advocacy and entertainment; inclusion does not endorse guests’ or hosts’ claims.,2024-02,POD-023,Biographical or case overview,https://en.wikipedia.org/wiki/Kristian_Harloff,secondary_reference,UFO podcast directory and platform survey,https://podcast.feedspot.com/ufo_podcasts/,secondary_directory,2,census+seed,uap_person_kristian_harloff,PER-169,merged (exact),2026-09-14,Dates may be year-only or month-only where day precision was not verified.,
UP-0182,Cristina Gomez,,,,active,journalist_host_or_filmmaker,media|journalism|podcast|documentary,2_major,International,2020–present,2020,present,2020: UAP-focused broadcasting,Strange and Unexplained|YouTube|Shifting the Paradigm,journalist host or filmmaker,UFO/UAP interviews and news programs|Four weekly UAP programs,media_or_public_discourse,proponent_anomaly,"Independent host covering witnesses, scientists, disclosure politics, and anomalous experiences.","Independent host covering witnesses, scientists, disclosure politics, and anomalous experiences.",published reporting|interviews|documentary or broadcast record,reporting_or_commentary,platform|commentary,moderate_contextual,high,Platforms vary from reported journalism to advocacy and entertainment; inclusion does not endorse guests’ or hosts’ claims.,2021-08,POD-030,Biographical or case overview,https://en.wikipedia.org/wiki/Cristina_Gomez,secondary_reference,UFO podcast directory and platform survey,https://podcast.feedspot.com/ufo_podcasts/,secondary_directory,2,census+seed,uap_person_cristina_gomez,PER-167,merged (exact),2026-09-14,Biographical dates not confidently verified in this pass; see key_event_dates.,
UP-0183,Andy McGrillen,,,,active,journalist_host_or_filmmaker,media|journalism|podcast|documentary,2_major,International,2020–present,2020,present,2020: That UFO Podcast launched,That UFO Podcast,journalist host or filmmaker,That UFO Podcast|1000+ interview episodes,media_or_public_discourse,transparency_advocate,"Hosts interviews and news analysis spanning disclosure advocates, witnesses, academics, and skeptics.","Hosts interviews and news analysis spanning disclosure advocates, witnesses, academics, and skeptics.",published reporting|interviews|documentary or broadcast record,reporting_or_commentary,platform|journalism,moderate_contextual,high,Platforms vary from reported journalism to advocacy and entertainment; inclusion does not endorse guests’ or hosts’ claims.,2020-05,POD-003,Biographical or case overview,https://en.wikipedia.org/wiki/Andy_McGrillen,secondary_reference,UFO podcast directory and platform survey,https://podcast.feedspot.com/ufo_podcasts/,secondary_directory,2,census+seed,uap_person_andy_mcgrillen,PER-160,merged (exact),2026-09-14,Biographical dates not confidently verified in this pass; see key_event_dates.,
UP-0184,Ryan Sprague,,,,active,journalist_host_or_filmmaker,media|journalism|podcast|documentary,2_major,International,2016–present,2016,present,2016: Somewhere in the Skies,Somewhere in the Skies,journalist host or filmmaker,Somewhere in the Skies|Stories from Somewhere in the Skies|Somewhere in the Skies (book and podcast)|TV contributions,media_or_public_discourse,agnostic_scientific,Host and author centered on witness testimony and contemporary UFO culture.,Host and author centered on witness testimony and contemporary UFO culture.,published reporting|interviews|documentary or broadcast record,reporting_or_commentary,platform|journalism,moderate_contextual,high,Platforms vary from reported journalism to advocacy and entertainment; inclusion does not endorse guests’ or hosts’ claims.,2017-04,POD-004,Biographical or case overview,https://en.wikipedia.org/wiki/Ryan_Sprague,secondary_reference,UFO podcast directory and platform survey,https://podcast.feedspot.com/ufo_podcasts/,secondary_directory,2,census+seed,uap_person_ryan_sprague,PER-161,merged (exact),2026-09-14,Biographical dates not confidently verified in this pass; see key_event_dates.,
UP-0185,Martin Willis,,,,active,journalist_host_or_filmmaker,media|journalism|podcast|documentary,2_major,International,2012–present,2012,present,2012: Podcast UFO launched,Podcast UFO,journalist host or filmmaker,Podcast UFO|1000+ episodes of witness and researcher interviews,media_or_public_discourse,agnostic_scientific,"Long-running interviewer of researchers, witnesses, scientists, and historians.","Long-running interviewer of researchers, witnesses, scientists, and historians.",published reporting|interviews|documentary or broadcast record,reporting_or_commentary,platform,moderate_contextual,high,Platforms vary from reported journalism to advocacy and entertainment; inclusion does not endorse guests’ or hosts’ claims.,2015-05,POD-007,Biographical or case overview,https://en.wikipedia.org/wiki/Martin_Willis,secondary_reference,UFO podcast directory and platform survey,https://podcast.feedspot.com/ufo_podcasts/,secondary_directory,2,census+seed,uap_person_martin_willis,PER-165,merged (exact),2026-09-14,Biographical dates not confidently verified in this pass; see key_event_dates.,
UP-0186,Stephen Diener,,,,active,journalist_host_or_filmmaker,media|journalism|podcast|documentary,2_major,International,2022–present,2022,present,2022: UAP podcast,UAP: Unidentified Alien Podcast|850 WFTL / Hubbard,journalist host or filmmaker,UAP podcast|UAP Unidentified Alien Podcast,media_or_public_discourse,agnostic_scientific,News and interview host promoting alleged whistleblower and disclosure stories; sourcing often relies on unnamed contacts.,News and interview host promoting alleged whistleblower and disclosure stories; sourcing often relies on unnamed contacts.,published reporting|interviews|documentary or broadcast record,reporting_or_commentary,platform,moderate_contextual,high,Platforms vary from reported journalism to advocacy and entertainment; inclusion does not endorse guests’ or hosts’ claims.,2021-07,POD-021,Biographical or case overview,https://en.wikipedia.org/wiki/Stephen_Diener,secondary_reference,UFO podcast directory and platform survey,https://podcast.feedspot.com/ufo_podcasts/,secondary_directory,2,census+seed,uap_person_stephen_diener,PER-182,merged (exact),2026-09-14,Biographical dates not confidently verified in this pass; see key_event_dates.,
UP-0187,Chris Ramsay,,,,active,journalist_host_or_filmmaker,media|journalism|podcast|documentary,2_major,International,2023–present,2023,present,2023: Area52 UAP programming,Area52|AREA52 / DEBRIEFED,journalist host or filmmaker,Area52 investigations and interviews|Debriefed interviews with whistleblowers and researchers,media_or_public_discourse,proponent_anomaly,"Filmmaker/host producing accessible UAP interviews, field pieces, and document explainers.","Filmmaker/host producing accessible UAP interviews, field pieces, and document explainers.",published reporting|interviews|documentary or broadcast record,reporting_or_commentary,platform,moderate_contextual,high,Platforms vary from reported journalism to advocacy and entertainment; inclusion does not endorse guests’ or hosts’ claims.,2024-01,POD-020,Biographical or case overview,https://en.wikipedia.org/wiki/Chris_Ramsay,secondary_reference,UFO podcast directory and platform survey,https://podcast.feedspot.com/ufo_podcasts/,secondary_directory,2,census+seed,uap_person_chris_ramsay,PER-168,merged (exact),2026-09-14,Biographical dates not confidently verified in this pass; see key_event_dates.,
UP-0188,Toby Ball,,,,active,journalist_host_or_filmmaker,media|journalism|podcast|documentary,2_major,International,2020–present,2020,present,2020: Strange Arrivals launched,iHeartPodcasts|Strange Arrivals|Grim & Mild,journalist host or filmmaker,Strange Arrivals|Strange Arrivals (narrative series),media_or_public_discourse,journalist_neutral,Narrative journalist who critically reconstructs landmark abduction and UFO cases.,Narrative journalist who critically reconstructs landmark abduction and UFO cases.,published reporting|interviews|documentary or broadcast record,reporting_or_commentary,narrative_documentary,moderate_contextual,high,Platforms vary from reported journalism to advocacy and entertainment; inclusion does not endorse guests’ or hosts’ claims.,2020-02,POD-024,Biographical or case overview,https://en.wikipedia.org/wiki/Toby_Ball,secondary_reference,UFO podcast directory and platform survey,https://podcast.feedspot.com/ufo_podcasts/,secondary_directory,2,census+seed,uap_person_toby_ball,PER-181,merged (exact),2026-09-14,Biographical dates not confidently verified in this pass; see key_event_dates.,
UP-0189,Jason McClellan,,,,active,journalist_host_or_filmmaker,media|journalism|podcast|documentary,2_major,International,2010–present,2010,present,2010s: Open Minds work|2022: current podcast,Rogue Planet|Open Minds|UFO? UAP? WTF?|Hangar 1 (fmr),journalist host or filmmaker,UFO? UAP? WTF?|media reporting,media_or_public_discourse,agnostic_scientific,"Journalist and host covering UAP news, popular culture, and witnesses.","Journalist and host covering UAP news, popular culture, and witnesses.",published reporting|interviews|documentary or broadcast record,reporting_or_commentary,platform|commentary,moderate_contextual,high,Platforms vary from reported journalism to advocacy and entertainment; inclusion does not endorse guests’ or hosts’ claims.,2015-11,POD-027,Biographical or case overview,https://en.wikipedia.org/wiki/Jason_McClellan,secondary_reference,UFO podcast directory and platform survey,https://podcast.feedspot.com/ufo_podcasts/,secondary_directory,2,census+seed,uap_person_jason_mcclellan,PER-180,merged (exact),2026-09-14,Biographical dates not confidently verified in this pass; see key_event_dates.,
UP-0190,Mike Clelland,,,,active,journalist_host_or_filmmaker,media|journalism|podcast|documentary,2_major,International,2009–present,2009,present,2009: Hidden Experience blog/podcast|2015: The Messengers,Hidden Experience,journalist host or filmmaker,The Messengers|Hidden Experience|Stories from The Messengers,media_or_public_discourse,experiencer,"Writer and podcaster exploring experiencer narratives, owls, synchronicity, and high-strangeness interpretations.","Writer and podcaster exploring experiencer narratives, owls, synchronicity, and high-strangeness interpretations.",published reporting|interviews|documentary or broadcast record,reporting_or_commentary,firsthand_claim|research,moderate_contextual,high,Platforms vary from reported journalism to advocacy and entertainment; inclusion does not endorse guests’ or hosts’ claims.,2010,POD-029,Biographical or case overview,https://en.wikipedia.org/wiki/Mike_Clelland,secondary_reference,UFO podcast directory and platform survey,https://podcast.feedspot.com/ufo_podcasts/,secondary_directory,2,census+seed,uap_person_mike_clelland,PER-179,merged (exact),2026-09-14,Biographical dates not confidently verified in this pass; see key_event_dates.,
UP-0191,Jimmy Church,,,,active,journalist_host_or_filmmaker,media|journalism|podcast|documentary,2_major,International,2013–present,2013,present,2013: Fade to Black launched,Fade to Black radio|Fade to Black|KGRA,journalist host or filmmaker,Fade to Black|Nightly broadcast,media_or_public_discourse,proponent_nhi,"Radio host regularly interviewing UFO, disclosure, and paranormal figures.","Radio host regularly interviewing UFO, disclosure, and paranormal figures.",published reporting|interviews|documentary or broadcast record,reporting_or_commentary,platform,moderate_contextual,medium,Platforms vary from reported journalism to advocacy and entertainment; inclusion does not endorse guests’ or hosts’ claims.,2013,POD-059,Biographical or case overview,https://en.wikipedia.org/wiki/Jimmy_Church,secondary_reference,UFO podcast directory and platform survey,https://podcast.feedspot.com/ufo_podcasts/,secondary_directory,2,census+seed,uap_person_jimmy_church,PER-174,merged (exact),2026-09-14,Biographical dates not confidently verified in this pass; see key_event_dates.,
UP-0192,Aaron Gulyas,,,,,journalist_host_or_filmmaker,media|journalism|podcast|documentary,2_major,International,2017–present,2017,present,2017: The Saucer Life,The Saucer Life,journalist host or filmmaker,The Saucer Life|academic history,media_or_public_discourse,,"Historian and podcaster focused on UFO subcultures, contactees, and the social history of belief.","Historian and podcaster focused on UFO subcultures, contactees, and the social history of belief.",published reporting|interviews|documentary or broadcast record,reporting_or_commentary,,moderate_contextual,,Platforms vary from reported journalism to advocacy and entertainment; inclusion does not endorse guests’ or hosts’ claims.,,,Biographical or case overview,https://en.wikipedia.org/wiki/Aaron_Gulyas,secondary_reference,UFO podcast directory and platform survey,https://podcast.feedspot.com/ufo_podcasts/,secondary_directory,2,census,uap_person_aaron_gulyas,,,2026-09-14,Biographical dates not confidently verified in this pass; see key_event_dates.,
UP-0193,Patrick Scott Armstrong,,,,active,journalist_host_or_filmmaker,media|journalism|podcast|documentary,2_major,International,2023–present,2023,present,2023: Vetted channel prominence,Vetted|YouTube|SoHo Podcasts,journalist host or filmmaker,Vetted UAP news commentary|Daily UAP news analysis,media_or_public_discourse,agnostic_scientific,Daily or frequent commentator aggregating and debating current UAP news and interviews.,Daily or frequent commentator aggregating and debating current UAP news and interviews.,published reporting|interviews|documentary or broadcast record,reporting_or_commentary,commentary|analysis,moderate_contextual,high,Platforms vary from reported journalism to advocacy and entertainment; inclusion does not endorse guests’ or hosts’ claims.,2024,POD-008,Biographical or case overview,https://en.wikipedia.org/wiki/Patrick_Scott_Armstrong,secondary_reference,UFO podcast directory and platform survey,https://podcast.feedspot.com/ufo_podcasts/,secondary_directory,2,census+seed,uap_person_patrick_scott_armstrong,PER-162,merged (exact),2026-09-14,Biographical dates not confidently verified in this pass; see key_event_dates.,
UP-0194,Richard Beckwith,,,,,journalist_host_or_filmmaker,media|journalism|podcast|documentary,2_major,International,2020–present,2020,present,2020s: MUFON podcast host,MUFON|Official MUFON Podcast,journalist host or filmmaker,Official MUFON Podcast,media_or_public_discourse,,Hosts the organization’s interviews and case-oriented public programming.,Hosts the organization’s interviews and case-oriented public programming.,published reporting|interviews|documentary or broadcast record,reporting_or_commentary,,moderate_contextual,,Platforms vary from reported journalism to advocacy and entertainment; inclusion does not endorse guests’ or hosts’ claims.,,,MUFON official site,https://mufon.com/,primary_or_institutional,UFO podcast directory and platform survey,https://podcast.feedspot.com/ufo_podcasts/,secondary_directory,2,census,uap_person_richard_beckwith,,,2026-09-14,Biographical dates not confidently verified in this pass; see key_event_dates.,
UP-0195,Micah Hanks,,1980-07-15,,,journalist_host_or_filmmaker,media|journalism|podcast|documentary,2_major,International,2000–present,2000,present,2000s: anomalous-phenomena media|2020: The Debrief,The Debrief|The Micah Hanks Program,journalist host or filmmaker,The Debrief reporting|podcasts|books,media_or_public_discourse,,"Journalist and author covering defense, science, history, and UAP with a generally evidence-oriented frame.","Journalist and author covering defense, science, history, and UAP with a generally evidence-oriented frame.",published reporting|interviews|documentary or broadcast record,reporting_or_commentary,,moderate_contextual,,Platforms vary from reported journalism to advocacy and entertainment; inclusion does not endorse guests’ or hosts’ claims.,,,Biographical or case overview,https://en.wikipedia.org/wiki/Micah_Hanks,secondary_reference,UFO podcast directory and platform survey,https://podcast.feedspot.com/ufo_podcasts/,secondary_directory,2,census,uap_person_micah_hanks,,,2026-09-14,Dates may be year-only or month-only where day precision was not verified.,
UP-0196,Tim McMillan,,,,active,journalist_host_or_filmmaker,media|journalism|podcast|documentary,2_major,International,2019–present,2019,present,2019: Popular Mechanics reporting|2020: The Debrief,The Debrief|Popular Mechanics contributor,journalist host or filmmaker,UAP investigative reporting|Reporting on UAP programs and witnesses at The Debrief,media_or_public_discourse,transparency_advocate,"Investigative journalist whose reporting has covered Pentagon programs, documents, and whistleblower allegations.","Investigative journalist whose reporting has covered Pentagon programs, documents, and whistleblower allegations.",published reporting|interviews|documentary or broadcast record,reporting_or_commentary,investigative_journalism,moderate_contextual,high,Platforms vary from reported journalism to advocacy and entertainment; inclusion does not endorse guests’ or hosts’ claims.,2020,,Biographical or case overview,https://en.wikipedia.org/wiki/Tim_McMillan,secondary_reference,UFO podcast directory and platform survey,https://podcast.feedspot.com/ufo_podcasts/,secondary_directory,2,census+seed,uap_person_tim_mcmillan,PER-067,merged (exact),2026-09-14,Biographical dates not confidently verified in this pass; see key_event_dates.,
UP-0197,Christopher Plain,,,,,journalist_host_or_filmmaker,media|journalism|podcast|documentary,2_major,International,2020–present,2020,present,2020: The Debrief,The Debrief,journalist host or filmmaker,Science and UAP reporting,media_or_public_discourse,,"Reports on UAP science projects, instrumentation, and official developments.","Reports on UAP science projects, instrumentation, and official developments.",published reporting|interviews|documentary or broadcast record,reporting_or_commentary,,moderate_contextual,,Platforms vary from reported journalism to advocacy and entertainment; inclusion does not endorse guests’ or hosts’ claims.,,,Biographical or case overview,https://en.wikipedia.org/wiki/Christopher_Plain,secondary_reference,UFO podcast directory and platform survey,https://podcast.feedspot.com/ufo_podcasts/,secondary_directory,2,census,uap_person_christopher_plain,,,2026-09-14,Biographical dates not confidently verified in this pass; see key_event_dates.,
UP-0198,Chrissy Newton,,,,,journalist_host_or_filmmaker,media|journalism|podcast|documentary,2_major,International,2020–present,2020,present,2020: The Debrief|2022: interview series,The Debrief|The Rebelliously Curious Show,journalist host or filmmaker,UAP interviews and commentary,media_or_public_discourse,,"Host and journalist connecting UAP news with science, space, and culture.","Host and journalist connecting UAP news with science, space, and culture.",published reporting|interviews|documentary or broadcast record,reporting_or_commentary,,moderate_contextual,,Platforms vary from reported journalism to advocacy and entertainment; inclusion does not endorse guests’ or hosts’ claims.,,,Biographical or case overview,https://en.wikipedia.org/wiki/Chrissy_Newton,secondary_reference,UFO podcast directory and platform survey,https://podcast.feedspot.com/ufo_podcasts/,secondary_directory,2,census,uap_person_chrissy_newton,,,2026-09-14,Biographical dates not confidently verified in this pass; see key_event_dates.,
UP-0199,Christopher Sharp,,,,active,journalist_host_or_filmmaker,media|journalism|podcast|documentary,2_major,International,2021–present,2021,present,2021: Liberation Times launched,Liberation Times,journalist host or filmmaker,UAP policy and defense reporting|Continuous UAP beat reporting|named-insider stories,media_or_public_discourse,transparency_advocate,"Reports on congressional, defense, and international UAP developments, often using named and anonymous sources.","Reports on congressional, defense, and international UAP developments, often using named and anonymous sources.",published reporting|interviews|documentary or broadcast record,reporting_or_commentary,investigative_journalism,moderate_contextual,high,Platforms vary from reported journalism to advocacy and entertainment; inclusion does not endorse guests’ or hosts’ claims.,2022,,Biographical or case overview,https://en.wikipedia.org/wiki/Christopher_Sharp,secondary_reference,UFO podcast directory and platform survey,https://podcast.feedspot.com/ufo_podcasts/,secondary_directory,2,census+seed,uap_person_christopher_sharp,PER-068,merged (exact),2026-09-14,Biographical dates not confidently verified in this pass; see key_event_dates.,
UP-0200,Matt Laslo,,,,active,journalist_host_or_filmmaker,media|journalism|podcast|documentary,2_major,International,2023–present,2023,present,2023: intensive UAP congressional interviews,Ask a Pol|congressional reporter,journalist host or filmmaker,Ask a Pol UAP interviews|Ask a Pol UAPs,media_or_public_discourse,journalist_neutral,Conducts frequent on-the-record hallway interviews with members of Congress about UAP legislation and briefings.,Conducts frequent on-the-record hallway interviews with members of Congress about UAP legislation and briefings.,published reporting|interviews|documentary or broadcast record,reporting_or_commentary,accountability_journalism,moderate_contextual,high,Platforms vary from reported journalism to advocacy and entertainment; inclusion does not endorse guests’ or hosts’ claims.,2025-04,POD-018,Biographical or case overview,https://en.wikipedia.org/wiki/Matt_Laslo,secondary_reference,UFO podcast directory and platform survey,https://podcast.feedspot.com/ufo_podcasts/,secondary_directory,2,census+seed,uap_person_matt_laslo,PER-073,merged (exact),2026-09-14,Biographical dates not confidently verified in this pass; see key_event_dates.,
UP-0201,Joe Khalil,,,,,journalist_host_or_filmmaker,media|journalism|podcast|documentary,2_major,International,2023–present,2023,present,2023: NewsNation UAP coverage,NewsNation,journalist host or filmmaker,Congressional and Pentagon UAP reporting,media_or_public_discourse,,"Television correspondent covering hearings, legislative activity, and official statements.","Television correspondent covering hearings, legislative activity, and official statements.",published reporting|interviews|documentary or broadcast record,reporting_or_commentary,,moderate_contextual,,Platforms vary from reported journalism to advocacy and entertainment; inclusion does not endorse guests’ or hosts’ claims.,,,Biographical or case overview,https://en.wikipedia.org/wiki/Joe_Khalil,secondary_reference,UFO podcast directory and platform survey,https://podcast.feedspot.com/ufo_podcasts/,secondary_directory,2,census,uap_person_joe_khalil,,,2026-09-14,Biographical dates not confidently verified in this pass; see key_event_dates.,
UP-0202,Brian Entin,,1985-10-03,,,journalist_host_or_filmmaker,media|journalism|podcast|documentary,2_major,International,2023–present,2023,present,2023: David Grusch coverage,NewsNation,journalist host or filmmaker,UAP specials and witness interviews,media_or_public_discourse,,Television correspondent and host covering whistleblower allegations and public hearings.,Television correspondent and host covering whistleblower allegations and public hearings.,published reporting|interviews|documentary or broadcast record,reporting_or_commentary,,moderate_contextual,,Platforms vary from reported journalism to advocacy and entertainment; inclusion does not endorse guests’ or hosts’ claims.,,,Biographical or case overview,https://en.wikipedia.org/wiki/Brian_Entin,secondary_reference,UFO podcast directory and platform survey,https://podcast.feedspot.com/ufo_podcasts/,secondary_directory,2,census,uap_person_brian_entin,,,2026-09-14,Dates may be year-only or month-only where day precision was not verified.,
UP-0203,Gadi Schwartz,,1983-07-18,,,journalist_host_or_filmmaker,media|journalism|podcast|documentary,2_major,International,2023–present,2023,present,2023: recurring NBC UAP reporting|2026: Disclosure Forum,NBC News|Stay Tuned NOW|Disclosure Forum,journalist host or filmmaker,UAP television reporting,media_or_public_discourse,,"Mainstream television journalist covering UAP policy, witnesses, and science.","Mainstream television journalist covering UAP policy, witnesses, and science.",published reporting|interviews|documentary or broadcast record,reporting_or_commentary,,moderate_contextual,,Platforms vary from reported journalism to advocacy and entertainment; inclusion does not endorse guests’ or hosts’ claims.,,,Biographical or case overview,https://en.wikipedia.org/wiki/Gadi_Schwartz,secondary_reference,UFO podcast directory and platform survey,https://podcast.feedspot.com/ufo_podcasts/,secondary_directory,2,census,uap_person_gadi_schwartz,,,2026-09-14,Dates may be year-only or month-only where day precision was not verified.,
UP-0204,Kristin Fisher,,1983-07-29,,,journalist_host_or_filmmaker,media|journalism|podcast|documentary,2_major,International,2021–present,2021,present,2021: Pentagon/UAP reporting|2026: Disclosure Forum,CNN|former Fox News|Disclosure Forum,journalist host or filmmaker,Space and UAP reporting,media_or_public_discourse,,Space correspondent who interviews officials and scientists about UAP and disclosure.,Space correspondent who interviews officials and scientists about UAP and disclosure.,published reporting|interviews|documentary or broadcast record,reporting_or_commentary,,moderate_contextual,,Platforms vary from reported journalism to advocacy and entertainment; inclusion does not endorse guests’ or hosts’ claims.,,,Biographical or case overview,https://en.wikipedia.org/wiki/Kristin_Fisher,secondary_reference,UFO podcast directory and platform survey,https://podcast.feedspot.com/ufo_podcasts/,secondary_directory,2,census,uap_person_kristin_fisher,,,2026-09-14,Dates may be year-only or month-only where day precision was not verified.,
UP-0205,Dan Farah,,,,active,journalist_host_or_filmmaker,media|journalism|podcast|documentary,2_major,International,2025–present,2025,present,2025-03-09: documentary premiere,Farah Films,journalist host or filmmaker,The Age of Disclosure|The Age of Disclosure (2025),media_or_public_discourse,transparency_advocate,Directed a 2025 documentary presenting claims from current and former officials that non-human intelligence and secrecy are real.,Directed a 2025 documentary presenting claims from current and former officials that non-human intelligence and secrecy are real.,published reporting|interviews|documentary or broadcast record,reporting_or_commentary,documentary,moderate_contextual,high,Platforms vary from reported journalism to advocacy and entertainment; inclusion does not endorse guests’ or hosts’ claims.,2025-03,,Biographical or case overview,https://en.wikipedia.org/wiki/Dan_Farah,secondary_reference,UFO podcast directory and platform survey,https://podcast.feedspot.com/ufo_podcasts/,secondary_directory,2,census+seed,uap_person_dan_farah,PER-109,merged (exact),2026-09-14,Biographical dates not confidently verified in this pass; see key_event_dates.,
UP-0206,James Fox,,1968,,active,journalist_host_or_filmmaker,media|journalism|podcast|documentary,2_major,International,1997–present,1997,present,2003: Out of the Blue|2020: The Phenomenon|2022: Moment of Contact,Independent filmmaker,journalist host or filmmaker,Out of the Blue|The Phenomenon|Moment of Contact|The Phenomenon (2020)|Moment of Contact (2022)|706 (Varginha),media_or_public_discourse,proponent_anomaly,"Documentarian who assembles government witnesses and major cases, generally arguing for a real unexplained phenomenon.","Documentarian who assembles government witnesses and major cases, generally arguing for a real unexplained phenomenon.",published reporting|interviews|documentary or broadcast record,reporting_or_commentary,documentary,moderate_contextual,high,Platforms vary from reported journalism to advocacy and entertainment; inclusion does not endorse guests’ or hosts’ claims.,2002,POD-001|POD-003|POD-007|POD-023,Biographical or case overview,https://en.wikipedia.org/wiki/James_Fox,secondary_reference,UFO podcast directory and platform survey,https://podcast.feedspot.com/ufo_podcasts/,secondary_directory,2,census+seed,uap_person_james_fox,PER-108,merged (exact),2026-09-14,Dates may be year-only or month-only where day precision was not verified.,
UP-0207,Dave Beaty,,,,,journalist_host_or_filmmaker,media|journalism|podcast|documentary,2_major,International,2017–present,2017,present,2018: Nimitz Encounters released,Independent filmmaker and researcher,journalist host or filmmaker,The Nimitz Encounters,media_or_public_discourse,,Produced witness-driven reconstruction of the 2004 Nimitz incident and helped locate additional Navy witnesses.,Produced witness-driven reconstruction of the 2004 Nimitz incident and helped locate additional Navy witnesses.,published reporting|interviews|documentary or broadcast record,reporting_or_commentary,,moderate_contextual,,Platforms vary from reported journalism to advocacy and entertainment; inclusion does not endorse guests’ or hosts’ claims.,,,Biographical or case overview,https://en.wikipedia.org/wiki/Dave_Beaty,secondary_reference,UFO podcast directory and platform survey,https://podcast.feedspot.com/ufo_podcasts/,secondary_directory,2,census,uap_person_dave_beaty,,,2026-09-14,Biographical dates not confidently verified in this pass; see key_event_dates.,
UP-0208,Randall Nickerson,,,,,journalist_host_or_filmmaker,media|journalism|podcast|documentary,2_major,International,2008–present,2008,present,2008–2022: Ariel Phenomenon production,Independent filmmaker,journalist host or filmmaker,Ariel Phenomenon,media_or_public_discourse,,Documented Zimbabwe’s Ariel School witnesses and John Mack’s investigation over many years.,Documented Zimbabwe’s Ariel School witnesses and John Mack’s investigation over many years.,published reporting|interviews|documentary or broadcast record,reporting_or_commentary,,moderate_contextual,,Platforms vary from reported journalism to advocacy and entertainment; inclusion does not endorse guests’ or hosts’ claims.,,,Biographical or case overview,https://en.wikipedia.org/wiki/Randall_Nickerson,secondary_reference,UFO podcast directory and platform survey,https://podcast.feedspot.com/ufo_podcasts/,secondary_directory,2,census,uap_person_randall_nickerson,,,2026-09-14,Biographical dates not confidently verified in this pass; see key_event_dates.,
UP-0209,Robert Clotworthy,,1955-10-24,,,journalist_host_or_filmmaker,media|journalism|podcast|documentary,2_major,International,2009–present,2009,present,2009: Ancient Aliens premiered,History Channel|narrator,journalist host or filmmaker,Ancient Aliens narration,media_or_public_discourse,,Voice of a long-running franchise that popularizes ancient-astronaut and UFO speculation.,Voice of a long-running franchise that popularizes ancient-astronaut and UFO speculation.,published reporting|interviews|documentary or broadcast record,reporting_or_commentary,,moderate_contextual,,Platforms vary from reported journalism to advocacy and entertainment; inclusion does not endorse guests’ or hosts’ claims.,,,Biographical or case overview,https://en.wikipedia.org/wiki/Robert_Clotworthy,secondary_reference,UFO podcast directory and platform survey,https://podcast.feedspot.com/ufo_podcasts/,secondary_directory,2,census,uap_person_robert_clotworthy,,,2026-09-14,Dates may be year-only or month-only where day precision was not verified.,
UP-0210,Giorgio A. Tsoukalos,,1978-03-14,,,journalist_host_or_filmmaker,media|journalism|podcast|documentary,2_major,International,1998–present,1998,present,2009: Ancient Aliens premiered,Ancient Aliens|Legendary Times,journalist host or filmmaker,Ancient Aliens,media_or_public_discourse,,Television personality popularizing ancient-astronaut interpretations; archaeologists and historians widely reject many program claims.,Television personality popularizing ancient-astronaut interpretations; archaeologists and historians widely reject many program claims.,published reporting|interviews|documentary or broadcast record,reporting_or_commentary,,moderate_contextual,,Platforms vary from reported journalism to advocacy and entertainment; inclusion does not endorse guests’ or hosts’ claims.,,,Biographical or case overview,https://en.wikipedia.org/wiki/Giorgio_A._Tsoukalos,secondary_reference,UFO podcast directory and platform survey,https://podcast.feedspot.com/ufo_podcasts/,secondary_directory,2,census,uap_person_giorgio_a_tsoukalos,,,2026-09-14,Dates may be year-only or month-only where day precision was not verified.,
UP-0211,David Hatcher Childress,,1957-06-01,,,journalist_host_or_filmmaker,media|journalism|podcast|documentary,2_major,International,1984–present,1984,present,1984: Adventures Unlimited Press|2009: Ancient Aliens,Adventures Unlimited Press|Ancient Aliens,journalist host or filmmaker,Lost Cities series|Ancient Aliens,media_or_public_discourse,,"Publisher and television contributor promoting ancient-astronaut, lost-civilization, and UFO claims.","Publisher and television contributor promoting ancient-astronaut, lost-civilization, and UFO claims.",published reporting|interviews|documentary or broadcast record,reporting_or_commentary,,moderate_contextual,,Platforms vary from reported journalism to advocacy and entertainment; inclusion does not endorse guests’ or hosts’ claims.,,,Biographical or case overview,https://en.wikipedia.org/wiki/David_Hatcher_Childress,secondary_reference,UFO podcast directory and platform survey,https://podcast.feedspot.com/ufo_podcasts/,secondary_directory,2,census,uap_person_david_hatcher_childress,,,2026-09-14,Dates may be year-only or month-only where day precision was not verified.,
UP-0212,William Henry,,1957,,,journalist_host_or_filmmaker,media|journalism|podcast|documentary,2_major,International,2000–present,2000,present,2000s: television commentary,Ancient Aliens|independent author,journalist host or filmmaker,Ancient Aliens appearances|esoteric books,media_or_public_discourse,,Media contributor linking UFOs with ancient mythology and esoteric traditions; claims are speculative.,Media contributor linking UFOs with ancient mythology and esoteric traditions; claims are speculative.,published reporting|interviews|documentary or broadcast record,reporting_or_commentary,,moderate_contextual,,Platforms vary from reported journalism to advocacy and entertainment; inclusion does not endorse guests’ or hosts’ claims.,,,Biographical or case overview,https://en.wikipedia.org/wiki/William_Henry,secondary_reference,UFO podcast directory and platform survey,https://podcast.feedspot.com/ufo_podcasts/,secondary_directory,2,census,uap_person_william_henry,,,2026-09-14,Dates may be year-only or month-only where day precision was not verified.,
UP-0213,Jason Martell,,1974,,,journalist_host_or_filmmaker,media|journalism|podcast|documentary,2_major,International,2000–present,2000,present,2000s: ancient-astronaut media,Ancient Aliens|Ancient School,journalist host or filmmaker,Knowledge Apocalypse|television appearances,media_or_public_discourse,,Promotes ancient-astronaut interpretations through television and online education.,Promotes ancient-astronaut interpretations through television and online education.,published reporting|interviews|documentary or broadcast record,reporting_or_commentary,,moderate_contextual,,Platforms vary from reported journalism to advocacy and entertainment; inclusion does not endorse guests’ or hosts’ claims.,,,Biographical or case overview,https://en.wikipedia.org/wiki/Jason_Martell,secondary_reference,UFO podcast directory and platform survey,https://podcast.feedspot.com/ufo_podcasts/,secondary_directory,2,census,uap_person_jason_martell,,,2026-09-14,Dates may be year-only or month-only where day precision was not verified.,
UP-0214,Linda Moulton Howe,,1942-01-20,,active,journalist_host_or_filmmaker,media|journalism|podcast|documentary,2_major,International,1979–present,1979,present,1979–1980: A Strange Harvest|1998: Earthfiles,Earthfiles|KMGH-TV|Coast to Coast AM,journalist host or filmmaker,An Alien Harvest|Earthfiles|cattle-mutilation reporting|A Strange Harvest (1980)|Earthfiles reporting,media_or_public_discourse,proponent_nhi,"Investigative broadcaster known for cattle-mutilation, alleged document, experiencer, and extraterrestrial narratives; critics challenge evidentiary standards.","Investigative broadcaster known for cattle-mutilation, alleged document, experiencer, and extraterrestrial narratives; critics challenge evidentiary standards.",published reporting|interviews|documentary or broadcast record,reporting_or_commentary,investigative_journalism|contested,moderate_contextual,high,Platforms vary from reported journalism to advocacy and entertainment; inclusion does not endorse guests’ or hosts’ claims.,1980,POD-057,Biographical or case overview,https://en.wikipedia.org/wiki/Linda_Moulton_Howe,secondary_reference,UFO podcast directory and platform survey,https://podcast.feedspot.com/ufo_podcasts/,secondary_directory,2,census+seed,uap_person_linda_moulton_howe,PER-095,merged (exact),2026-09-14,Dates may be year-only or month-only where day precision was not verified.,
UP-0215,Tucker Carlson,,1969-05-16,,,journalist_host_or_filmmaker,media|journalism|podcast|documentary,2_major,International,2019–present,2019,present,2019: recurring Fox UAP coverage|2023: independent interviews,Fox News (former)|Tucker Carlson Network,journalist host or filmmaker,UAP television and podcast interviews,media_or_public_discourse,,"High-profile commentator who amplified claims about secrecy, crash retrievals, spirituality, and alleged harms.","High-profile commentator who amplified claims about secrecy, crash retrievals, spirituality, and alleged harms.",published reporting|interviews|documentary or broadcast record,reporting_or_commentary,,moderate_contextual,,Platforms vary from reported journalism to advocacy and entertainment; inclusion does not endorse guests’ or hosts’ claims.,,,Biographical or case overview,https://en.wikipedia.org/wiki/Tucker_Carlson,secondary_reference,UFO podcast directory and platform survey,https://podcast.feedspot.com/ufo_podcasts/,secondary_directory,2,census,uap_person_tucker_carlson,,,2026-09-14,Dates may be year-only or month-only where day precision was not verified.,
UP-0216,Steven Greenstreet,,,,active,journalist_host_or_filmmaker,media|journalism|podcast|documentary,2_major,International,2019–present,2019,present,2019: The Basement Office launched,New York Post|The Basement Office,journalist host or filmmaker,The Basement Office|The Basement Office series,media_or_public_discourse,skeptic_prosaic,Investigative video journalist initially sympathetic but increasingly critical of Pentagon-program and Skinwalker narratives.,Investigative video journalist initially sympathetic but increasingly critical of Pentagon-program and Skinwalker narratives.,published reporting|interviews|documentary or broadcast record,reporting_or_commentary,investigative_journalism|skeptical_analysis,moderate_contextual,high,Platforms vary from reported journalism to advocacy and entertainment; inclusion does not endorse guests’ or hosts’ claims.,2019,POD-065,Biographical or case overview,https://en.wikipedia.org/wiki/Steven_Greenstreet,secondary_reference,UFO podcast directory and platform survey,https://podcast.feedspot.com/ufo_podcasts/,secondary_directory,2,census+seed,uap_person_steven_greenstreet,PER-071,merged (exact),2026-09-14,Biographical dates not confidently verified in this pass; see key_event_dates.,
UP-0217,John Greenewald Jr.,,1981-04-17,,active,journalist_host_or_filmmaker,media|journalism|podcast|documentary,2_major,International,1996–present,1996,present,1996: The Black Vault founded,The Black Vault,journalist host or filmmaker,FOIA document archive|The Black Vault Originals|Tens of thousands of FOIA-released documents,media_or_public_discourse,transparency_advocate,Uses public-records requests to publish government UAP documents and challenge unsupported narratives across camps.,Uses public-records requests to publish government UAP documents and challenge unsupported narratives across camps.,published reporting|interviews|documentary or broadcast record,reporting_or_commentary,documentary_analysis,moderate_contextual,high,Platforms vary from reported journalism to advocacy and entertainment; inclusion does not endorse guests’ or hosts’ claims.,1996,,Biographical or case overview,https://en.wikipedia.org/wiki/John_Greenewald_Jr.,secondary_reference,UFO podcast directory and platform survey,https://podcast.feedspot.com/ufo_podcasts/,secondary_directory,2,census+seed,uap_person_john_greenewald_jr,PER-080,merged (exact),2026-09-14,Dates may be year-only or month-only where day precision was not verified.,
UP-0218,Alejandro Rojas,,,,active,journalist_host_or_filmmaker,media|journalism|podcast|documentary,2_major,International,2009–present,2009,present,2009: Open Minds era,Open Minds|International UFO Congress|MUFON (fmr),journalist host or filmmaker,Open Minds UFO Radio|conference production|Open Minds TV,media_or_public_discourse,journalist_neutral,"Journalist and organizer covering cases, researchers, official developments, and popular culture.","Journalist and organizer covering cases, researchers, official developments, and popular culture.",published reporting|interviews|documentary or broadcast record,reporting_or_commentary,journalism|platform,moderate_contextual,high,Platforms vary from reported journalism to advocacy and entertainment; inclusion does not endorse guests’ or hosts’ claims.,2009-08,POD-013,Biographical or case overview,https://en.wikipedia.org/wiki/Alejandro_Rojas,secondary_reference,UFO podcast directory and platform survey,https://podcast.feedspot.com/ufo_podcasts/,secondary_directory,2,census+seed,uap_person_alejandro_rojas,PER-164,merged (exact),2026-09-14,Biographical dates not confidently verified in this pass; see key_event_dates.,
UP-0219,Lee Speigel,,,,,journalist_host_or_filmmaker,media|journalism|podcast|documentary,2_major,International,1970–present,1970,present,1975: UN UFO presentation involvement,HuffPost|NBC|Uncovering the Truth About UFOs,journalist host or filmmaker,UFO journalism and conference moderation,media_or_public_discourse,,"Veteran journalist who has covered UFO witnesses, government records, and public events since the 1970s.","Veteran journalist who has covered UFO witnesses, government records, and public events since the 1970s.",published reporting|interviews|documentary or broadcast record,reporting_or_commentary,,moderate_contextual,,Platforms vary from reported journalism to advocacy and entertainment; inclusion does not endorse guests’ or hosts’ claims.,,,Biographical or case overview,https://en.wikipedia.org/wiki/Lee_Speigel,secondary_reference,UFO podcast directory and platform survey,https://podcast.feedspot.com/ufo_podcasts/,secondary_directory,2,census,uap_person_lee_speigel,,,2026-09-14,Biographical dates not confidently verified in this pass; see key_event_dates.,
UP-0220,Billy Cox,,,,,journalist_host_or_filmmaker,media|journalism|podcast|documentary,2_major,International,2007–present,2007,present,2007: De Void blog,Sarasota Herald-Tribune|De Void,journalist host or filmmaker,De Void blog|investigative reporting,media_or_public_discourse,,"Journalist known for persistent coverage of official secrecy, radar cases, and UAP policy.","Journalist known for persistent coverage of official secrecy, radar cases, and UAP policy.",published reporting|interviews|documentary or broadcast record,reporting_or_commentary,,moderate_contextual,,Platforms vary from reported journalism to advocacy and entertainment; inclusion does not endorse guests’ or hosts’ claims.,,,Biographical or case overview,https://en.wikipedia.org/wiki/Billy_Cox,secondary_reference,UFO podcast directory and platform survey,https://podcast.feedspot.com/ufo_podcasts/,secondary_directory,2,census,uap_person_billy_cox,,,2026-09-14,Biographical dates not confidently verified in this pass; see key_event_dates.,
UP-0221,Nick Redfern,,1964,,,journalist_host_or_filmmaker,media|journalism|podcast|documentary,2_major,International,1990–present,1990,present,1990s: UFO writing career,Independent author and journalist,journalist host or filmmaker,Body Snatchers in the Desert|many UFO books,media_or_public_discourse,,"Prolific writer exploring Roswell, government files, cryptids, and alternative hypotheses; often foregrounds contested claims.","Prolific writer exploring Roswell, government files, cryptids, and alternative hypotheses; often foregrounds contested claims.",published reporting|interviews|documentary or broadcast record,reporting_or_commentary,,moderate_contextual,,Platforms vary from reported journalism to advocacy and entertainment; inclusion does not endorse guests’ or hosts’ claims.,,,Biographical or case overview,https://en.wikipedia.org/wiki/Nick_Redfern,secondary_reference,UFO podcast directory and platform survey,https://podcast.feedspot.com/ufo_podcasts/,secondary_directory,2,census,uap_person_nick_redfern,,,2026-09-14,Dates may be year-only or month-only where day precision was not verified.,
UP-0222,Timothy Good,,1942-01-06,,active,journalist_host_or_filmmaker,media|journalism|podcast|documentary,2_major,International,1960–present,1960,present,1987: Above Top Secret,Independent author and researcher,journalist host or filmmaker,Above Top Secret|Beyond Top Secret|Above Top Secret (1987)|Need to Know,media_or_public_discourse,proponent_nhi,British author who popularized government-secrecy and contact allegations through books and media.,British author who popularized government-secrecy and contact allegations through books and media.,published reporting|interviews|documentary or broadcast record,reporting_or_commentary,research|contested,moderate_contextual,medium,Platforms vary from reported journalism to advocacy and entertainment; inclusion does not endorse guests’ or hosts’ claims.,1987,,Biographical or case overview,https://en.wikipedia.org/wiki/Timothy_Good,secondary_reference,UFO podcast directory and platform survey,https://podcast.feedspot.com/ufo_podcasts/,secondary_directory,2,census+seed,uap_person_timothy_good,PER-145,merged (exact),2026-09-14,Dates may be year-only or month-only where day precision was not verified.,
UP-0223,Jenny Randles,,1951-10-30,,,journalist_host_or_filmmaker,media|journalism|podcast|documentary,2_major,International,1970–present,1970,present,1970s: BUFORA work,British UFO Research Association|author,journalist host or filmmaker,UFO Reality|Time Storms,media_or_public_discourse,,Prolific British investigator and author who documents cases while often favoring cautious or psychosocial interpretations.,Prolific British investigator and author who documents cases while often favoring cautious or psychosocial interpretations.,published reporting|interviews|documentary or broadcast record,reporting_or_commentary,,moderate_contextual,,Platforms vary from reported journalism to advocacy and entertainment; inclusion does not endorse guests’ or hosts’ claims.,,,Biographical or case overview,https://en.wikipedia.org/wiki/Jenny_Randles,secondary_reference,UFO podcast directory and platform survey,https://podcast.feedspot.com/ufo_podcasts/,secondary_directory,2,census,uap_person_jenny_randles,,,2026-09-14,Dates may be year-only or month-only where day precision was not verified.,
UP-0224,Mark Pilkington,,1973,,,journalist_host_or_filmmaker,media|journalism|podcast|documentary,2_major,International,1990–present,1990,present,2010: Mirage Men book|2013: film,Strange Attractor Press|author,journalist host or filmmaker,Mirage Men,media_or_public_discourse,,"Writer and filmmaker examining disinformation, belief, intelligence operations, and UFO mythology.","Writer and filmmaker examining disinformation, belief, intelligence operations, and UFO mythology.",published reporting|interviews|documentary or broadcast record,reporting_or_commentary,,moderate_contextual,,Platforms vary from reported journalism to advocacy and entertainment; inclusion does not endorse guests’ or hosts’ claims.,,,Biographical or case overview,https://en.wikipedia.org/wiki/Mark_Pilkington,secondary_reference,UFO podcast directory and platform survey,https://podcast.feedspot.com/ufo_podcasts/,secondary_directory,2,census,uap_person_mark_pilkington,,,2026-09-14,Dates may be year-only or month-only where day precision was not verified.,
UP-0225,Greg Eghigian,,1961,,,journalist_host_or_filmmaker,media|journalism|podcast|documentary,2_major,International,2010–present,2010,present,2024: After the Flying Saucers Came,Penn State University|historian,journalist host or filmmaker,After the Flying Saucers Came,media_or_public_discourse,,"Historian studying UFO culture, institutions, and public belief rather than adjudicating extraterrestrial claims.","Historian studying UFO culture, institutions, and public belief rather than adjudicating extraterrestrial claims.",published reporting|interviews|documentary or broadcast record,reporting_or_commentary,,moderate_contextual,,Platforms vary from reported journalism to advocacy and entertainment; inclusion does not endorse guests’ or hosts’ claims.,,,Biographical or case overview,https://en.wikipedia.org/wiki/Greg_Eghigian,secondary_reference,UFO podcast directory and platform survey,https://podcast.feedspot.com/ufo_podcasts/,secondary_directory,2,census,uap_person_greg_eghigian,,,2026-09-14,Dates may be year-only or month-only where day precision was not verified.,
UP-0226,Donald E. Keyhoe,,1897-06-20,1988-11-29,deceased,investigator_author_or_organization_leader,investigator|author|archive|advocacy,2_major,International,1950–1973,1950,1973,1950: The Flying Saucers Are Real|1957–1969: NICAP director,U.S. Marine Corps|NICAP,investigator author or organization leader,The Flying Saucers Are Real|Flying Saucers from Outer Space|The Flying Saucers Are Real (1950),investigation_or_advocacy,transparency_advocate,Early disclosure advocate who argued UFOs were interplanetary craft and that the Air Force concealed evidence.,Early disclosure advocate who argued UFOs were interplanetary craft and that the Air Force concealed evidence.,case files|books|interviews|organizational record,analytical_interpretation_or_advocacy,advocacy|historical_record,moderate_contextual,high,"Methods and conclusions vary; hypnosis, anonymous sourcing, and extraordinary interpretations are flagged where central.",1950,,Biographical or case overview,https://en.wikipedia.org/wiki/Donald_E._Keyhoe,secondary_reference,Reference list of ufologists,https://en.wikipedia.org/wiki/List_of_ufologists,secondary_reference,2,census+seed,uap_person_donald_e_keyhoe,PER-140,merged (exact),2026-09-14,Dates may be year-only or month-only where day precision was not verified.,
UP-0227,Richard H. Hall,,1930-12-25,2009-07-17,deceased,investigator_author_or_organization_leader,investigator|author|archive|advocacy,2_major,International,1958–2009,1958,2009,1964: The UFO Evidence,NICAP|Fund for UFO Research,investigator author or organization leader,The UFO Evidence|Uninvited Guests,investigation_or_advocacy,,Compiled structured case evidence and helped professionalize civilian investigation and congressional advocacy.,Compiled structured case evidence and helped professionalize civilian investigation and congressional advocacy.,case files|books|interviews|organizational record,analytical_interpretation_or_advocacy,,moderate_contextual,,"Methods and conclusions vary; hypnosis, anonymous sourcing, and extraordinary interpretations are flagged where central.",,,Biographical or case overview,https://en.wikipedia.org/wiki/Richard_H._Hall,secondary_reference,Reference list of ufologists,https://en.wikipedia.org/wiki/List_of_ufologists,secondary_reference,2,census,uap_person_richard_h_hall,,,2026-09-14,Dates may be year-only or month-only where day precision was not verified.,
UP-0228,Thomas Townsend Brown,,1905-03-18,1985-10-27,deceased,investigator_author_or_organization_leader,investigator|author|archive|advocacy,2_major,International,1950–1985,1950,1985,1956: helped found NICAP,NICAP|physicist and inventor,investigator author or organization leader,Electrogravitics work|NICAP founding role,investigation_or_advocacy,,"Early NICAP leader whose propulsion ideas influenced UFO speculation, though electrogravitic performance claims remain disputed.","Early NICAP leader whose propulsion ideas influenced UFO speculation, though electrogravitic performance claims remain disputed.",case files|books|interviews|organizational record,analytical_interpretation_or_advocacy,,moderate_contextual,,"Methods and conclusions vary; hypnosis, anonymous sourcing, and extraordinary interpretations are flagged where central.",,,Biographical or case overview,https://en.wikipedia.org/wiki/Thomas_Townsend_Brown,secondary_reference,Reference list of ufologists,https://en.wikipedia.org/wiki/List_of_ufologists,secondary_reference,2,census,uap_person_thomas_townsend_brown,,,2026-09-14,Dates may be year-only or month-only where day precision was not verified.,
UP-0229,Walt Andrus,,1920-12-12,2015-09-16,deceased,investigator_author_or_organization_leader,investigator|author|archive|advocacy,2_major,International,1969–2000,1969,2000,1969-05-31: MUFON founded,MUFON,investigator author or organization leader,MUFON International UFO Symposium proceedings,investigation_or_advocacy,,Founded MUFON and built a large volunteer field-investigator network.,Founded MUFON and built a large volunteer field-investigator network.,case files|books|interviews|organizational record,analytical_interpretation_or_advocacy,,moderate_contextual,,"Methods and conclusions vary; hypnosis, anonymous sourcing, and extraordinary interpretations are flagged where central.",,,Biographical or case overview,https://en.wikipedia.org/wiki/Walt_Andrus,secondary_reference,Reference list of ufologists,https://en.wikipedia.org/wiki/List_of_ufologists,secondary_reference,2,census,uap_person_walt_andrus,,,2026-09-14,Dates may be year-only or month-only where day precision was not verified.,
UP-0230,John F. Schuessler,,1935-06-28,2026-07-22,deceased,investigator_author_or_organization_leader,investigator|author|archive|advocacy,2_major,International,1970–2026,1970,2026,1980: Cash-Landrum incident|2000–2006: MUFON director,MUFON|aerospace engineer,investigator author or organization leader,Cash-Landrum investigation|MUFON leadership,investigation_or_advocacy,,Aerospace engineer and MUFON leader best known for investigating the Cash-Landrum case.,Aerospace engineer and MUFON leader best known for investigating the Cash-Landrum case.,case files|books|interviews|organizational record,analytical_interpretation_or_advocacy,,moderate_contextual,,"Methods and conclusions vary; hypnosis, anonymous sourcing, and extraordinary interpretations are flagged where central.",,,Biographical or case overview,https://en.wikipedia.org/wiki/John_F._Schuessler,secondary_reference,Reference list of ufologists,https://en.wikipedia.org/wiki/List_of_ufologists,secondary_reference,2,census,uap_person_john_f_schuessler,,,2026-09-14,Dates may be year-only or month-only where day precision was not verified.,
UP-0231,Jan Harzan,,1955,,,investigator_author_or_organization_leader,investigator|author|archive|advocacy,2_major,International,1990–2020,1990,2020,2013–2020: MUFON executive director,MUFON|IBM,investigator author or organization leader,MUFON executive-director era,investigation_or_advocacy,,Led MUFON from 2013 to 2020; his tenure expanded media visibility but ended after a criminal arrest and guilty plea unrelated to UAP research.,Led MUFON from 2013 to 2020; his tenure expanded media visibility but ended after a criminal arrest and guilty plea unrelated to UAP research.,case files|books|interviews|organizational record,analytical_interpretation_or_advocacy,,moderate_contextual,,"Methods and conclusions vary; hypnosis, anonymous sourcing, and extraordinary interpretations are flagged where central.",,,Biographical or case overview,https://en.wikipedia.org/wiki/Jan_Harzan,secondary_reference,Reference list of ufologists,https://en.wikipedia.org/wiki/List_of_ufologists,secondary_reference,2,census,uap_person_jan_harzan,,,2026-09-14,Dates may be year-only or month-only where day precision was not verified.,
UP-0232,David MacDonald,,,2026-06,deceased,investigator_author_or_organization_leader,investigator|author|archive|advocacy,2_major,International,2020–2026,2020,2026,2020–2026: MUFON executive director,MUFON,investigator author or organization leader,MUFON executive-director era,investigation_or_advocacy,,Led MUFON and represented the organization in public case-reporting and media work.,Led MUFON and represented the organization in public case-reporting and media work.,case files|books|interviews|organizational record,analytical_interpretation_or_advocacy,,moderate_contextual,,"Methods and conclusions vary; hypnosis, anonymous sourcing, and extraordinary interpretations are flagged where central.",,,MUFON official site,https://mufon.com/,primary_or_institutional,Reference list of ufologists,https://en.wikipedia.org/wiki/List_of_ufologists,secondary_reference,2,census,uap_person_david_macdonald,,,2026-09-14,Dates may be year-only or month-only where day precision was not verified.,
UP-0233,Peter Davenport,,1948,,,investigator_author_or_organization_leader,investigator|author|archive|advocacy,2_major,International,1994–present,1994,present,1994: became NUFORC director,National UFO Reporting Center,investigator author or organization leader,NUFORC database and hotline,investigation_or_advocacy,,"Longtime director of a major public sighting-report clearinghouse, emphasizing rapid intake and searchable records.","Longtime director of a major public sighting-report clearinghouse, emphasizing rapid intake and searchable records.",case files|books|interviews|organizational record,analytical_interpretation_or_advocacy,,moderate_contextual,,"Methods and conclusions vary; hypnosis, anonymous sourcing, and extraordinary interpretations are flagged where central.",,,NUFORC official site,https://nuforc.org/,primary_or_institutional,Reference list of ufologists,https://en.wikipedia.org/wiki/List_of_ufologists,secondary_reference,2,census,uap_person_peter_davenport,,,2026-09-14,Dates may be year-only or month-only where day precision was not verified.,
UP-0234,Robert J. Gribble,,1924,2012,deceased,investigator_author_or_organization_leader,investigator|author|archive|advocacy,2_major,International,1974–1994,1974,1994,1974: NUFORC founded,National UFO Reporting Center,investigator author or organization leader,NUFORC founding hotline,investigation_or_advocacy,,"Founded NUFORC, creating a centralized civilian telephone-reporting service.","Founded NUFORC, creating a centralized civilian telephone-reporting service.",case files|books|interviews|organizational record,analytical_interpretation_or_advocacy,,moderate_contextual,,"Methods and conclusions vary; hypnosis, anonymous sourcing, and extraordinary interpretations are flagged where central.",,,Biographical or case overview,https://en.wikipedia.org/wiki/Robert_J._Gribble,secondary_reference,Reference list of ufologists,https://en.wikipedia.org/wiki/List_of_ufologists,secondary_reference,2,census,uap_person_robert_j_gribble,,,2026-09-14,Dates may be year-only or month-only where day precision was not verified.,
UP-0235,Christian Stepien,,,,,investigator_author_or_organization_leader,investigator|author|archive|advocacy,2_major,International,2020–present,2020,present,2020s: NUFORC CTO,National UFO Reporting Center,investigator author or organization leader,NUFORC database technology,investigation_or_advocacy,,Serves as NUFORC technical leader and supports modernization of its public database.,Serves as NUFORC technical leader and supports modernization of its public database.,case files|books|interviews|organizational record,analytical_interpretation_or_advocacy,,moderate_contextual,,"Methods and conclusions vary; hypnosis, anonymous sourcing, and extraordinary interpretations are flagged where central.",,,NUFORC official site,https://nuforc.org/,primary_or_institutional,Reference list of ufologists,https://en.wikipedia.org/wiki/List_of_ufologists,secondary_reference,2,census,uap_person_christian_stepien,,,2026-09-14,Biographical dates not confidently verified in this pass; see key_event_dates.,
UP-0236,David Marler,,,,,investigator_author_or_organization_leader,investigator|author|archive|advocacy,2_major,International,1990–present,1990,present,2013: Triangular UFOs|2023: archival center coverage,National UFO Historical Records Center|MUFON,investigator author or organization leader,Triangular UFOs|archival collections,investigation_or_advocacy,,Archivist and investigator building a major centralized collection of civilian and government UFO records.,Archivist and investigator building a major centralized collection of civilian and government UFO records.,case files|books|interviews|organizational record,analytical_interpretation_or_advocacy,,moderate_contextual,,"Methods and conclusions vary; hypnosis, anonymous sourcing, and extraordinary interpretations are flagged where central.",,,Associated Press archive profile,https://apnews.com/article/ufos-records-collection-new-mexico-8a228762b547fc88e0f4d70584610bed,primary_or_institutional,Reference list of ufologists,https://en.wikipedia.org/wiki/List_of_ufologists,secondary_reference,2,census,uap_person_david_marler,,,2026-09-14,Biographical dates not confidently verified in this pass; see key_event_dates.,
UP-0237,Stanton T. Friedman,,1934-07-29,2019-05-13,deceased,investigator_author_or_organization_leader,investigator|author|archive|advocacy,2_major,International,1967–2019,1967,2019,1967: began lecturing on UFOs|1978: interviewed Jesse Marcel,Nuclear physicist|civilian researcher,investigator author or organization leader,Crash at Corona|Top Secret/MAJIC,investigation_or_advocacy,proponent_nhi,Prominent extraterrestrial-hypothesis advocate who revived Roswell interest and promoted Majestic-12 claims; critics disputed document authenticity.,Prominent extraterrestrial-hypothesis advocate who revived Roswell interest and promoted Majestic-12 claims; critics disputed document authenticity.,case files|books|interviews|organizational record,analytical_interpretation_or_advocacy,research|advocacy,moderate_contextual,high,"Methods and conclusions vary; hypnosis, anonymous sourcing, and extraordinary interpretations are flagged where central.",1978,,Biographical or case overview,https://en.wikipedia.org/wiki/Stanton_T._Friedman,secondary_reference,Reference list of ufologists,https://en.wikipedia.org/wiki/List_of_ufologists,secondary_reference,2,census+seed,uap_person_stanton_t_friedman,PER-137,merged (exact),2026-09-14,Dates may be year-only or month-only where day precision was not verified.,
UP-0238,Jerome Clark,,1946-11-27,,,investigator_author_or_organization_leader,investigator|author|archive|advocacy,2_major,International,1970–present,1970,present,1970s: UFO writing|1990s: encyclopedia,Center for UFO Studies|Fate magazine,investigator author or organization leader,The UFO Encyclopedia|Strange Skies,investigation_or_advocacy,,"Historian and encyclopedist documenting cases, folklore, organizations, and debates.","Historian and encyclopedist documenting cases, folklore, organizations, and debates.",case files|books|interviews|organizational record,analytical_interpretation_or_advocacy,,moderate_contextual,,"Methods and conclusions vary; hypnosis, anonymous sourcing, and extraordinary interpretations are flagged where central.",,,Biographical or case overview,https://en.wikipedia.org/wiki/Jerome_Clark,secondary_reference,Reference list of ufologists,https://en.wikipedia.org/wiki/List_of_ufologists,secondary_reference,2,census,uap_person_jerome_clark,,,2026-09-14,Dates may be year-only or month-only where day precision was not verified.,
UP-0239,Leonard H. Stringfield,,1920,1994-12-18,deceased,investigator_author_or_organization_leader,investigator|author|archive|advocacy,2_major,International,1950–1994,1950,1994,1950s: CRIFO|1978: MUFON crash-retrieval presentation,U.S. Air Force veteran|CRIFO|MUFON,investigator author or organization leader,Situation Red|Status Reports on alleged crash retrievals,investigation_or_advocacy,,Collected secondhand crash-retrieval and body-recovery allegations that influenced later disclosure narratives.,Collected secondhand crash-retrieval and body-recovery allegations that influenced later disclosure narratives.,case files|books|interviews|organizational record,analytical_interpretation_or_advocacy,,moderate_contextual,,"Methods and conclusions vary; hypnosis, anonymous sourcing, and extraordinary interpretations are flagged where central.",,,Biographical or case overview,https://en.wikipedia.org/wiki/Leonard_H._Stringfield,secondary_reference,Reference list of ufologists,https://en.wikipedia.org/wiki/List_of_ufologists,secondary_reference,2,census,uap_person_leonard_h_stringfield,,,2026-09-14,Dates may be year-only or month-only where day precision was not verified.,
UP-0240,Raymond E. Fowler,,1933-11-11,,,investigator_author_or_organization_leader,investigator|author|archive|advocacy,2_major,International,1960–present,1960,present,1960s: NICAP/MUFON work|1979: Andreasson Affair,MUFON|NICAP,investigator author or organization leader,The Andreasson Affair|UFOs: Interplanetary Visitors,investigation_or_advocacy,,"Investigated New England cases and abduction claims, including those of Betty Andreasson.","Investigated New England cases and abduction claims, including those of Betty Andreasson.",case files|books|interviews|organizational record,analytical_interpretation_or_advocacy,,moderate_contextual,,"Methods and conclusions vary; hypnosis, anonymous sourcing, and extraordinary interpretations are flagged where central.",,,Biographical or case overview,https://en.wikipedia.org/wiki/Raymond_E._Fowler,secondary_reference,Reference list of ufologists,https://en.wikipedia.org/wiki/List_of_ufologists,secondary_reference,2,census,uap_person_raymond_e_fowler,,,2026-09-14,Dates may be year-only or month-only where day precision was not verified.,
UP-0241,Kevin D. Randle,,1949-06-04,,active,investigator_author_or_organization_leader,investigator|author|archive|advocacy,2_major,International,1970–present,1970,present,1980s: Roswell research,U.S. Army and Air Force Reserve|author|US Army (ret.),investigator author or organization leader,The Truth About the UFO Crash at Roswell|Roswell research|UFO Crash at Roswell and many others,investigation_or_advocacy,proponent_anomaly,"Military veteran and prolific investigator focused on Roswell and crash-retrieval history, revising positions as witness credibility changed.","Military veteran and prolific investigator focused on Roswell and crash-retrieval history, revising positions as witness credibility changed.",case files|books|interviews|organizational record,analytical_interpretation_or_advocacy,research,moderate_contextual,medium,"Methods and conclusions vary; hypnosis, anonymous sourcing, and extraordinary interpretations are flagged where central.",1991,,Biographical or case overview,https://en.wikipedia.org/wiki/Kevin_D._Randle,secondary_reference,Reference list of ufologists,https://en.wikipedia.org/wiki/List_of_ufologists,secondary_reference,2,census+seed,uap_person_kevin_d_randle,PER-144,merged (exact),2026-09-14,Dates may be year-only or month-only where day precision was not verified.,
UP-0242,Thomas J. Carey,,,,,investigator_author_or_organization_leader,investigator|author|archive|advocacy,2_major,International,1990–present,1990,present,1990s: Roswell research,Roswell investigator|author,investigator author or organization leader,Witness to Roswell|Inside the Real Area 51,investigation_or_advocacy,,Researcher advocating a crashed-craft interpretation of Roswell using witness interviews and documents.,Researcher advocating a crashed-craft interpretation of Roswell using witness interviews and documents.,case files|books|interviews|organizational record,analytical_interpretation_or_advocacy,,moderate_contextual,,"Methods and conclusions vary; hypnosis, anonymous sourcing, and extraordinary interpretations are flagged where central.",,,Biographical or case overview,https://en.wikipedia.org/wiki/Thomas_J._Carey,secondary_reference,Reference list of ufologists,https://en.wikipedia.org/wiki/List_of_ufologists,secondary_reference,2,census,uap_person_thomas_j_carey,,,2026-09-14,Biographical dates not confidently verified in this pass; see key_event_dates.,
UP-0243,Donald R. Schmitt,,1955,,,investigator_author_or_organization_leader,investigator|author|archive|advocacy,2_major,International,1980–present,1980,present,1989: UFO Crash at Roswell,Center for UFO Studies|Roswell investigator,investigator author or organization leader,Witness to Roswell|UFO Crash at Roswell,investigation_or_advocacy,,Longtime Roswell researcher whose early credential claims drew criticism; continues to argue for extraordinary recovery.,Longtime Roswell researcher whose early credential claims drew criticism; continues to argue for extraordinary recovery.,case files|books|interviews|organizational record,analytical_interpretation_or_advocacy,,moderate_contextual,,"Methods and conclusions vary; hypnosis, anonymous sourcing, and extraordinary interpretations are flagged where central.",,,Biographical or case overview,https://en.wikipedia.org/wiki/Donald_R._Schmitt,secondary_reference,Reference list of ufologists,https://en.wikipedia.org/wiki/List_of_ufologists,secondary_reference,2,census,uap_person_donald_r_schmitt,,,2026-09-14,Dates may be year-only or month-only where day precision was not verified.,
UP-0244,Philip J. Imbrogno,,1951,,,investigator_author_or_organization_leader,investigator|author|archive|advocacy,2_major,International,1970–2011,1970,2011,1987: Night Siege|2011: credential controversy,Author and investigator,investigator author or organization leader,Night Siege|Interdimensional Universe,investigation_or_advocacy,,Investigated Hudson Valley cases and promoted interdimensional ideas; fabricated academic credentials seriously damaged credibility.,Investigated Hudson Valley cases and promoted interdimensional ideas; fabricated academic credentials seriously damaged credibility.,case files|books|interviews|organizational record,analytical_interpretation_or_advocacy,,moderate_contextual,,"Methods and conclusions vary; hypnosis, anonymous sourcing, and extraordinary interpretations are flagged where central.",,,Biographical or case overview,https://en.wikipedia.org/wiki/Philip_J._Imbrogno,secondary_reference,Reference list of ufologists,https://en.wikipedia.org/wiki/List_of_ufologists,secondary_reference,2,census,uap_person_philip_j_imbrogno,,,2026-09-14,Dates may be year-only or month-only where day precision was not verified.,
UP-0245,Budd Hopkins,Bud Hopkins,1931-06-15,2011-08-21,deceased,investigator_author_or_organization_leader,investigator|author|archive|advocacy,2_major,International,1975–2011,1975,2011,1975: began investigations|1981: Missing Time,Intruders Foundation|artist,investigator author or organization leader,Missing Time|Intruders,investigation_or_advocacy,,Popularized alien-abduction investigation using hypnosis; memory-recovery methods are heavily criticized by psychologists.,Popularized alien-abduction investigation using hypnosis; memory-recovery methods are heavily criticized by psychologists.,case files|books|interviews|organizational record,analytical_interpretation_or_advocacy,,moderate_contextual,,"Methods and conclusions vary; hypnosis, anonymous sourcing, and extraordinary interpretations are flagged where central.",,,Biographical or case overview,https://en.wikipedia.org/wiki/Bud_Hopkins,secondary_reference,Reference list of ufologists,https://en.wikipedia.org/wiki/List_of_ufologists,secondary_reference,2,census,uap_person_bud_hopkins,,,2026-09-14,Dates may be year-only or month-only where day precision was not verified.,
UP-0246,David M. Jacobs,,1942-08-10,,,investigator_author_or_organization_leader,investigator|author|archive|advocacy,2_major,International,1970–present,1970,present,1982: The UFO Controversy in America|1992: Secret Life,Temple University|International Center for Abduction Research,investigator author or organization leader,The Threat|Secret Life,investigation_or_advocacy,,"Argues abduction accounts reveal a covert hybridization program, based largely on hypnotic regression; methods and conclusions are widely disputed.","Argues abduction accounts reveal a covert hybridization program, based largely on hypnotic regression; methods and conclusions are widely disputed.",case files|books|interviews|organizational record,analytical_interpretation_or_advocacy,,moderate_contextual,,"Methods and conclusions vary; hypnosis, anonymous sourcing, and extraordinary interpretations are flagged where central.",,,Biographical or case overview,https://en.wikipedia.org/wiki/David_M._Jacobs,secondary_reference,Reference list of ufologists,https://en.wikipedia.org/wiki/List_of_ufologists,secondary_reference,2,census,uap_person_david_m_jacobs,,,2026-09-14,Dates may be year-only or month-only where day precision was not verified.,
UP-0247,John E. Mack,,1929-10-04,2004-09-27,deceased,investigator_author_or_organization_leader,investigator|author|archive|advocacy,2_major,International,1990–2004,1990,2004,1990: began abduction research|1994: Abduction,Harvard Medical School|Program for Extraordinary Experience Research,investigator author or organization leader,Abduction|Passport to the Cosmos|Abduction (1994),investigation_or_advocacy,agnostic_scientific,Psychiatrist who treated experiencer accounts as psychologically meaningful and potentially anomalous; Harvard reviewed but did not sanction him.,Psychiatrist who treated experiencer accounts as psychologically meaningful and potentially anomalous; Harvard reviewed but did not sanction him.,case files|books|interviews|organizational record,analytical_interpretation_or_advocacy,academic_analysis|contested,moderate_contextual,high,"Methods and conclusions vary; hypnosis, anonymous sourcing, and extraordinary interpretations are flagged where central.",1994,,Biographical or case overview,https://en.wikipedia.org/wiki/John_E._Mack,secondary_reference,Reference list of ufologists,https://en.wikipedia.org/wiki/List_of_ufologists,secondary_reference,2,census+seed,uap_person_john_e_mack,PER-143,merged (exact),2026-09-14,Dates may be year-only or month-only where day precision was not verified.,
UP-0248,R. Leo Sprinkle,,1930-08-31,2021-11-21,deceased,investigator_author_or_organization_leader,investigator|author|archive|advocacy,2_major,International,1960–2021,1960,2021,1960s: began UFO research|1980: Rocky Mountain conference,University of Wyoming,investigator author or organization leader,UFO experiencer conferences|The Unknown Encounter,investigation_or_advocacy,,Psychologist who used hypnosis and organized long-running experiencer conferences; memory methods are controversial.,Psychologist who used hypnosis and organized long-running experiencer conferences; memory methods are controversial.,case files|books|interviews|organizational record,analytical_interpretation_or_advocacy,,moderate_contextual,,"Methods and conclusions vary; hypnosis, anonymous sourcing, and extraordinary interpretations are flagged where central.",,,Biographical or case overview,https://en.wikipedia.org/wiki/R._Leo_Sprinkle,secondary_reference,Reference list of ufologists,https://en.wikipedia.org/wiki/List_of_ufologists,secondary_reference,2,census,uap_person_r_leo_sprinkle,,,2026-09-14,Dates may be year-only or month-only where day precision was not verified.,
UP-0249,Coral Lorenzen,,1925-04-02,1988-04-12,deceased,investigator_author_or_organization_leader,investigator|author|archive|advocacy,2_major,International,1952–1988,1952,1988,1952: APRO founded,Aerial Phenomena Research Organization,investigator author or organization leader,The Great Flying Saucer Hoax|APRO Bulletin,investigation_or_advocacy,,Co-founded APRO and built an international civilian case network.,Co-founded APRO and built an international civilian case network.,case files|books|interviews|organizational record,analytical_interpretation_or_advocacy,,moderate_contextual,,"Methods and conclusions vary; hypnosis, anonymous sourcing, and extraordinary interpretations are flagged where central.",,,Biographical or case overview,https://en.wikipedia.org/wiki/Coral_Lorenzen,secondary_reference,Reference list of ufologists,https://en.wikipedia.org/wiki/List_of_ufologists,secondary_reference,2,census,uap_person_coral_lorenzen,,,2026-09-14,Dates may be year-only or month-only where day precision was not verified.,
UP-0250,Jim Lorenzen,,1922,1986,deceased,investigator_author_or_organization_leader,investigator|author|archive|advocacy,2_major,International,1952–1986,1952,1986,1952: APRO founded,Aerial Phenomena Research Organization,investigator author or organization leader,APRO Bulletin|Encounters with UFO Occupants,investigation_or_advocacy,,"Co-founded and administered APRO, one of the most influential early civilian organizations.","Co-founded and administered APRO, one of the most influential early civilian organizations.",case files|books|interviews|organizational record,analytical_interpretation_or_advocacy,,moderate_contextual,,"Methods and conclusions vary; hypnosis, anonymous sourcing, and extraordinary interpretations are flagged where central.",,,Biographical or case overview,https://en.wikipedia.org/wiki/Jim_Lorenzen,secondary_reference,Reference list of ufologists,https://en.wikipedia.org/wiki/List_of_ufologists,secondary_reference,2,census,uap_person_jim_lorenzen,,,2026-09-14,Dates may be year-only or month-only where day precision was not verified.,
UP-0251,Isabel Davis,,1907,1984,deceased,investigator_author_or_organization_leader,investigator|author|archive|advocacy,2_major,International,1950–1984,1950,1984,1950s: Civilian Saucer Intelligence,Civilian Saucer Intelligence|NICAP,investigator author or organization leader,Close Encounter at Kelly and Others of 1955,investigation_or_advocacy,,Careful early investigator known for the Kelly-Hopkinsville case and archival work.,Careful early investigator known for the Kelly-Hopkinsville case and archival work.,case files|books|interviews|organizational record,analytical_interpretation_or_advocacy,,moderate_contextual,,"Methods and conclusions vary; hypnosis, anonymous sourcing, and extraordinary interpretations are flagged where central.",,,Biographical or case overview,https://en.wikipedia.org/wiki/Isabel_Davis,secondary_reference,Reference list of ufologists,https://en.wikipedia.org/wiki/List_of_ufologists,secondary_reference,2,census,uap_person_isabel_davis,,,2026-09-14,Dates may be year-only or month-only where day precision was not verified.,
UP-0252,Ted Bloecher,,1929,,,investigator_author_or_organization_leader,investigator|author|archive|advocacy,2_major,International,1950–present,1950,present,1950s: CSI|1967: 1947-wave report,Civilian Saucer Intelligence|NICAP,investigator author or organization leader,Report on the UFO Wave of 1947,investigation_or_advocacy,,Compiled a foundational catalogue of the 1947 sighting wave and researched occupant reports.,Compiled a foundational catalogue of the 1947 sighting wave and researched occupant reports.,case files|books|interviews|organizational record,analytical_interpretation_or_advocacy,,moderate_contextual,,"Methods and conclusions vary; hypnosis, anonymous sourcing, and extraordinary interpretations are flagged where central.",,,Biographical or case overview,https://en.wikipedia.org/wiki/Ted_Bloecher,secondary_reference,Reference list of ufologists,https://en.wikipedia.org/wiki/List_of_ufologists,secondary_reference,2,census,uap_person_ted_bloecher,,,2026-09-14,Dates may be year-only or month-only where day precision was not verified.,
UP-0253,George Hunt Williamson,Michael d’Obrenovic,1926-12-09,1986-01,deceased,investigator_author_or_organization_leader,investigator|author|archive|advocacy,2_major,International,1952–1986,1952,1986,1952: Adamski circle|1953: The Saucers Speak,contactee movement|author,investigator author or organization leader,Other Tongues—Other Flesh|The Saucers Speak,investigation_or_advocacy,,Early contactee-era author who claimed telepathic and radio contact and shaped occult-UFO narratives.,Early contactee-era author who claimed telepathic and radio contact and shaped occult-UFO narratives.,case files|books|interviews|organizational record,analytical_interpretation_or_advocacy,,moderate_contextual,,"Methods and conclusions vary; hypnosis, anonymous sourcing, and extraordinary interpretations are flagged where central.",,,Biographical or case overview,https://en.wikipedia.org/wiki/George_Hunt_Williamson,secondary_reference,Reference list of ufologists,https://en.wikipedia.org/wiki/List_of_ufologists,secondary_reference,2,census,uap_person_george_hunt_williamson,,,2026-09-14,Dates may be year-only or month-only where day precision was not verified.,
UP-0254,Morris K. Jessup,,1900-03-02,1959-04-20,deceased,investigator_author_or_organization_leader,investigator|author|archive|advocacy,2_major,International,1955–1959,1955,1959,1955: The Case for the UFO,Astronomer|author,investigator author or organization leader,The Case for the UFO|Philadelphia Experiment correspondence,investigation_or_advocacy,,Early author linking UFOs with ancient mysteries; annotated copies of his book helped seed the Philadelphia Experiment legend.,Early author linking UFOs with ancient mysteries; annotated copies of his book helped seed the Philadelphia Experiment legend.,case files|books|interviews|organizational record,analytical_interpretation_or_advocacy,,moderate_contextual,,"Methods and conclusions vary; hypnosis, anonymous sourcing, and extraordinary interpretations are flagged where central.",,,Biographical or case overview,https://en.wikipedia.org/wiki/Morris_K._Jessup,secondary_reference,Reference list of ufologists,https://en.wikipedia.org/wiki/List_of_ufologists,secondary_reference,2,census,uap_person_morris_k_jessup,,,2026-09-14,Dates may be year-only or month-only where day precision was not verified.,
UP-0255,John A. Keel,,1930-03-25,2009-07-03,deceased,investigator_author_or_organization_leader,investigator|author|archive|advocacy,2_major,International,1960–2009,1960,2009,1967: Mothman investigation|1970: Operation Trojan Horse,Independent journalist,investigator author or organization leader,Operation Trojan Horse|The Mothman Prophecies,investigation_or_advocacy,,Proposed ultraterrestrial and belief-mediated interpretations connecting UFOs with folklore and paranormal phenomena.,Proposed ultraterrestrial and belief-mediated interpretations connecting UFOs with folklore and paranormal phenomena.,case files|books|interviews|organizational record,analytical_interpretation_or_advocacy,,moderate_contextual,,"Methods and conclusions vary; hypnosis, anonymous sourcing, and extraordinary interpretations are flagged where central.",,,Biographical or case overview,https://en.wikipedia.org/wiki/John_A._Keel,secondary_reference,Reference list of ufologists,https://en.wikipedia.org/wiki/List_of_ufologists,secondary_reference,2,census,uap_person_john_a_keel,,,2026-09-14,Dates may be year-only or month-only where day precision was not verified.,
UP-0256,Charles Fort,,1874-08-06,1932-05-03,deceased,investigator_author_or_organization_leader,investigator|author|archive|advocacy,2_major,International,1919–1932,1919,1932,1919: The Book of the Damned|1931: Lo!,Independent author,investigator author or organization leader,The Book of the Damned|Lo!,investigation_or_advocacy,,Pre-UFO anomalist whose collections of unexplained aerial and other reports influenced later researchers.,Pre-UFO anomalist whose collections of unexplained aerial and other reports influenced later researchers.,case files|books|interviews|organizational record,analytical_interpretation_or_advocacy,,moderate_contextual,,"Methods and conclusions vary; hypnosis, anonymous sourcing, and extraordinary interpretations are flagged where central.",,,Biographical or case overview,https://en.wikipedia.org/wiki/Charles_Fort,secondary_reference,Reference list of ufologists,https://en.wikipedia.org/wiki/List_of_ufologists,secondary_reference,2,census,uap_person_charles_fort,,,2026-09-14,Dates may be year-only or month-only where day precision was not verified.,
UP-0257,Ivan T. Sanderson,,1911-01-30,1973-02-19,deceased,investigator_author_or_organization_leader,investigator|author|archive|advocacy,2_major,International,1950–1973,1950,1973,1950s: UFO articles|1970: Invisible Residents,Society for the Investigation of the Unexplained,investigator author or organization leader,Invisible Residents|Pursuing the Unexplained,investigation_or_advocacy,,Naturalist and anomalist who proposed underwater origins for some UFOs and catalogued unusual cases.,Naturalist and anomalist who proposed underwater origins for some UFOs and catalogued unusual cases.,case files|books|interviews|organizational record,analytical_interpretation_or_advocacy,,moderate_contextual,,"Methods and conclusions vary; hypnosis, anonymous sourcing, and extraordinary interpretations are flagged where central.",,,Biographical or case overview,https://en.wikipedia.org/wiki/Ivan_T._Sanderson,secondary_reference,Reference list of ufologists,https://en.wikipedia.org/wiki/List_of_ufologists,secondary_reference,2,census,uap_person_ivan_t_sanderson,,,2026-09-14,Dates may be year-only or month-only where day precision was not verified.,
UP-0258,Aimé Michel,,1919-05-12,1992-12-28,deceased,investigator_author_or_organization_leader,investigator|author|archive|advocacy,2_major,International,1954–1992,1954,1992,1954: French wave research|1958: English-language book,French author and investigator,investigator author or organization leader,Flying Saucers and the Straight-Line Mystery,investigation_or_advocacy,,"Developed orthoteny, proposing geographic alignments in French sighting waves; statistical basis is disputed.","Developed orthoteny, proposing geographic alignments in French sighting waves; statistical basis is disputed.",case files|books|interviews|organizational record,analytical_interpretation_or_advocacy,,moderate_contextual,,"Methods and conclusions vary; hypnosis, anonymous sourcing, and extraordinary interpretations are flagged where central.",,,Biographical or case overview,https://en.wikipedia.org/wiki/Aim%C3%A9_Michel,secondary_reference,Reference list of ufologists,https://en.wikipedia.org/wiki/List_of_ufologists,secondary_reference,2,census,uap_person_aime_michel,,,2026-09-14,Dates may be year-only or month-only where day precision was not verified.,
UP-0259,Jacques Bergier,,1912-08-08,1978-11-23,deceased,investigator_author_or_organization_leader,investigator|author|archive|advocacy,2_major,International,1960–1978,1960,1978,1960: The Morning of the Magicians,French author|Resistance veteran,investigator author or organization leader,The Morning of the Magicians|Planète,investigation_or_advocacy,,"Popularized links among ancient mysteries, technology, and extraterrestrial speculation.","Popularized links among ancient mysteries, technology, and extraterrestrial speculation.",case files|books|interviews|organizational record,analytical_interpretation_or_advocacy,,moderate_contextual,,"Methods and conclusions vary; hypnosis, anonymous sourcing, and extraordinary interpretations are flagged where central.",,,Biographical or case overview,https://en.wikipedia.org/wiki/Jacques_Bergier,secondary_reference,Reference list of ufologists,https://en.wikipedia.org/wiki/List_of_ufologists,secondary_reference,2,census,uap_person_jacques_bergier,,,2026-09-14,Dates may be year-only or month-only where day precision was not verified.,
UP-0260,Robert Charroux,,1909-04-07,1978-06-24,deceased,investigator_author_or_organization_leader,investigator|author|archive|advocacy,2_major,International,1963–1978,1963,1978,1963: first major book,French author,investigator author or organization leader,One Hundred Thousand Years of Man’s Unknown History,investigation_or_advocacy,,Influential ancient-astronaut and lost-history writer whose claims lack mainstream archaeological support.,Influential ancient-astronaut and lost-history writer whose claims lack mainstream archaeological support.,case files|books|interviews|organizational record,analytical_interpretation_or_advocacy,,moderate_contextual,,"Methods and conclusions vary; hypnosis, anonymous sourcing, and extraordinary interpretations are flagged where central.",,,Biographical or case overview,https://en.wikipedia.org/wiki/Robert_Charroux,secondary_reference,Reference list of ufologists,https://en.wikipedia.org/wiki/List_of_ufologists,secondary_reference,2,census,uap_person_robert_charroux,,,2026-09-14,Dates may be year-only or month-only where day precision was not verified.,
UP-0261,Rémy Chauvin,,1913-10-10,2009-12-08,deceased,investigator_author_or_organization_leader,investigator|author|archive|advocacy,2_major,International,1960–2009,1960,2009,1960s: anomalist publications,French entomologist and author,investigator author or organization leader,Le retour des magiciens-related anomalist work,investigation_or_advocacy,,Scientist and anomalist who defended study of UFO and paranormal reports outside mainstream institutions.,Scientist and anomalist who defended study of UFO and paranormal reports outside mainstream institutions.,case files|books|interviews|organizational record,analytical_interpretation_or_advocacy,,moderate_contextual,,"Methods and conclusions vary; hypnosis, anonymous sourcing, and extraordinary interpretations are flagged where central.",,,Biographical or case overview,https://en.wikipedia.org/wiki/R%C3%A9my_Chauvin,secondary_reference,Reference list of ufologists,https://en.wikipedia.org/wiki/List_of_ufologists,secondary_reference,2,census,uap_person_remy_chauvin,,,2026-09-14,Dates may be year-only or month-only where day precision was not verified.,
UP-0262,Antonio Ribera,,1920-01-15,2001-09-24,deceased,investigator_author_or_organization_leader,investigator|author|archive|advocacy,2_major,International,1950–2001,1950,2001,1958: CEI co-founded,Spanish author|CEI,investigator author or organization leader,El gran enigma de los platillos volantes,investigation_or_advocacy,,"Foundational Spanish ufologist, translator, and organizer who documented Iberian and international cases.","Foundational Spanish ufologist, translator, and organizer who documented Iberian and international cases.",case files|books|interviews|organizational record,analytical_interpretation_or_advocacy,,moderate_contextual,,"Methods and conclusions vary; hypnosis, anonymous sourcing, and extraordinary interpretations are flagged where central.",,,Biographical or case overview,https://en.wikipedia.org/wiki/Antonio_Ribera,secondary_reference,Reference list of ufologists,https://en.wikipedia.org/wiki/List_of_ufologists,secondary_reference,2,census,uap_person_antonio_ribera,,,2026-09-14,Dates may be year-only or month-only where day precision was not verified.,
UP-0263,Vicente-Juan Ballester Olmos,,1948,,,investigator_author_or_organization_leader,investigator|author|archive|advocacy,2_major,International,1969–present,1969,present,1969: began UFO research|2000s: FOTOCAT,Spanish Ministry of Defence collaborator|Fundación Anomalía,investigator author or organization leader,FOTOCAT|case catalogues,investigation_or_advocacy,,Spanish researcher known for rigorous photographic cataloguing and critical case re-evaluation.,Spanish researcher known for rigorous photographic cataloguing and critical case re-evaluation.,case files|books|interviews|organizational record,analytical_interpretation_or_advocacy,,moderate_contextual,,"Methods and conclusions vary; hypnosis, anonymous sourcing, and extraordinary interpretations are flagged where central.",,,Biographical or case overview,https://en.wikipedia.org/wiki/Vicente-Juan_Ballester_Olmos,secondary_reference,Reference list of ufologists,https://en.wikipedia.org/wiki/List_of_ufologists,secondary_reference,2,census,uap_person_vicente_juan_ballester_olmos,,,2026-09-14,Dates may be year-only or month-only where day precision was not verified.,
UP-0264,Roberto Pinotti,,1944,,,investigator_author_or_organization_leader,investigator|author|archive|advocacy,2_major,International,1967–present,1967,present,1967: CUN involvement,Centro Ufologico Nazionale|Italian journalist,investigator author or organization leader,Italian UFO books|World UFO Symposium,investigation_or_advocacy,,Longtime Italian organizer and author advocating official openness and extraterrestrial interpretations.,Longtime Italian organizer and author advocating official openness and extraterrestrial interpretations.,case files|books|interviews|organizational record,analytical_interpretation_or_advocacy,,moderate_contextual,,"Methods and conclusions vary; hypnosis, anonymous sourcing, and extraordinary interpretations are flagged where central.",,,Biographical or case overview,https://en.wikipedia.org/wiki/Roberto_Pinotti,secondary_reference,Reference list of ufologists,https://en.wikipedia.org/wiki/List_of_ufologists,secondary_reference,2,census,uap_person_roberto_pinotti,,,2026-09-14,Dates may be year-only or month-only where day precision was not verified.,
UP-0265,Corrado Balducci,,1923-05-11,2008-09-20,deceased,investigator_author_or_organization_leader,investigator|author|archive|advocacy,2_major,International,1990–2008,1990,2008,1990s: public UFO commentary,Vatican theologian and exorcist,investigator author or organization leader,Television commentary on extraterrestrial life,investigation_or_advocacy,,Catholic prelate who argued extraterrestrial life was theologically possible and some witness reports deserved consideration; he held no official Vatican UFO office.,Catholic prelate who argued extraterrestrial life was theologically possible and some witness reports deserved consideration; he held no official Vatican UFO office.,case files|books|interviews|organizational record,analytical_interpretation_or_advocacy,,moderate_contextual,,"Methods and conclusions vary; hypnosis, anonymous sourcing, and extraordinary interpretations are flagged where central.",,,Biographical or case overview,https://en.wikipedia.org/wiki/Corrado_Balducci,secondary_reference,Reference list of ufologists,https://en.wikipedia.org/wiki/List_of_ufologists,secondary_reference,2,census,uap_person_corrado_balducci,,,2026-09-14,Dates may be year-only or month-only where day precision was not verified.,
UP-0266,Ion Hobana,,1931-01-25,2011-02-22,deceased,investigator_author_or_organization_leader,investigator|author|archive|advocacy,2_major,International,1960–2011,1960,2011,1960s: UFO publications,Romanian Writers’ Union|author,investigator author or organization leader,UFOs in the Sky over Romania|science fiction criticism,investigation_or_advocacy,,Romanian author and investigator who documented national cases and international UFO history.,Romanian author and investigator who documented national cases and international UFO history.,case files|books|interviews|organizational record,analytical_interpretation_or_advocacy,,moderate_contextual,,"Methods and conclusions vary; hypnosis, anonymous sourcing, and extraordinary interpretations are flagged where central.",,,Biographical or case overview,https://en.wikipedia.org/wiki/Ion_Hobana,secondary_reference,Reference list of ufologists,https://en.wikipedia.org/wiki/List_of_ufologists,secondary_reference,2,census,uap_person_ion_hobana,,,2026-09-14,Dates may be year-only or month-only where day precision was not verified.,
UP-0267,Doru Davidovici,,1945-07-06,1989-04-20,deceased,investigator_author_or_organization_leader,investigator|author|archive|advocacy,2_major,International,1970–1989,1970,1989,1970s: aviation/UFO writing,Romanian Air Force|author,investigator author or organization leader,Lumi galactice,investigation_or_advocacy,,Military pilot and writer who discussed pilots’ UFO observations and extraterrestrial possibilities.,Military pilot and writer who discussed pilots’ UFO observations and extraterrestrial possibilities.,case files|books|interviews|organizational record,analytical_interpretation_or_advocacy,,moderate_contextual,,"Methods and conclusions vary; hypnosis, anonymous sourcing, and extraordinary interpretations are flagged where central.",,,Biographical or case overview,https://en.wikipedia.org/wiki/Doru_Davidovici,secondary_reference,Reference list of ufologists,https://en.wikipedia.org/wiki/List_of_ufologists,secondary_reference,2,census,uap_person_doru_davidovici,,,2026-09-14,Dates may be year-only or month-only where day precision was not verified.,
UP-0268,Adrian Pătruț,,1947,,,investigator_author_or_organization_leader,investigator|author|archive|advocacy,2_major,International,1970–present,1970,present,1970s: Hoia-Baciu research,Babeș-Bolyai University|Romanian anomalistics,investigator author or organization leader,Hoia-Baciu investigations,investigation_or_advocacy,,Chemist and investigator associated with long-term study of Romania’s Hoia-Baciu anomalous reports.,Chemist and investigator associated with long-term study of Romania’s Hoia-Baciu anomalous reports.,case files|books|interviews|organizational record,analytical_interpretation_or_advocacy,,moderate_contextual,,"Methods and conclusions vary; hypnosis, anonymous sourcing, and extraordinary interpretations are flagged where central.",,,Biographical or case overview,https://en.wikipedia.org/wiki/Adrian_P%C4%83tru%C8%9B,secondary_reference,Reference list of ufologists,https://en.wikipedia.org/wiki/List_of_ufologists,secondary_reference,2,census,uap_person_adrian_patrut,,,2026-09-14,Dates may be year-only or month-only where day precision was not verified.,
UP-0269,Cynthia Hind,,1934-08-09,2000-08-21,deceased,investigator_author_or_organization_leader,investigator|author|archive|advocacy,2_major,International,1980–2000,1980,2000,1980s: UFO Afrinews|1994-09: Ariel investigation,UFO Afrinews|Zimbabwe investigator,investigator author or organization leader,UFOs Over Africa|Ariel School investigation,investigation_or_advocacy,,Leading African case investigator who interviewed Ariel School children soon after the 1994 event.,Leading African case investigator who interviewed Ariel School children soon after the 1994 event.,case files|books|interviews|organizational record,analytical_interpretation_or_advocacy,,moderate_contextual,,"Methods and conclusions vary; hypnosis, anonymous sourcing, and extraordinary interpretations are flagged where central.",,,Biographical or case overview,https://en.wikipedia.org/wiki/Cynthia_Hind,secondary_reference,Reference list of ufologists,https://en.wikipedia.org/wiki/List_of_ufologists,secondary_reference,2,census,uap_person_cynthia_hind,,,2026-09-14,Dates may be year-only or month-only where day precision was not verified.,
UP-0270,Irene Granchi,,1913,2010,deceased,investigator_author_or_organization_leader,investigator|author|archive|advocacy,2_major,International,1950–2010,1950,2010,1950s: Brazilian UFO work,Brazilian investigator|Centro de Investigação de Objetos Aéreos Não Identificados,investigator author or organization leader,Brazilian case investigations,investigation_or_advocacy,,Early Brazilian researcher who documented South American sightings and promoted civilian investigation.,Early Brazilian researcher who documented South American sightings and promoted civilian investigation.,case files|books|interviews|organizational record,analytical_interpretation_or_advocacy,,moderate_contextual,,"Methods and conclusions vary; hypnosis, anonymous sourcing, and extraordinary interpretations are flagged where central.",,,Biographical or case overview,https://en.wikipedia.org/wiki/Irene_Granchi,secondary_reference,Reference list of ufologists,https://en.wikipedia.org/wiki/List_of_ufologists,secondary_reference,2,census,uap_person_irene_granchi,,,2026-09-14,Dates may be year-only or month-only where day precision was not verified.,
UP-0271,Jenny Zeidman,,1919,2020,deceased,investigator_author_or_organization_leader,investigator|author|archive|advocacy,2_major,International,1973–2000,1973,2000,1973: Coyne case,Center for UFO Studies,investigator author or organization leader,Coyne helicopter case investigation,investigation_or_advocacy,,Meticulous investigator of the 1973 Coyne Army Reserve helicopter incident.,Meticulous investigator of the 1973 Coyne Army Reserve helicopter incident.,case files|books|interviews|organizational record,analytical_interpretation_or_advocacy,,moderate_contextual,,"Methods and conclusions vary; hypnosis, anonymous sourcing, and extraordinary interpretations are flagged where central.",,,Biographical or case overview,https://en.wikipedia.org/wiki/Jenny_Zeidman,secondary_reference,Reference list of ufologists,https://en.wikipedia.org/wiki/List_of_ufologists,secondary_reference,2,census,uap_person_jenny_zeidman,,,2026-09-14,Dates may be year-only or month-only where day precision was not verified.,
UP-0272,Peter Robbins,,,,,investigator_author_or_organization_leader,investigator|author|archive|advocacy,2_major,International,1980–present,1980,present,1997: Left at East Gate,Independent author and lecturer,investigator author or organization leader,Left at East Gate,investigation_or_advocacy,,Co-authored a major Rendlesham book and advocates witness-centered interpretation; co-author Larry Warren’s account is disputed.,Co-authored a major Rendlesham book and advocates witness-centered interpretation; co-author Larry Warren’s account is disputed.,case files|books|interviews|organizational record,analytical_interpretation_or_advocacy,,moderate_contextual,,"Methods and conclusions vary; hypnosis, anonymous sourcing, and extraordinary interpretations are flagged where central.",,,Biographical or case overview,https://en.wikipedia.org/wiki/Peter_Robbins,secondary_reference,Reference list of ufologists,https://en.wikipedia.org/wiki/List_of_ufologists,secondary_reference,2,census,uap_person_peter_robbins,,,2026-09-14,Biographical dates not confidently verified in this pass; see key_event_dates.,
UP-0273,Robert Hastings,,1950,,active,investigator_author_or_organization_leader,investigator|author|archive|advocacy,2_major,International,1973–present,1973,present,1973: began research|2008: UFOs and Nukes,Independent researcher,investigator author or organization leader,UFOs and Nukes|UFOs and Nukes (2008)|2010 National Press Club event,investigation_or_advocacy,proponent_anomaly,Collected military testimony alleging UAP activity near nuclear weapons facilities.,Collected military testimony alleging UAP activity near nuclear weapons facilities.,case files|books|interviews|organizational record,analytical_interpretation_or_advocacy,research|testimony_archive,moderate_contextual,high,"Methods and conclusions vary; hypnosis, anonymous sourcing, and extraordinary interpretations are flagged where central.",1981,,Biographical or case overview,https://en.wikipedia.org/wiki/Robert_Hastings,secondary_reference,Reference list of ufologists,https://en.wikipedia.org/wiki/List_of_ufologists,secondary_reference,2,census+seed,uap_person_robert_hastings,PER-121,merged (exact),2026-09-14,Dates may be year-only or month-only where day precision was not verified.,
UP-0274,Robert Salas,,1940,,active,investigator_author_or_organization_leader,investigator|author|archive|advocacy,2_major,International,1967–present,1967,present,1967-03-24: Malmstrom incident|1990s: public advocacy,U.S. Air Force|author,investigator author or organization leader,Faded Giant|Unidentified: The UFO Phenomenon|Malmstrom AFB testimony,investigation_or_advocacy,proponent_anomaly,Former missile officer who says a 1967 UFO event coincided with missile shutdowns at Malmstrom; documentation and causal claims remain debated.,Former missile officer who says a 1967 UFO event coincided with missile shutdowns at Malmstrom; documentation and causal claims remain debated.,case files|books|interviews|organizational record,analytical_interpretation_or_advocacy,firsthand_witness|contested,moderate_contextual,high,"Methods and conclusions vary; hypnosis, anonymous sourcing, and extraordinary interpretations are flagged where central.",1995,,Biographical or case overview,https://en.wikipedia.org/wiki/Robert_Salas,secondary_reference,Reference list of ufologists,https://en.wikipedia.org/wiki/List_of_ufologists,secondary_reference,2,census+seed,uap_person_robert_salas,PER-122,merged (exact),2026-09-14,Dates may be year-only or month-only where day precision was not verified.,
UP-0275,Stephen Bassett,,1946,,active,investigator_author_or_organization_leader,investigator|author|archive|advocacy,2_major,International,1996–present,1996,present,1996: Paradigm Research Group founded|2013: Citizen Hearing,Paradigm Research Group,investigator author or organization leader,Citizen Hearing on Disclosure|lobbying|Citizen Hearing on Disclosure (2013),investigation_or_advocacy,transparency_advocate,Full-time disclosure lobbyist advocating congressional hearings and formal acknowledgment of extraterrestrial presence.,Full-time disclosure lobbyist advocating congressional hearings and formal acknowledgment of extraterrestrial presence.,case files|books|interviews|organizational record,analytical_interpretation_or_advocacy,advocacy,moderate_contextual,high,"Methods and conclusions vary; hypnosis, anonymous sourcing, and extraordinary interpretations are flagged where central.",1996,POD-036,Biographical or case overview,https://en.wikipedia.org/wiki/Stephen_Bassett,secondary_reference,Reference list of ufologists,https://en.wikipedia.org/wiki/List_of_ufologists,secondary_reference,2,census+seed,uap_person_stephen_bassett,PER-094,merged (exact),2026-09-14,Dates may be year-only or month-only where day precision was not verified.,
UP-0276,Steven M. Greer,,1955-06-28,,active,investigator_author_or_organization_leader,investigator|author|archive|advocacy,2_major,International,1990–present,1990,present,1990: CSETI founded|2001-05-09: National Press Club event,Center for the Study of Extraterrestrial Intelligence|Disclosure Project|Sirius Technology Advanced Research,investigator author or organization leader,Disclosure Project|Unacknowledged|CE-5 protocols|2001 National Press Club Disclosure Project event|Sirius,investigation_or_advocacy,proponent_nhi,"Disclosure advocate who organizes witness events and claims human-initiated contact; critics challenge evidence, methods, and commercial practices.","Disclosure advocate who organizes witness events and claims human-initiated contact; critics challenge evidence, methods, and commercial practices.",case files|books|interviews|organizational record,analytical_interpretation_or_advocacy,contested|firsthand_claim,moderate_contextual,high,"Methods and conclusions vary; hypnosis, anonymous sourcing, and extraordinary interpretations are flagged where central.",2001-05-09,POD-011,Biographical or case overview,https://en.wikipedia.org/wiki/Steven_M._Greer,secondary_reference,Reference list of ufologists,https://en.wikipedia.org/wiki/List_of_ufologists,secondary_reference,2,census+seed,uap_person_steven_m_greer,PER-093,merged (exact),2026-09-14,Dates may be year-only or month-only where day precision was not verified.,
UP-0277,Tom DeLonge,,1975-12-13,,active,investigator_author_or_organization_leader,investigator|author|archive|advocacy,2_major,International,2015–present,2015,present,2015: Sekret Machines initiative|2017-10: TTSA launch,Blink-182|To The Stars Academy|Angels & Airwaves,investigator author or organization leader,Sekret Machines|To The Stars Academy|TTSA launch (2017-10),investigation_or_advocacy,proponent_nhi,"Musician and entrepreneur who assembled former officials, promoted disclosure, and helped bring military videos into public debate.","Musician and entrepreneur who assembled former officials, promoted disclosure, and helped bring military videos into public debate.",case files|books|interviews|organizational record,analytical_interpretation_or_advocacy,platform|contested,moderate_contextual,high,"Methods and conclusions vary; hypnosis, anonymous sourcing, and extraordinary interpretations are flagged where central.",2017-10,POD-056,Biographical or case overview,https://en.wikipedia.org/wiki/Tom_DeLonge,secondary_reference,Reference list of ufologists,https://en.wikipedia.org/wiki/List_of_ufologists,secondary_reference,2,census+seed,uap_person_tom_delonge,PER-113,merged (exact),2026-09-14,Dates may be year-only or month-only where day precision was not verified.,
UP-0278,Jim Semivan,,,,active,investigator_author_or_organization_leader,investigator|author|archive|advocacy,2_major,International,2017–present,2017,present,2017-10: TTSA launch,CIA (retired)|To The Stars Academy,investigator author or organization leader,TTSA public talks|experiencer interviews|The Age of Disclosure|TTSA launch (2017),investigation_or_advocacy,proponent_nhi,Former CIA officer and TTSA co-founder who advocates disclosure and describes personal high-strangeness experiences.,Former CIA officer and TTSA co-founder who advocates disclosure and describes personal high-strangeness experiences.,case files|books|interviews|organizational record,analytical_interpretation_or_advocacy,on_record_public,moderate_contextual,high,"Methods and conclusions vary; hypnosis, anonymous sourcing, and extraordinary interpretations are flagged where central.",2017-10,,Biographical or case overview,https://en.wikipedia.org/wiki/Jim_Semivan,secondary_reference,Reference list of ufologists,https://en.wikipedia.org/wiki/List_of_ufologists,secondary_reference,2,census+seed,uap_person_jim_semivan,PER-017,merged (exact),2026-09-14,Biographical dates not confidently verified in this pass; see key_event_dates.,
UP-0279,Christopher K. Mellon,,1957-10-02,,active,investigator_author_or_organization_leader,investigator|author|archive|advocacy,2_major,International,2017–present,2017,present,2017-12: public UAP advocacy|2026: Disclosure Forum,U.S. Department of Defense|Senate Intelligence Committee staff|To The Stars Academy|Disclosure Foundation|DoD (fmr),investigator author or organization leader,Policy essays|military-video advocacy|Op-eds in major outlets|The Age of Disclosure,investigation_or_advocacy,transparency_advocate,Former defense and intelligence official who helped facilitate release of Navy videos and advocates robust oversight and data collection.,Former defense and intelligence official who helped facilitate release of Navy videos and advocates robust oversight and data collection.,case files|books|interviews|organizational record,analytical_interpretation_or_advocacy,on_record_public|official_experience,moderate_contextual,high,"Methods and conclusions vary; hypnosis, anonymous sourcing, and extraordinary interpretations are flagged where central.",2017-12,POD-002|POD-001,Disclosure Forum program,https://forum.disclosure.org/,primary_or_institutional,Reference list of ufologists,https://en.wikipedia.org/wiki/List_of_ufologists,secondary_reference,2,census+seed,uap_person_christopher_k_mellon,PER-016,merged (exact),2026-09-14,Dates may be year-only or month-only where day precision was not verified.,
UP-0280,James T. Lacatski,,,,active,investigator_author_or_organization_leader,investigator|author|archive|advocacy,2_major,International,2007–present,2007,present,2008–2010: AAWSAP manager|2021: Skinwalkers at the Pentagon,Defense Intelligence Agency|AAWSAP,investigator author or organization leader,Skinwalkers at the Pentagon|Inside the US Government Covert UFO Program|Skinwalkers at the Pentagon (2021),investigation_or_advocacy,proponent_anomaly,Managed AAWSAP and co-authored accounts of its work; some extraordinary claims rely on program participants’ testimony and are contested.,Managed AAWSAP and co-authored accounts of its work; some extraordinary claims rely on program participants’ testimony and are contested.,case files|books|interviews|organizational record,analytical_interpretation_or_advocacy,official_experience|on_record_public,moderate_contextual,high,"Methods and conclusions vary; hypnosis, anonymous sourcing, and extraordinary interpretations are flagged where central.",2021,POD-001,Biographical or case overview,https://en.wikipedia.org/wiki/James_T._Lacatski,secondary_reference,Reference list of ufologists,https://en.wikipedia.org/wiki/List_of_ufologists,secondary_reference,2,census+seed,uap_person_james_t_lacatski,PER-031,merged (exact),2026-09-14,Biographical dates not confidently verified in this pass; see key_event_dates.,
UP-0281,Colm A. Kelleher,,1957,,active,investigator_author_or_organization_leader,investigator|author|archive|advocacy,2_major,International,1996–present,1996,present,1996: NIDS era|2008: AAWSAP,Bigelow Aerospace Advanced Space Studies|AAWSAP|NIDS (fmr)|BAASS,investigator author or organization leader,Hunt for the Skinwalker|Skinwalkers at the Pentagon,investigation_or_advocacy,proponent_anomaly,Biochemist and program manager documenting Skinwalker Ranch and AAWSAP cases; evidence and interpretations remain disputed.,Biochemist and program manager documenting Skinwalker Ranch and AAWSAP cases; evidence and interpretations remain disputed.,case files|books|interviews|organizational record,analytical_interpretation_or_advocacy,on_record_public,moderate_contextual,medium,"Methods and conclusions vary; hypnosis, anonymous sourcing, and extraordinary interpretations are flagged where central.",2005,POD-001,Biographical or case overview,https://en.wikipedia.org/wiki/Colm_A._Kelleher,secondary_reference,Reference list of ufologists,https://en.wikipedia.org/wiki/List_of_ufologists,secondary_reference,2,census+seed,uap_person_colm_a_kelleher,PER-032,merged (exact),2026-09-14,Dates may be year-only or month-only where day precision was not verified.,
UP-0282,Robert Bigelow,,1945-05-12,,active,investigator_author_or_organization_leader,investigator|author|archive|advocacy,2_major,International,1995–present,1995,present,1995: NIDS founded|1996: Skinwalker Ranch purchased|2008: BAASS AAWSAP contract,Bigelow Aerospace|NIDS|BAASS|BICS,investigator author or organization leader,Skinwalker Ranch ownership|AAWSAP contractor|AAWSAP/BAASS|Skinwalker Ranch ownership (fmr),investigation_or_advocacy,proponent_nhi,Funded private and government-linked investigations and has publicly stated conviction in extraterrestrial presence.,Funded private and government-linked investigations and has publicly stated conviction in extraterrestrial presence.,case files|books|interviews|organizational record,analytical_interpretation_or_advocacy,funder,moderate_contextual,high,"Methods and conclusions vary; hypnosis, anonymous sourcing, and extraordinary interpretations are flagged where central.",1995,,Biographical or case overview,https://en.wikipedia.org/wiki/Robert_Bigelow,secondary_reference,Reference list of ufologists,https://en.wikipedia.org/wiki/List_of_ufologists,secondary_reference,2,census+seed,uap_person_robert_bigelow,PER-112,merged (exact),2026-09-14,Dates may be year-only or month-only where day precision was not verified.,
UP-0283,Brandon Fugal,,1973-04-01,,active,investigator_author_or_organization_leader,investigator|author|archive|advocacy,2_major,International,2016–present,2016,present,2016: acquired Skinwalker Ranch|2020: TV series premiered,Colliers International|Skinwalker Ranch owner|Skinwalker Ranch,investigator author or organization leader,The Secret of Skinwalker Ranch|The Secret of Skinwalker Ranch (TV),investigation_or_advocacy,proponent_anomaly,Funds instrumented investigation at Skinwalker Ranch and stars in its television series; program mixes experiments with entertainment.,Funds instrumented investigation at Skinwalker Ranch and stars in its television series; program mixes experiments with entertainment.,case files|books|interviews|organizational record,analytical_interpretation_or_advocacy,platform|contested,moderate_contextual,high,"Methods and conclusions vary; hypnosis, anonymous sourcing, and extraordinary interpretations are flagged where central.",2020-03,,Biographical or case overview,https://en.wikipedia.org/wiki/Brandon_Fugal,secondary_reference,Reference list of ufologists,https://en.wikipedia.org/wiki/List_of_ufologists,secondary_reference,2,census+seed,uap_person_brandon_fugal,PER-110,merged (exact),2026-09-14,Dates may be year-only or month-only where day precision was not verified.,
UP-0284,Douglas Dean Johnson,,,,active,investigator_author_or_organization_leader,investigator|author|archive|advocacy,2_major,International,2021–present,2021,present,2021: intensive UAP legislative analysis,Independent researcher and legislative analyst,investigator author or organization leader,UAP legislation analysis|document reporting|FOIA-based analyses of UAP legislation and claims,investigation_or_advocacy,agnostic_scientific,"Tracks statutory language, congressional records, and contested claims with emphasis on primary documents.","Tracks statutory language, congressional records, and contested claims with emphasis on primary documents.",case files|books|interviews|organizational record,analytical_interpretation_or_advocacy,documentary_analysis,moderate_contextual,medium,"Methods and conclusions vary; hypnosis, anonymous sourcing, and extraordinary interpretations are flagged where central.",2021,,Biographical or case overview,https://en.wikipedia.org/wiki/Douglas_Dean_Johnson,secondary_reference,Reference list of ufologists,https://en.wikipedia.org/wiki/List_of_ufologists,secondary_reference,2,census+seed,uap_person_douglas_dean_johnson,PER-079,merged (exact),2026-09-14,Biographical dates not confidently verified in this pass; see key_event_dates.,
UP-0285,Keith Basterfield,,,,,investigator_author_or_organization_leader,investigator|author|archive|advocacy,2_major,International,1968–present,1968,present,1968: began UFO research,Australian UFO researcher|Project 1947,investigator author or organization leader,Australian archival research|blog,investigation_or_advocacy,,Longtime investigator known for document-based research into Australian cases and U.S. programs.,Longtime investigator known for document-based research into Australian cases and U.S. programs.,case files|books|interviews|organizational record,analytical_interpretation_or_advocacy,,moderate_contextual,,"Methods and conclusions vary; hypnosis, anonymous sourcing, and extraordinary interpretations are flagged where central.",,,Biographical or case overview,https://en.wikipedia.org/wiki/Keith_Basterfield,secondary_reference,Reference list of ufologists,https://en.wikipedia.org/wiki/List_of_ufologists,secondary_reference,2,census,uap_person_keith_basterfield,,,2026-09-14,Biographical dates not confidently verified in this pass; see key_event_dates.,
UP-0286,Isaac Koi,,,,,investigator_author_or_organization_leader,investigator|author|archive|advocacy,2_major,International,2000–present,2000,present,2000s: online archive work,UFO archive researcher|online legal identity pseudonym,investigator author or organization leader,Digitization and indexing projects,investigation_or_advocacy,,"Pseudonymous researcher who has digitized extensive historical UFO periodicals, audio, and organizational records.","Pseudonymous researcher who has digitized extensive historical UFO periodicals, audio, and organizational records.",case files|books|interviews|organizational record,analytical_interpretation_or_advocacy,,moderate_contextual,,"Methods and conclusions vary; hypnosis, anonymous sourcing, and extraordinary interpretations are flagged where central.",,,Biographical or case overview,https://en.wikipedia.org/wiki/Isaac_Koi,secondary_reference,Reference list of ufologists,https://en.wikipedia.org/wiki/List_of_ufologists,secondary_reference,2,census,uap_person_isaac_koi,,,2026-09-14,Biographical dates not confidently verified in this pass; see key_event_dates.,
UP-0287,Paola Harris,,,,,investigator_author_or_organization_leader,investigator|author|archive|advocacy,2_major,International,1980–present,1980,present,1980s: UFO journalism,Journalist|StarworksUSA,investigator author or organization leader,Exopolitics interviews and books,investigation_or_advocacy,,"Interviewer and conference organizer promoting contact, experiencer, and disclosure narratives.","Interviewer and conference organizer promoting contact, experiencer, and disclosure narratives.",case files|books|interviews|organizational record,analytical_interpretation_or_advocacy,,moderate_contextual,,"Methods and conclusions vary; hypnosis, anonymous sourcing, and extraordinary interpretations are flagged where central.",,,Biographical or case overview,https://en.wikipedia.org/wiki/Paola_Harris,secondary_reference,Reference list of ufologists,https://en.wikipedia.org/wiki/List_of_ufologists,secondary_reference,2,census,uap_person_paola_harris,,,2026-09-14,Biographical dates not confidently verified in this pass; see key_event_dates.,
UP-0288,Michael Salla,,1958-09-25,,,investigator_author_or_organization_leader,investigator|author|archive|advocacy,2_major,International,2003–present,2003,present,2003: Exopolitics.org launched,Exopolitics Institute,investigator author or organization leader,Exopolitics|Secret Space Programs books,investigation_or_advocacy,,"Popularized “exopolitics” and secret-space-program claims, largely based on testimony and speculative synthesis.","Popularized “exopolitics” and secret-space-program claims, largely based on testimony and speculative synthesis.",case files|books|interviews|organizational record,analytical_interpretation_or_advocacy,,moderate_contextual,,"Methods and conclusions vary; hypnosis, anonymous sourcing, and extraordinary interpretations are flagged where central.",,,Biographical or case overview,https://en.wikipedia.org/wiki/Michael_Salla,secondary_reference,Reference list of ufologists,https://en.wikipedia.org/wiki/List_of_ufologists,secondary_reference,2,census,uap_person_michael_salla,,,2026-09-14,Dates may be year-only or month-only where day precision was not verified.,
UP-0289,Alfred Webre,,1942-05-24,,,investigator_author_or_organization_leader,investigator|author|archive|advocacy,2_major,International,2000–present,2000,present,2000: exopolitics concept promoted,Exopolitics advocate|former NGO/academic roles,investigator author or organization leader,"Exopolitics: Politics, Government, and Law in the Universe",investigation_or_advocacy,,Early promoter of exopolitics and extraterrestrial-governance claims.,Early promoter of exopolitics and extraterrestrial-governance claims.,case files|books|interviews|organizational record,analytical_interpretation_or_advocacy,,moderate_contextual,,"Methods and conclusions vary; hypnosis, anonymous sourcing, and extraordinary interpretations are flagged where central.",,,Biographical or case overview,https://en.wikipedia.org/wiki/Alfred_Webre,secondary_reference,Reference list of ufologists,https://en.wikipedia.org/wiki/List_of_ufologists,secondary_reference,2,census,uap_person_alfred_webre,,,2026-09-14,Dates may be year-only or month-only where day precision was not verified.,
UP-0290,Grant Cameron,,1954,,active,investigator_author_or_organization_leader,investigator|author|archive|advocacy,2_major,International,1975–present,1975,present,1975: personal sighting|1990s: presidential research,Presidential UFO researcher|author,investigator author or organization leader,Managing Magic|White House UFO research|Charlie Wilson's War-era presidential UFO research,investigation_or_advocacy,proponent_anomaly,"Compiles presidential, intelligence, consciousness, and disclosure narratives, often using interviews and archival records.","Compiles presidential, intelligence, consciousness, and disclosure narratives, often using interviews and archival records.",case files|books|interviews|organizational record,analytical_interpretation_or_advocacy,research|analysis,moderate_contextual,high,"Methods and conclusions vary; hypnosis, anonymous sourcing, and extraordinary interpretations are flagged where central.",1975,POD-017,Biographical or case overview,https://en.wikipedia.org/wiki/Grant_Cameron,secondary_reference,Reference list of ufologists,https://en.wikipedia.org/wiki/List_of_ufologists,secondary_reference,2,census+seed,uap_person_grant_cameron,PER-096,merged (exact),2026-09-14,Dates may be year-only or month-only where day precision was not verified.,
UP-0291,Richard Thieme,,1944,,,investigator_author_or_organization_leader,investigator|author|archive|advocacy,2_major,International,2000–present,2000,present,2000s: UAP/intelligence talks,Author|technology and intelligence speaker,investigator author or organization leader,UFOs and Government-related commentary,investigation_or_advocacy,,"Connects UAP secrecy debates with intelligence culture, cybersecurity, and epistemology.","Connects UAP secrecy debates with intelligence culture, cybersecurity, and epistemology.",case files|books|interviews|organizational record,analytical_interpretation_or_advocacy,,moderate_contextual,,"Methods and conclusions vary; hypnosis, anonymous sourcing, and extraordinary interpretations are flagged where central.",,,Biographical or case overview,https://en.wikipedia.org/wiki/Richard_Thieme,secondary_reference,Reference list of ufologists,https://en.wikipedia.org/wiki/List_of_ufologists,secondary_reference,2,census,uap_person_richard_thieme,,,2026-09-14,Dates may be year-only or month-only where day precision was not verified.,
UP-0292,Robbie Graham,,,,,investigator_author_or_organization_leader,investigator|author|archive|advocacy,2_major,International,2000–present,2000,present,2015: Silver Screen Saucers,Silver Screen Saucers,investigator author or organization leader,Silver Screen Saucers,investigation_or_advocacy,,"Researches the relationship among UFO belief, cinema, propaganda, and popular culture.","Researches the relationship among UFO belief, cinema, propaganda, and popular culture.",case files|books|interviews|organizational record,analytical_interpretation_or_advocacy,,moderate_contextual,,"Methods and conclusions vary; hypnosis, anonymous sourcing, and extraordinary interpretations are flagged where central.",,,Biographical or case overview,https://en.wikipedia.org/wiki/Robbie_Graham,secondary_reference,Reference list of ufologists,https://en.wikipedia.org/wiki/List_of_ufologists,secondary_reference,2,census,uap_person_robbie_graham,,,2026-09-14,Biographical dates not confidently verified in this pass; see key_event_dates.,
UP-0293,Kenneth Arnold,,1915-03-29,1984-01-16,deceased,witness_or_experiencer,witness|firsthand account|canonical case,2_major,International,1947–1984,1947,1984,1947-06-24: sighting and report,Private pilot|businessman,witness or experiencer,1947 Mount Rainier sighting report|1947 Mount Rainier sighting,firsthand_testimony,historical,Reported nine fast-moving objects near Mount Rainier; press coverage popularized “flying saucer.”,Reported nine fast-moving objects near Mount Rainier; press coverage popularized “flying saucer.”,personal testimony|contemporaneous records where available,firsthand_testimony,firsthand_witness|historical_record,moderate_contextual,high,"A firsthand report documents the person’s account, not the objective cause of the experience; case-specific alternatives remain debated.",1947-06-24,,Biographical or case overview,https://en.wikipedia.org/wiki/Kenneth_Arnold,secondary_reference,Major UFO and abduction case overview,https://en.wikipedia.org/wiki/Alien_abduction,secondary_reference,2,census+seed,uap_person_kenneth_arnold,PER-153,merged (exact),2026-09-14,Dates may be year-only or month-only where day precision was not verified.,
UP-0294,William Brazel,Mac Brazel,1899,1963,deceased,witness_or_experiencer,witness|firsthand account|canonical case,2_major,International,1947–1947,1947,1947,1947-06/07: debris discovery,Foster ranch foreman near Roswell,witness or experiencer,Roswell debris discovery,firsthand_testimony,,Reported unusual debris that triggered the Roswell Army Air Field recovery and press episode.,Reported unusual debris that triggered the Roswell Army Air Field recovery and press episode.,personal testimony|contemporaneous records where available,firsthand_testimony,,moderate_contextual,,"A firsthand report documents the person’s account, not the objective cause of the experience; case-specific alternatives remain debated.",,,Biographical or case overview,https://en.wikipedia.org/wiki/William_Brazel,secondary_reference,Major UFO and abduction case overview,https://en.wikipedia.org/wiki/Alien_abduction,secondary_reference,2,census,uap_person_william_brazel,,,2026-09-14,Dates may be year-only or month-only where day precision was not verified.,
UP-0295,Glenn Dennis,,1925-03-24,2015-04-28,deceased,witness_or_experiencer,witness|firsthand account|canonical case,2_major,International,1989–2015,1989,2015,1947-07: alleged hospital episode|1989: public claims,Roswell mortician,witness or experiencer,Roswell witness interviews,firsthand_testimony,,Claimed a nurse described alien bodies after the Roswell event; researchers found major inconsistencies and no confirmed nurse identity.,Claimed a nurse described alien bodies after the Roswell event; researchers found major inconsistencies and no confirmed nurse identity.,personal testimony|contemporaneous records where available,firsthand_testimony,,moderate_contextual,,"A firsthand report documents the person’s account, not the objective cause of the experience; case-specific alternatives remain debated.",,,Biographical or case overview,https://en.wikipedia.org/wiki/Glenn_Dennis,secondary_reference,Major UFO and abduction case overview,https://en.wikipedia.org/wiki/Alien_abduction,secondary_reference,2,census,uap_person_glenn_dennis,,,2026-09-14,Dates may be year-only or month-only where day precision was not verified.,
UP-0296,Frank Scully,,1892-04-28,1964-06-23,deceased,witness_or_experiencer,witness|firsthand account|canonical case,2_major,International,1950–1964,1950,1964,1950: Behind the Flying Saucers,Variety columnist|author,witness or experiencer,Behind the Flying Saucers,firsthand_testimony,,"Popularized claims of crashed saucers and bodies based on Silas Newton and Leo GeBauer, later exposed as confidence men.","Popularized claims of crashed saucers and bodies based on Silas Newton and Leo GeBauer, later exposed as confidence men.",personal testimony|contemporaneous records where available,firsthand_testimony,,moderate_contextual,,"A firsthand report documents the person’s account, not the objective cause of the experience; case-specific alternatives remain debated.",,,Biographical or case overview,https://en.wikipedia.org/wiki/Frank_Scully,secondary_reference,Major UFO and abduction case overview,https://en.wikipedia.org/wiki/Alien_abduction,secondary_reference,2,census,uap_person_frank_scully,,,2026-09-14,Dates may be year-only or month-only where day precision was not verified.,
UP-0297,Betty Hill,Eunice Barrett Hill,1919-06-28,2004-10-17,deceased,witness_or_experiencer,witness|firsthand account|canonical case,2_major,International,1961–2004,1961,2004,1961-09-19: reported encounter|1964: hypnosis sessions,Civil-rights worker|experiencer,witness or experiencer,Interrupted Journey case,firsthand_testimony,,"Reported, with Barney Hill, a 1961 missing-time and abduction experience; hypnosis-derived details became foundational but are scientifically contested.","Reported, with Barney Hill, a 1961 missing-time and abduction experience; hypnosis-derived details became foundational but are scientifically contested.",personal testimony|contemporaneous records where available,firsthand_testimony,,moderate_contextual,,"A firsthand report documents the person’s account, not the objective cause of the experience; case-specific alternatives remain debated.",,,Biographical or case overview,https://en.wikipedia.org/wiki/Betty_Hill,secondary_reference,Major UFO and abduction case overview,https://en.wikipedia.org/wiki/Alien_abduction,secondary_reference,2,census,uap_person_betty_hill,,,2026-09-14,Dates may be year-only or month-only where day precision was not verified.,
UP-0298,Barney Hill,,1922-07-20,1969-02-25,deceased,witness_or_experiencer,witness|firsthand account|canonical case,2_major,International,1961–1969,1961,1969,1961-09-19: reported encounter|1964: hypnosis sessions,U.S. Postal Service|civil-rights activist|experiencer,witness or experiencer,Interrupted Journey case,firsthand_testimony,,Co-reported the 1961 New Hampshire encounter and later described abduction memories under hypnosis.,Co-reported the 1961 New Hampshire encounter and later described abduction memories under hypnosis.,personal testimony|contemporaneous records where available,firsthand_testimony,,moderate_contextual,,"A firsthand report documents the person’s account, not the objective cause of the experience; case-specific alternatives remain debated.",,,Biographical or case overview,https://en.wikipedia.org/wiki/Barney_Hill,secondary_reference,Major UFO and abduction case overview,https://en.wikipedia.org/wiki/Alien_abduction,secondary_reference,2,census,uap_person_barney_hill,,,2026-09-14,Dates may be year-only or month-only where day precision was not verified.,
UP-0299,Lonnie Zamora,,1933-09-07,2009-11-02,deceased,witness_or_experiencer,witness|firsthand account|canonical case,2_major,International,1964–2009,1964,2009,1964-04-24: Socorro incident,Socorro Police Department,witness or experiencer,1964 Socorro incident|1964 Socorro landing case,firsthand_testimony,historical,Police officer who reported a landed egg-shaped craft and two figures; the case was investigated by the Air Force and remains debated.,Police officer who reported a landed egg-shaped craft and two figures; the case was investigated by the Air Force and remains debated.,personal testimony|contemporaneous records where available,firsthand_testimony,firsthand_witness|historical_record,moderate_contextual,high,"A firsthand report documents the person’s account, not the objective cause of the experience; case-specific alternatives remain debated.",1964-04-24,,Biographical or case overview,https://en.wikipedia.org/wiki/Lonnie_Zamora,secondary_reference,Major UFO and abduction case overview,https://en.wikipedia.org/wiki/Alien_abduction,secondary_reference,2,census+seed,uap_person_lonnie_zamora,PER-154,merged (exact),2026-09-14,Dates may be year-only or month-only where day precision was not verified.,
UP-0300,Antônio Vilas Boas,,1934,1991-01-17,deceased,witness_or_experiencer,witness|firsthand account|canonical case,2_major,International,1957–1991,1957,1991,1957-10-16: alleged encounter|1958: investigated,Brazilian farmer and lawyer,witness or experiencer,1957 abduction account,firsthand_testimony,,Reported abduction and sexual contact aboard a craft; story became a foundational abduction narrative.,Reported abduction and sexual contact aboard a craft; story became a foundational abduction narrative.,personal testimony|contemporaneous records where available,firsthand_testimony,,moderate_contextual,,"A firsthand report documents the person’s account, not the objective cause of the experience; case-specific alternatives remain debated.",,,Biographical or case overview,https://en.wikipedia.org/wiki/Ant%C3%B4nio_Vilas_Boas,secondary_reference,Major UFO and abduction case overview,https://en.wikipedia.org/wiki/Alien_abduction,secondary_reference,2,census,uap_person_antonio_vilas_boas,,,2026-09-14,Dates may be year-only or month-only where day precision was not verified.,
UP-0301,Charles Hickson,,1931-04-16,2011-09-09,deceased,witness_or_experiencer,witness|firsthand account|canonical case,2_major,International,1973–2011,1973,2011,1973-10-11: Pascagoula incident,Pascagoula shipyard worker,witness or experiencer,Pascagoula abduction account,firsthand_testimony,,"Reported, with Calvin Parker, being taken aboard a craft by unusual beings; a secretly recorded police-room conversation is often cited by proponents.","Reported, with Calvin Parker, being taken aboard a craft by unusual beings; a secretly recorded police-room conversation is often cited by proponents.",personal testimony|contemporaneous records where available,firsthand_testimony,,moderate_contextual,,"A firsthand report documents the person’s account, not the objective cause of the experience; case-specific alternatives remain debated.",,,Biographical or case overview,https://en.wikipedia.org/wiki/Charles_Hickson,secondary_reference,Major UFO and abduction case overview,https://en.wikipedia.org/wiki/Alien_abduction,secondary_reference,2,census,uap_person_charles_hickson,,,2026-09-14,Dates may be year-only or month-only where day precision was not verified.,
UP-0302,Calvin Parker,,1954-11-02,2023-08-24,deceased,witness_or_experiencer,witness|firsthand account|canonical case,2_major,International,1973–2023,1973,2023,1973-10-11: Pascagoula incident|2018: memoir,Pascagoula witness|author,witness or experiencer,Pascagoula—The Closest Encounter,firsthand_testimony,,Co-witnessed the 1973 Pascagoula event and later published expanded recollections.,Co-witnessed the 1973 Pascagoula event and later published expanded recollections.,personal testimony|contemporaneous records where available,firsthand_testimony,,moderate_contextual,,"A firsthand report documents the person’s account, not the objective cause of the experience; case-specific alternatives remain debated.",,,Biographical or case overview,https://en.wikipedia.org/wiki/Calvin_Parker,secondary_reference,Major UFO and abduction case overview,https://en.wikipedia.org/wiki/Alien_abduction,secondary_reference,2,census,uap_person_calvin_parker,,,2026-09-14,Dates may be year-only or month-only where day precision was not verified.,
UP-0303,Travis Walton,,1953-02-10,,active,witness_or_experiencer,witness|firsthand account|canonical case,2_major,International,1975–present,1975,present,1975-11-05–10: disappearance and return|1978: book,Forestry worker|author,witness or experiencer,The Walton Experience|Fire in the Sky|Fire in the Sky (book and film),firsthand_testimony,experiencer,Reported disappearing after a 1975 light/craft encounter and returning five days later; the case remains famous and contested.,Reported disappearing after a 1975 light/craft encounter and returning five days later; the case remains famous and contested.,personal testimony|contemporaneous records where available,firsthand_testimony,contested|firsthand_claim,moderate_contextual,high,"A firsthand report documents the person’s account, not the objective cause of the experience; case-specific alternatives remain debated.",1975-11,,Biographical or case overview,https://en.wikipedia.org/wiki/Travis_Walton,secondary_reference,Major UFO and abduction case overview,https://en.wikipedia.org/wiki/Alien_abduction,secondary_reference,2,census+seed,uap_person_travis_walton,PER-117,merged (exact),2026-09-14,Dates may be year-only or month-only where day precision was not verified.,
UP-0304,Mike Rogers,,,,,witness_or_experiencer,witness|firsthand account|canonical case,2_major,International,1975–present,1975,present,1975-11-05: Apache-Sitgreaves incident,Forestry crew leader,witness or experiencer,Travis Walton case testimony,firsthand_testimony,,Crew leader who reported seeing a luminous object before Walton disappeared; later relations and some statements complicated the case.,Crew leader who reported seeing a luminous object before Walton disappeared; later relations and some statements complicated the case.,personal testimony|contemporaneous records where available,firsthand_testimony,,moderate_contextual,,"A firsthand report documents the person’s account, not the objective cause of the experience; case-specific alternatives remain debated.",,,Biographical or case overview,https://en.wikipedia.org/wiki/Mike_Rogers,secondary_reference,Major UFO and abduction case overview,https://en.wikipedia.org/wiki/Alien_abduction,secondary_reference,2,census,uap_person_mike_rogers,,,2026-09-14,Biographical dates not confidently verified in this pass; see key_event_dates.,
UP-0305,Stefan Michalak,,1916-02-02,1999-10-29,deceased,witness_or_experiencer,witness|firsthand account|canonical case,2_major,International,1967–1999,1967,1999,1967-05-20: Falcon Lake incident,Industrial mechanic and prospector,witness or experiencer,Falcon Lake incident,firsthand_testimony,,Reported burns and illness after approaching a landed craft in Manitoba; physical traces made the case influential.,Reported burns and illness after approaching a landed craft in Manitoba; physical traces made the case influential.,personal testimony|contemporaneous records where available,firsthand_testimony,,moderate_contextual,,"A firsthand report documents the person’s account, not the objective cause of the experience; case-specific alternatives remain debated.",,,Biographical or case overview,https://en.wikipedia.org/wiki/Stefan_Michalak,secondary_reference,Major UFO and abduction case overview,https://en.wikipedia.org/wiki/Alien_abduction,secondary_reference,2,census,uap_person_stefan_michalak,,,2026-09-14,Dates may be year-only or month-only where day precision was not verified.,
UP-0306,Frederick Valentich,,1958-06-09,1978-10-21,deceased,witness_or_experiencer,witness|firsthand account|canonical case,2_major,International,1978–1978,1978,1978,1978-10-21: disappearance,Australian private pilot,witness or experiencer,Bass Strait disappearance,firsthand_testimony,,Disappeared after radioing air-traffic control about an unusual aircraft; accident and misidentification hypotheses compete with UFO interpretations.,Disappeared after radioing air-traffic control about an unusual aircraft; accident and misidentification hypotheses compete with UFO interpretations.,personal testimony|contemporaneous records where available,firsthand_testimony,,moderate_contextual,,"A firsthand report documents the person’s account, not the objective cause of the experience; case-specific alternatives remain debated.",,,Biographical or case overview,https://en.wikipedia.org/wiki/Frederick_Valentich,secondary_reference,Major UFO and abduction case overview,https://en.wikipedia.org/wiki/Alien_abduction,secondary_reference,2,census,uap_person_frederick_valentich,,,2026-09-14,Dates may be year-only or month-only where day precision was not verified.,
UP-0307,Robert Taylor,,1919,2007,deceased,witness_or_experiencer,witness|firsthand account|canonical case,2_major,International,1979–2007,1979,2007,1979-11-09: Dechmont incident,Scottish forestry worker,witness or experiencer,Dechmont Woods incident,firsthand_testimony,,Reported assault by small spherical objects near a larger craft; police recorded damaged clothing and scene marks.,Reported assault by small spherical objects near a larger craft; police recorded damaged clothing and scene marks.,personal testimony|contemporaneous records where available,firsthand_testimony,,moderate_contextual,,"A firsthand report documents the person’s account, not the objective cause of the experience; case-specific alternatives remain debated.",,,Biographical or case overview,https://en.wikipedia.org/wiki/Robert_Taylor,secondary_reference,Major UFO and abduction case overview,https://en.wikipedia.org/wiki/Alien_abduction,secondary_reference,2,census,uap_person_robert_taylor,,,2026-09-14,Dates may be year-only or month-only where day precision was not verified.,
UP-0308,Kelly Cahill,,1966,,,witness_or_experiencer,witness|firsthand account|canonical case,2_major,International,1993–present,1993,present,1993-08-08: alleged encounter|1996: Encounter,Australian experiencer|author,witness or experiencer,Encounter,firsthand_testimony,,"Reported a 1993 craft and entity encounter near Belgrave, later investigated with alleged corroborating witnesses.","Reported a 1993 craft and entity encounter near Belgrave, later investigated with alleged corroborating witnesses.",personal testimony|contemporaneous records where available,firsthand_testimony,,moderate_contextual,,"A firsthand report documents the person’s account, not the objective cause of the experience; case-specific alternatives remain debated.",,,Biographical or case overview,https://en.wikipedia.org/wiki/Kelly_Cahill,secondary_reference,Major UFO and abduction case overview,https://en.wikipedia.org/wiki/Alien_abduction,secondary_reference,2,census,uap_person_kelly_cahill,,,2026-09-14,Dates may be year-only or month-only where day precision was not verified.,
UP-0309,Betty Andreasson Luca,Betty Andreasson,1937,,,witness_or_experiencer,witness|firsthand account|canonical case,2_major,International,1977–present,1977,present,1967-01-25: central claimed encounter|1979: book,Experiencer|artist,witness or experiencer,Andreasson Affair case,firsthand_testimony,,Reported lifelong abduction and religiously inflected experiences investigated largely through hypnosis.,Reported lifelong abduction and religiously inflected experiences investigated largely through hypnosis.,personal testimony|contemporaneous records where available,firsthand_testimony,,moderate_contextual,,"A firsthand report documents the person’s account, not the objective cause of the experience; case-specific alternatives remain debated.",,,Biographical or case overview,https://en.wikipedia.org/wiki/Betty_Andreasson_Luca,secondary_reference,Major UFO and abduction case overview,https://en.wikipedia.org/wiki/Alien_abduction,secondary_reference,2,census,uap_person_betty_andreasson_luca,,,2026-09-14,Dates may be year-only or month-only where day precision was not verified.,
UP-0310,Linda Napolitano,Linda Cortile,,,,witness_or_experiencer,witness|firsthand account|canonical case,2_major,International,1989–present,1989,present,1989-11-30: alleged abduction,Experiencer|Budd Hopkins subject,witness or experiencer,Witnessed: The True Story of the Brooklyn Bridge UFO Abductions,firsthand_testimony,,Claims a 1989 Manhattan apartment abduction witnessed by others; identities and corroboration are disputed.,Claims a 1989 Manhattan apartment abduction witnessed by others; identities and corroboration are disputed.,personal testimony|contemporaneous records where available,firsthand_testimony,,moderate_contextual,,"A firsthand report documents the person’s account, not the objective cause of the experience; case-specific alternatives remain debated.",,,Biographical or case overview,https://en.wikipedia.org/wiki/Linda_Napolitano,secondary_reference,Major UFO and abduction case overview,https://en.wikipedia.org/wiki/Alien_abduction,secondary_reference,2,census,uap_person_linda_napolitano,,,2026-09-14,Biographical dates not confidently verified in this pass; see key_event_dates.,
UP-0311,Terry Lovelace,,,,,witness_or_experiencer,witness|firsthand account|canonical case,2_major,International,2018–present,2018,present,1977: alleged Devil’s Den incident|2018: book,U.S. Air Force veteran|lawyer and author,witness or experiencer,Incident at Devil’s Den,firsthand_testimony,,Reports a 1977 camping encounter and later-discovered alleged implant; evidence is primarily personal testimony.,Reports a 1977 camping encounter and later-discovered alleged implant; evidence is primarily personal testimony.,personal testimony|contemporaneous records where available,firsthand_testimony,,moderate_contextual,,"A firsthand report documents the person’s account, not the objective cause of the experience; case-specific alternatives remain debated.",,,Biographical or case overview,https://en.wikipedia.org/wiki/Terry_Lovelace,secondary_reference,Major UFO and abduction case overview,https://en.wikipedia.org/wiki/Alien_abduction,secondary_reference,2,census,uap_person_terry_lovelace,,,2026-09-14,Biographical dates not confidently verified in this pass; see key_event_dates.,
UP-0312,Chris Bledsoe,,1961,,active,witness_or_experiencer,witness|firsthand account|canonical case,2_major,International,2007–present,2007,present,2007-01-08: Cape Fear River experience|2023: UFO of God,Bledsoe family|experiencer|author,witness or experiencer,UFO of God|UFO of GOD (2023),firsthand_testimony,experiencer,"Reports recurring lights, beings, and religious experiences since 2007; has attracted researchers and officials but claims remain unverified.","Reports recurring lights, beings, and religious experiences since 2007; has attracted researchers and officials but claims remain unverified.",personal testimony|contemporaneous records where available,firsthand_testimony,firsthand_claim|contested,moderate_contextual,high,"A firsthand report documents the person’s account, not the objective cause of the experience; case-specific alternatives remain debated.",2007,POD-005,Biographical or case overview,https://en.wikipedia.org/wiki/Chris_Bledsoe,secondary_reference,Major UFO and abduction case overview,https://en.wikipedia.org/wiki/Alien_abduction,secondary_reference,2,census+seed,uap_person_chris_bledsoe,PER-115,merged (exact),2026-09-14,Dates may be year-only or month-only where day precision was not verified.,
UP-0313,Mario Woods,,,,active,witness_or_experiencer,witness|firsthand account|canonical case,2_major,International,1977–present,1977,present,1977: alleged Ellsworth incident,"U.S. Air Force veteran|experiencer|US Air Force (fmr)|44th Missile Security Squadron, Ellsworth AFB",witness or experiencer,Ellsworth AFB testimony|interviews|American Alchemy interview (2026-09-07),firsthand_testimony,experiencer,Claims a 1977 encounter while guarding a missile facility and later anomalous experiences.,Claims a 1977 encounter while guarding a missile facility and later anomalous experiences.,personal testimony|contemporaneous records where available,firsthand_testimony,contested|firsthand_claim,moderate_contextual,high,"A firsthand report documents the person’s account, not the objective cause of the experience; case-specific alternatives remain debated.",2025,POD-005,Biographical or case overview,https://en.wikipedia.org/wiki/Mario_Woods,secondary_reference,Major UFO and abduction case overview,https://en.wikipedia.org/wiki/Alien_abduction,secondary_reference,2,census+seed,uap_person_mario_woods,PER-201,merged (exact),2026-09-14,Biographical dates not confidently verified in this pass; see key_event_dates.,
UP-0314,Parviz Jafari,,1938,,,witness_or_experiencer,witness|firsthand account|canonical case,2_major,International,1976–present,1976,present,1976-09-19: Tehran incident,Imperial Iranian Air Force,witness or experiencer,1976 Tehran UFO incident testimony,firsthand_testimony,,Pilot who reported instrument failures and an attempted weapons response during pursuit of a bright object over Tehran.,Pilot who reported instrument failures and an attempted weapons response during pursuit of a bright object over Tehran.,personal testimony|contemporaneous records where available,firsthand_testimony,,moderate_contextual,,"A firsthand report documents the person’s account, not the objective cause of the experience; case-specific alternatives remain debated.",,,Biographical or case overview,https://en.wikipedia.org/wiki/Parviz_Jafari,secondary_reference,Major UFO and abduction case overview,https://en.wikipedia.org/wiki/Alien_abduction,secondary_reference,2,census,uap_person_parviz_jafari,,,2026-09-14,Dates may be year-only or month-only where day precision was not verified.,
UP-0315,Kenju Terauchi,Kenji Terauchi,1936,2006,deceased,witness_or_experiencer,witness|firsthand account|canonical case,2_major,International,1986–2006,1986,2006,1986-11-17: JAL 1628 incident,Japan Air Lines,witness or experiencer,JAL Flight 1628 testimony,firsthand_testimony,,Captain who reported large unidentified objects near his cargo aircraft over Alaska; FAA radar interpretation remains disputed.,Captain who reported large unidentified objects near his cargo aircraft over Alaska; FAA radar interpretation remains disputed.,personal testimony|contemporaneous records where available,firsthand_testimony,,moderate_contextual,,"A firsthand report documents the person’s account, not the objective cause of the experience; case-specific alternatives remain debated.",,,Biographical or case overview,https://en.wikipedia.org/wiki/Kenju_Terauchi,secondary_reference,Major UFO and abduction case overview,https://en.wikipedia.org/wiki/Alien_abduction,secondary_reference,2,census,uap_person_kenju_terauchi,,,2026-09-14,Dates may be year-only or month-only where day precision was not verified.,
UP-0316,John Callahan,,,,,witness_or_experiencer,witness|firsthand account|canonical case,2_major,International,1986–present,1986,present,1986-11: JAL 1628 investigation|2001: Disclosure Project,Federal Aviation Administration,witness or experiencer,JAL 1628 records and public testimony,firsthand_testimony,,Former FAA division chief who alleged records of the JAL case were suppressed; agency records and his interpretation are debated.,Former FAA division chief who alleged records of the JAL case were suppressed; agency records and his interpretation are debated.,personal testimony|contemporaneous records where available,firsthand_testimony,,moderate_contextual,,"A firsthand report documents the person’s account, not the objective cause of the experience; case-specific alternatives remain debated.",,,Biographical or case overview,https://en.wikipedia.org/wiki/John_Callahan,secondary_reference,Major UFO and abduction case overview,https://en.wikipedia.org/wiki/Alien_abduction,secondary_reference,2,census,uap_person_john_callahan,,,2026-09-14,Biographical dates not confidently verified in this pass; see key_event_dates.,
UP-0317,Alex Dietrich,,,,active,witness_or_experiencer,witness|firsthand account|canonical case,2_major,International,2004–present,2004,present,2004-11-14: Nimitz encounter|2021: public interviews,U.S. Navy|USS Nimitz,witness or experiencer,2004 Nimitz witness interviews|60 Minutes (2021)|MERGED pilot episode,firsthand_testimony,agnostic_scientific,Pilot who corroborates a puzzling Tic Tac encounter while emphasizing memory limits and avoiding definitive origin claims.,Pilot who corroborates a puzzling Tic Tac encounter while emphasizing memory limits and avoiding definitive origin claims.,personal testimony|contemporaneous records where available,firsthand_testimony,firsthand_witness|on_record_public,moderate_contextual,high,"A firsthand report documents the person’s account, not the objective cause of the experience; case-specific alternatives remain debated.",2021-05,POD-006,Biographical or case overview,https://en.wikipedia.org/wiki/Alex_Dietrich,secondary_reference,Major UFO and abduction case overview,https://en.wikipedia.org/wiki/Alien_abduction,secondary_reference,2,census+seed,uap_person_alex_dietrich,PER-006,merged (exact),2026-09-14,Biographical dates not confidently verified in this pass; see key_event_dates.,
UP-0318,Kevin Day,,,,active,witness_or_experiencer,witness|firsthand account|canonical case,2_major,International,2004–present,2004,present,2004-11-10–14: radar observations,U.S. Navy|USS Princeton|UAPx,witness or experiencer,2004 Nimitz radar testimony|Nimitz 2004 radar tracks|UAPx expeditions,firsthand_testimony,proponent_anomaly,Radar operator who reported tracks descending rapidly and appearing over several days before the visual encounter.,Radar operator who reported tracks descending rapidly and appearing over several days before the visual encounter.,personal testimony|contemporaneous records where available,firsthand_testimony,firsthand_witness,moderate_contextual,medium,"A firsthand report documents the person’s account, not the objective cause of the experience; case-specific alternatives remain debated.",2015,POD-007,Biographical or case overview,https://en.wikipedia.org/wiki/Kevin_Day,secondary_reference,Major UFO and abduction case overview,https://en.wikipedia.org/wiki/Alien_abduction,secondary_reference,2,census+seed,uap_person_kevin_day,PER-007,merged (exact),2026-09-14,Biographical dates not confidently verified in this pass; see key_event_dates.,
UP-0319,Chad Underwood,,,,active,witness_or_experiencer,witness|firsthand account|canonical case,2_major,International,2004–present,2004,present,2004-11-14: FLIR1 recording,U.S. Navy|USS Nimitz,witness or experiencer,FLIR1 video operator|Recorded the FLIR1 'Tic Tac' video (2004),firsthand_testimony,agnostic_scientific,Pilot who recorded the Navy’s FLIR1/Tic Tac video and coined the “Tic Tac” label in squadron discussion.,Pilot who recorded the Navy’s FLIR1/Tic Tac video and coined the “Tic Tac” label in squadron discussion.,personal testimony|contemporaneous records where available,firsthand_testimony,firsthand_witness|documented,moderate_contextual,medium,"A firsthand report documents the person’s account, not the objective cause of the experience; case-specific alternatives remain debated.",2019-12,,Biographical or case overview,https://en.wikipedia.org/wiki/Chad_Underwood,secondary_reference,Major UFO and abduction case overview,https://en.wikipedia.org/wiki/Alien_abduction,secondary_reference,2,census+seed,uap_person_chad_underwood,PER-009,merged (exact),2026-09-14,Biographical dates not confidently verified in this pass; see key_event_dates.,
UP-0320,Gary Voorhis,,,,active,witness_or_experiencer,witness|firsthand account|canonical case,2_major,International,2004–present,2004,present,2004-11: Nimitz incident,U.S. Navy|USS Princeton|UAPx,witness or experiencer,Nimitz radar witness interviews|Nimitz witness testimony|UAPx field work,firsthand_testimony,proponent_anomaly,Reports handling radar data and says unknown officials removed data after the encounter; claim remains testimonial.,Reports handling radar data and says unknown officials removed data after the encounter; claim remains testimonial.,personal testimony|contemporaneous records where available,firsthand_testimony,firsthand_witness,moderate_contextual,medium,"A firsthand report documents the person’s account, not the objective cause of the experience; case-specific alternatives remain debated.",2019,,Biographical or case overview,https://en.wikipedia.org/wiki/Gary_Voorhis,secondary_reference,Major UFO and abduction case overview,https://en.wikipedia.org/wiki/Alien_abduction,secondary_reference,2,census+seed,uap_person_gary_voorhis,PER-008,merged (exact),2026-09-14,Biographical dates not confidently verified in this pass; see key_event_dates.,
UP-0321,Jason Turner,,,,,witness_or_experiencer,witness|firsthand account|canonical case,2_major,International,2004–present,2004,present,2004-11: Nimitz incident,U.S. Navy|USS Princeton,witness or experiencer,Nimitz witness interviews,firsthand_testimony,,Reports viewing radar data and a longer version of encounter imagery aboard ship.,Reports viewing radar data and a longer version of encounter imagery aboard ship.,personal testimony|contemporaneous records where available,firsthand_testimony,,moderate_contextual,,"A firsthand report documents the person’s account, not the objective cause of the experience; case-specific alternatives remain debated.",,,Biographical or case overview,https://en.wikipedia.org/wiki/Jason_Turner,secondary_reference,Major UFO and abduction case overview,https://en.wikipedia.org/wiki/Alien_abduction,secondary_reference,2,census,uap_person_jason_turner,,,2026-09-14,Biographical dates not confidently verified in this pass; see key_event_dates.,
UP-0322,Patrick P. J. Hughes,P. J. Hughes,,,,witness_or_experiencer,witness|firsthand account|canonical case,2_major,International,2004–present,2004,present,2004-11: Nimitz incident,U.S. Navy|USS Nimitz,witness or experiencer,Nimitz data-handling testimony,firsthand_testimony,,Aviation technician who says data cartridges from E-2 aircraft were collected by unidentified personnel.,Aviation technician who says data cartridges from E-2 aircraft were collected by unidentified personnel.,personal testimony|contemporaneous records where available,firsthand_testimony,,moderate_contextual,,"A firsthand report documents the person’s account, not the objective cause of the experience; case-specific alternatives remain debated.",,,Biographical or case overview,https://en.wikipedia.org/wiki/Patrick_P._J._Hughes,secondary_reference,Major UFO and abduction case overview,https://en.wikipedia.org/wiki/Alien_abduction,secondary_reference,2,census,uap_person_patrick_p_j_hughes,,,2026-09-14,Biographical dates not confidently verified in this pass; see key_event_dates.,
UP-0323,Douglas Kurth,Cheeks Kurth,,,,witness_or_experiencer,witness|firsthand account|canonical case,2_major,International,2004–present,2004,present,2004-11-14: Nimitz incident|2008: BAASS,U.S. Marine Corps|USS Nimitz|BAASS,witness or experiencer,Nimitz witness|AAWSAP contractor,firsthand_testimony,,Pilot involved in the Nimitz intercept sequence who later worked for Bigelow’s AAWSAP contractor.,Pilot involved in the Nimitz intercept sequence who later worked for Bigelow’s AAWSAP contractor.,personal testimony|contemporaneous records where available,firsthand_testimony,,moderate_contextual,,"A firsthand report documents the person’s account, not the objective cause of the experience; case-specific alternatives remain debated.",,,Biographical or case overview,https://en.wikipedia.org/wiki/Douglas_Kurth,secondary_reference,Major UFO and abduction case overview,https://en.wikipedia.org/wiki/Alien_abduction,secondary_reference,2,census,uap_person_douglas_kurth,,,2026-09-14,Biographical dates not confidently verified in this pass; see key_event_dates.,
UP-0324,Jim Slaight,,,,,witness_or_experiencer,witness|firsthand account|canonical case,2_major,International,2004–present,2004,present,2004-11-14: Nimitz incident,U.S. Navy|USS Nimitz,witness or experiencer,Nimitz witness interviews,firsthand_testimony,,Weapons-systems officer in Fravor’s aircraft who witnessed the Tic Tac encounter.,Weapons-systems officer in Fravor’s aircraft who witnessed the Tic Tac encounter.,personal testimony|contemporaneous records where available,firsthand_testimony,,moderate_contextual,,"A firsthand report documents the person’s account, not the objective cause of the experience; case-specific alternatives remain debated.",,,Biographical or case overview,https://en.wikipedia.org/wiki/Jim_Slaight,secondary_reference,Major UFO and abduction case overview,https://en.wikipedia.org/wiki/Alien_abduction,secondary_reference,2,census,uap_person_jim_slaight,,,2026-09-14,Biographical dates not confidently verified in this pass; see key_event_dates.,
UP-0325,John Burroughs,,1959,,active,witness_or_experiencer,witness|firsthand account|canonical case,2_major,International,1980–present,1980,present,1980-12-26: Rendlesham encounter,U.S. Air Force|RAF Bentwaters|RAF Woodbridge,witness or experiencer,Rendlesham witness testimony|Rendlesham testimony|VA medical case,firsthand_testimony,proponent_anomaly,Security policeman who reported close-range lights in Rendlesham Forest and later pursued medical-record and benefits questions.,Security policeman who reported close-range lights in Rendlesham Forest and later pursued medical-record and benefits questions.,personal testimony|contemporaneous records where available,firsthand_testimony,firsthand_witness|documented,moderate_contextual,high,"A firsthand report documents the person’s account, not the objective cause of the experience; case-specific alternatives remain debated.",1990,,Biographical or case overview,https://en.wikipedia.org/wiki/John_Burroughs,secondary_reference,Major UFO and abduction case overview,https://en.wikipedia.org/wiki/Alien_abduction,secondary_reference,2,census+seed,uap_person_john_burroughs,PER-125,merged (exact),2026-09-14,Dates may be year-only or month-only where day precision was not verified.,
UP-0326,Jim Penniston,James Penniston,1954,,active,witness_or_experiencer,witness|firsthand account|canonical case,2_major,International,1980–present,1980,present,1980-12-26: Rendlesham encounter|2010: binary-code claim public,U.S. Air Force|RAF Bentwaters|RAF Woodbridge,witness or experiencer,Rendlesham witness accounts|binary-code claim|Encounter in Rendlesham Forest,firsthand_testimony,proponent_nhi,Reports approaching and touching a triangular craft; later-introduced binary-code memories are controversial.,Reports approaching and touching a triangular craft; later-introduced binary-code memories are controversial.,personal testimony|contemporaneous records where available,firsthand_testimony,firsthand_witness|contested,moderate_contextual,high,"A firsthand report documents the person’s account, not the objective cause of the experience; case-specific alternatives remain debated.",1990,,Biographical or case overview,https://en.wikipedia.org/wiki/Jim_Penniston,secondary_reference,Major UFO and abduction case overview,https://en.wikipedia.org/wiki/Alien_abduction,secondary_reference,2,census+seed,uap_person_jim_penniston,PER-124,merged (fuzzy_override),2026-09-14,Dates may be year-only or month-only where day precision was not verified.,
UP-0327,Edward Cabansag,,,,,witness_or_experiencer,witness|firsthand account|canonical case,2_major,International,1980–present,1980,present,1980-12-26: Rendlesham incident,U.S. Air Force|RAF Bentwaters,witness or experiencer,Rendlesham witness statement,firsthand_testimony,,Accompanied Burroughs and Penniston during the first-night forest investigation and reported unusual lights.,Accompanied Burroughs and Penniston during the first-night forest investigation and reported unusual lights.,personal testimony|contemporaneous records where available,firsthand_testimony,,moderate_contextual,,"A firsthand report documents the person’s account, not the objective cause of the experience; case-specific alternatives remain debated.",,,Biographical or case overview,https://en.wikipedia.org/wiki/Edward_Cabansag,secondary_reference,Major UFO and abduction case overview,https://en.wikipedia.org/wiki/Alien_abduction,secondary_reference,2,census,uap_person_edward_cabansag,,,2026-09-14,Biographical dates not confidently verified in this pass; see key_event_dates.,
UP-0328,Larry Warren,,1961,,,witness_or_experiencer,witness|firsthand account|canonical case,2_major,International,1980–present,1980,present,1980-12: claimed Rendlesham involvement|1997: book,U.S. Air Force|author,witness or experiencer,Left at East Gate,firsthand_testimony,,Claims participation in a later Rendlesham event; inconsistencies and records disputes make his account controversial.,Claims participation in a later Rendlesham event; inconsistencies and records disputes make his account controversial.,personal testimony|contemporaneous records where available,firsthand_testimony,,moderate_contextual,,"A firsthand report documents the person’s account, not the objective cause of the experience; case-specific alternatives remain debated.",,,Biographical or case overview,https://en.wikipedia.org/wiki/Larry_Warren,secondary_reference,Major UFO and abduction case overview,https://en.wikipedia.org/wiki/Alien_abduction,secondary_reference,2,census,uap_person_larry_warren,,,2026-09-14,Dates may be year-only or month-only where day precision was not verified.,
UP-0329,Emily Trim,,,,,witness_or_experiencer,witness|firsthand account|canonical case,2_major,International,1994–present,1994,present,1994-09-16: Ariel School event,Ariel School witness|artist,witness or experiencer,Ariel Phenomenon interviews,firsthand_testimony,,One of the most public former students describing the 1994 Zimbabwe schoolyard sighting and perceived telepathic message.,One of the most public former students describing the 1994 Zimbabwe schoolyard sighting and perceived telepathic message.,personal testimony|contemporaneous records where available,firsthand_testimony,,moderate_contextual,,"A firsthand report documents the person’s account, not the objective cause of the experience; case-specific alternatives remain debated.",,,Biographical or case overview,https://en.wikipedia.org/wiki/Emily_Trim,secondary_reference,Major UFO and abduction case overview,https://en.wikipedia.org/wiki/Alien_abduction,secondary_reference,2,census,uap_person_emily_trim,,,2026-09-14,Biographical dates not confidently verified in this pass; see key_event_dates.,
UP-0330,Salma Siddick,,,,,witness_or_experiencer,witness|firsthand account|canonical case,2_major,International,1994–present,1994,present,1994-09-16: Ariel School event,Ariel School witness|physician,witness or experiencer,Ariel Phenomenon interviews,firsthand_testimony,,Public witness who has described seeing a craft and beings as a child at Ariel School.,Public witness who has described seeing a craft and beings as a child at Ariel School.,personal testimony|contemporaneous records where available,firsthand_testimony,,moderate_contextual,,"A firsthand report documents the person’s account, not the objective cause of the experience; case-specific alternatives remain debated.",,,Biographical or case overview,https://en.wikipedia.org/wiki/Salma_Siddick,secondary_reference,Major UFO and abduction case overview,https://en.wikipedia.org/wiki/Alien_abduction,secondary_reference,2,census,uap_person_salma_siddick,,,2026-09-14,Biographical dates not confidently verified in this pass; see key_event_dates.,
UP-0331,Randall Dallyn,,,,,witness_or_experiencer,witness|firsthand account|canonical case,2_major,International,1994–present,1994,present,1994-09-16: Ariel event|2020s: public counterclaim,Ariel School witness,witness or experiencer,Public interviews disputing Ariel event,firsthand_testimony,,Former student who has said he helped fabricate aspects of the sighting; other witnesses reject his account.,Former student who has said he helped fabricate aspects of the sighting; other witnesses reject his account.,personal testimony|contemporaneous records where available,firsthand_testimony,,moderate_contextual,,"A firsthand report documents the person’s account, not the objective cause of the experience; case-specific alternatives remain debated.",,,Biographical or case overview,https://en.wikipedia.org/wiki/Randall_Dallyn,secondary_reference,Major UFO and abduction case overview,https://en.wikipedia.org/wiki/Alien_abduction,secondary_reference,2,census,uap_person_randall_dallyn,,,2026-09-14,Biographical dates not confidently verified in this pass; see key_event_dates.,
UP-0332,Ubirajara Rodrigues,,1954,,,witness_or_experiencer,witness|firsthand account|canonical case,2_major,International,1996–present,1996,present,1996-01: Varginha case,Brazilian lawyer and investigator,witness or experiencer,Varginha investigation and books,firsthand_testimony,,Led early civilian investigation of the Varginha reports; later expressed reservations about some extraterrestrial interpretations.,Led early civilian investigation of the Varginha reports; later expressed reservations about some extraterrestrial interpretations.,personal testimony|contemporaneous records where available,firsthand_testimony,,moderate_contextual,,"A firsthand report documents the person’s account, not the objective cause of the experience; case-specific alternatives remain debated.",,,Biographical or case overview,https://en.wikipedia.org/wiki/Ubirajara_Rodrigues,secondary_reference,Major UFO and abduction case overview,https://en.wikipedia.org/wiki/Alien_abduction,secondary_reference,2,census,uap_person_ubirajara_rodrigues,,,2026-09-14,Dates may be year-only or month-only where day precision was not verified.,
UP-0333,Liliane Silva,,,,,witness_or_experiencer,witness|firsthand account|canonical case,2_major,International,1996–present,1996,present,1996-01-20: reported encounter,Varginha witness,witness or experiencer,Varginha testimony,firsthand_testimony,,One of three young women who reported seeing an unusual humanoid creature.,One of three young women who reported seeing an unusual humanoid creature.,personal testimony|contemporaneous records where available,firsthand_testimony,,moderate_contextual,,"A firsthand report documents the person’s account, not the objective cause of the experience; case-specific alternatives remain debated.",,,Biographical or case overview,https://en.wikipedia.org/wiki/Liliane_Silva,secondary_reference,Major UFO and abduction case overview,https://en.wikipedia.org/wiki/Alien_abduction,secondary_reference,2,census,uap_person_liliane_silva,,,2026-09-14,Biographical dates not confidently verified in this pass; see key_event_dates.,
UP-0334,Valquíria Silva,,,,,witness_or_experiencer,witness|firsthand account|canonical case,2_major,International,1996–present,1996,present,1996-01-20: reported encounter,Varginha witness,witness or experiencer,Varginha testimony,firsthand_testimony,,One of three young women who reported seeing an unusual humanoid creature.,One of three young women who reported seeing an unusual humanoid creature.,personal testimony|contemporaneous records where available,firsthand_testimony,,moderate_contextual,,"A firsthand report documents the person’s account, not the objective cause of the experience; case-specific alternatives remain debated.",,,Biographical or case overview,https://en.wikipedia.org/wiki/Valqu%C3%ADria_Silva,secondary_reference,Major UFO and abduction case overview,https://en.wikipedia.org/wiki/Alien_abduction,secondary_reference,2,census,uap_person_valquiria_silva,,,2026-09-14,Biographical dates not confidently verified in this pass; see key_event_dates.,
UP-0335,Kátia Andrade Xavier,,,,,witness_or_experiencer,witness|firsthand account|canonical case,2_major,International,1996–present,1996,present,1996-01-20: reported encounter,Varginha witness,witness or experiencer,Varginha testimony,firsthand_testimony,,One of three young women who reported seeing an unusual humanoid creature.,One of three young women who reported seeing an unusual humanoid creature.,personal testimony|contemporaneous records where available,firsthand_testimony,,moderate_contextual,,"A firsthand report documents the person’s account, not the objective cause of the experience; case-specific alternatives remain debated.",,,Biographical or case overview,https://en.wikipedia.org/wiki/K%C3%A1tia_Andrade_Xavier,secondary_reference,Major UFO and abduction case overview,https://en.wikipedia.org/wiki/Alien_abduction,secondary_reference,2,census,uap_person_katia_andrade_xavier,,,2026-09-14,Biographical dates not confidently verified in this pass; see key_event_dates.,
UP-0336,Marco Eli Chereze,,1969,1996-02-15,deceased,witness_or_experiencer,witness|firsthand account|canonical case,2_major,International,1996–1996,1996,1996,1996-01: alleged involvement|1996-02-15: death,Brazilian military police,witness or experiencer,Varginha case figure,firsthand_testimony,,Police officer later alleged to have captured a creature; the claim is disputed and official accounts reject it.,Police officer later alleged to have captured a creature; the claim is disputed and official accounts reject it.,personal testimony|contemporaneous records where available,firsthand_testimony,,moderate_contextual,,"A firsthand report documents the person’s account, not the objective cause of the experience; case-specific alternatives remain debated.",,,Biographical or case overview,https://en.wikipedia.org/wiki/Marco_Eli_Chereze,secondary_reference,Major UFO and abduction case overview,https://en.wikipedia.org/wiki/Alien_abduction,secondary_reference,2,census,uap_person_marco_eli_chereze,,,2026-09-14,Dates may be year-only or month-only where day precision was not verified.,
UP-0337,Carlos de Sousa,,,,,witness_or_experiencer,witness|firsthand account|canonical case,2_major,International,1996–present,1996,present,1996-01: alleged crash observation,Brazilian civilian witness,witness or experiencer,Varginha crash-site testimony,firsthand_testimony,,Claims to have observed a crash site and military response near Varginha; testimony became prominent through documentaries.,Claims to have observed a crash site and military response near Varginha; testimony became prominent through documentaries.,personal testimony|contemporaneous records where available,firsthand_testimony,,moderate_contextual,,"A firsthand report documents the person’s account, not the objective cause of the experience; case-specific alternatives remain debated.",,,Biographical or case overview,https://en.wikipedia.org/wiki/Carlos_de_Sousa,secondary_reference,Major UFO and abduction case overview,https://en.wikipedia.org/wiki/Alien_abduction,secondary_reference,2,census,uap_person_carlos_de_sousa,,,2026-09-14,Biographical dates not confidently verified in this pass; see key_event_dates.,
UP-0338,Fife Symington,,1945-08-12,,active,witness_or_experiencer,witness|firsthand account|canonical case,2_major,International,1997–present,1997,present,1997-03-13: Phoenix Lights|2007: public personal account,Governor of Arizona|U.S. Air Force veteran,witness or experiencer,Phoenix Lights public statements|Phoenix Lights testimony (2007),firsthand_testimony,proponent_anomaly,"Initially mocked the 1997 Phoenix Lights at a press conference, then later said he personally saw a large unexplained craft.","Initially mocked the 1997 Phoenix Lights at a press conference, then later said he personally saw a large unexplained craft.",personal testimony|contemporaneous records where available,firsthand_testimony,firsthand_witness|on_record_public,moderate_contextual,high,"A firsthand report documents the person’s account, not the objective cause of the experience; case-specific alternatives remain debated.",2007-03,,Biographical or case overview,https://en.wikipedia.org/wiki/Fife_Symington,secondary_reference,Major UFO and abduction case overview,https://en.wikipedia.org/wiki/Alien_abduction,secondary_reference,2,census+seed,uap_person_fife_symington,PER-129,merged (exact),2026-09-14,Dates may be year-only or month-only where day precision was not verified.,
UP-0339,George Adamski,,1891-04-17,1965-04-23,deceased,contactee_or_religious_figure,contactee|experiencer|religion|channeling,2_major,International,1952–1965,1952,1965,1952-11-20: claimed Orthon contact|1953: first book,Royal Order of Tibet|contactee lecture circuit,contactee or religious figure,Flying Saucers Have Landed|Inside the Space Ships,claimed_contact_or_revelation,,Claimed meetings with benevolent Venusian “space brothers” and published photos; critics identify models and inconsistencies.,Claimed meetings with benevolent Venusian “space brothers” and published photos; critics identify models and inconsistencies.,self-reported contact|teachings|photographs or artifacts claimed by participant,self_reported_contact,,mixed_claims_need_independent_verification,,"Contact claims are not independently verified; several cases involve documented hoaxes, failed prophecies, or cultic harm.",,,Biographical or case overview,https://en.wikipedia.org/wiki/George_Adamski,secondary_reference,Contactee movement overview,https://en.wikipedia.org/wiki/Contactee,secondary_reference,2,census,uap_person_george_adamski,,,2026-09-14,Dates may be year-only or month-only where day precision was not verified.,
UP-0340,Orfeo Angelucci,,1912-06-25,1993-07-24,deceased,contactee_or_religious_figure,contactee|experiencer|religion|channeling,2_major,International,1952–1993,1952,1993,1952-05-23: claimed encounter|1955: book,Lockheed aircraft worker|contactee movement,contactee or religious figure,The Secret of the Saucers,claimed_contact_or_revelation,,Claimed spiritually transformative contact with benevolent extraterrestrials near Los Angeles.,Claimed spiritually transformative contact with benevolent extraterrestrials near Los Angeles.,self-reported contact|teachings|photographs or artifacts claimed by participant,self_reported_contact,,mixed_claims_need_independent_verification,,"Contact claims are not independently verified; several cases involve documented hoaxes, failed prophecies, or cultic harm.",,,Biographical or case overview,https://en.wikipedia.org/wiki/Orfeo_Angelucci,secondary_reference,Contactee movement overview,https://en.wikipedia.org/wiki/Contactee,secondary_reference,2,census,uap_person_orfeo_angelucci,,,2026-09-14,Dates may be year-only or month-only where day precision was not verified.,
UP-0341,Daniel W. Fry,,1908-07-19,1992-12-20,deceased,contactee_or_religious_figure,contactee|experiencer|religion|channeling,2_major,International,1950–1992,1950,1992,1950-07-04: claimed contact|1954: book,Understanding Inc.|contactee movement,contactee or religious figure,The White Sands Incident,claimed_contact_or_revelation,,Claimed a remote-controlled saucer took him on a flight and relayed spiritual messages; no independent verification.,Claimed a remote-controlled saucer took him on a flight and relayed spiritual messages; no independent verification.,self-reported contact|teachings|photographs or artifacts claimed by participant,self_reported_contact,,mixed_claims_need_independent_verification,,"Contact claims are not independently verified; several cases involve documented hoaxes, failed prophecies, or cultic harm.",,,Biographical or case overview,https://en.wikipedia.org/wiki/Daniel_W._Fry,secondary_reference,Contactee movement overview,https://en.wikipedia.org/wiki/Contactee,secondary_reference,2,census,uap_person_daniel_w_fry,,,2026-09-14,Dates may be year-only or month-only where day precision was not verified.,
UP-0342,George Van Tassel,,1910-03-12,1978-02-09,deceased,contactee_or_religious_figure,contactee|experiencer|religion|channeling,2_major,International,1952–1978,1952,1978,1952: claimed contact|1953–1978: Giant Rock conventions,Giant Rock|Ministry of Universal Wisdom,contactee or religious figure,The Council of Seven Lights|Integratron,claimed_contact_or_revelation,,"Claimed telepathic contact, hosted Giant Rock conventions, and built the Integratron.","Claimed telepathic contact, hosted Giant Rock conventions, and built the Integratron.",self-reported contact|teachings|photographs or artifacts claimed by participant,self_reported_contact,,mixed_claims_need_independent_verification,,"Contact claims are not independently verified; several cases involve documented hoaxes, failed prophecies, or cultic harm.",,,Biographical or case overview,https://en.wikipedia.org/wiki/George_Van_Tassel,secondary_reference,Contactee movement overview,https://en.wikipedia.org/wiki/Contactee,secondary_reference,2,census,uap_person_george_van_tassel,,,2026-09-14,Dates may be year-only or month-only where day precision was not verified.,
UP-0343,George King,,1919-01-23,1997-07-12,deceased,contactee_or_religious_figure,contactee|experiencer|religion|channeling,2_major,International,1954–1997,1954,1997,1954: claimed Aetherius contact|1955: society founded,Aetherius Society,contactee or religious figure,You Are Responsible!|Cosmic Voice,claimed_contact_or_revelation,,Claimed telepathic instruction from cosmic masters and founded a continuing UFO religion.,Claimed telepathic instruction from cosmic masters and founded a continuing UFO religion.,self-reported contact|teachings|photographs or artifacts claimed by participant,self_reported_contact,,mixed_claims_need_independent_verification,,"Contact claims are not independently verified; several cases involve documented hoaxes, failed prophecies, or cultic harm.",,,Biographical or case overview,https://en.wikipedia.org/wiki/George_King,secondary_reference,Contactee movement overview,https://en.wikipedia.org/wiki/Contactee,secondary_reference,2,census,uap_person_george_king,,,2026-09-14,Dates may be year-only or month-only where day precision was not verified.,
UP-0344,Billy Meier,Eduard Albert Meier,1937-02-03,,,contactee_or_religious_figure,contactee|experiencer|religion|channeling,2_major,International,1942–present,1942,present,1975: Semjase contacts public|1978: photo controversy,FIGU,contactee or religious figure,Contact notes|extensive UFO photographs,claimed_contact_or_revelation,,Swiss contactee claiming lifelong Pleiadian contacts and prophetic messages; photos and evidence have been repeatedly challenged as hoaxes.,Swiss contactee claiming lifelong Pleiadian contacts and prophetic messages; photos and evidence have been repeatedly challenged as hoaxes.,self-reported contact|teachings|photographs or artifacts claimed by participant,self_reported_contact,,mixed_claims_need_independent_verification,,"Contact claims are not independently verified; several cases involve documented hoaxes, failed prophecies, or cultic harm.",,,Biographical or case overview,https://en.wikipedia.org/wiki/Billy_Meier,secondary_reference,Contactee movement overview,https://en.wikipedia.org/wiki/Contactee,secondary_reference,2,census,uap_person_billy_meier,,,2026-09-14,Dates may be year-only or month-only where day precision was not verified.,
UP-0345,Elizabeth Klarer,,1910-07-01,1994-02-09,deceased,contactee_or_religious_figure,contactee|experiencer|religion|channeling,2_major,International,1954–1994,1954,1994,1954: claimed contact|1980: book,South African experiencer and author,contactee or religious figure,Beyond the Light Barrier,claimed_contact_or_revelation,,Claimed travel to another planet and a child with an extraterrestrial named Akon.,Claimed travel to another planet and a child with an extraterrestrial named Akon.,self-reported contact|teachings|photographs or artifacts claimed by participant,self_reported_contact,,mixed_claims_need_independent_verification,,"Contact claims are not independently verified; several cases involve documented hoaxes, failed prophecies, or cultic harm.",,,Biographical or case overview,https://en.wikipedia.org/wiki/Elizabeth_Klarer,secondary_reference,Contactee movement overview,https://en.wikipedia.org/wiki/Contactee,secondary_reference,2,census,uap_person_elizabeth_klarer,,,2026-09-14,Dates may be year-only or month-only where day precision was not verified.,
UP-0346,Truman Bethurum,,1898-08-21,1969-05-21,deceased,contactee_or_religious_figure,contactee|experiencer|religion|channeling,2_major,International,1952–1969,1952,1969,1952: claimed encounters|1954: book,Contactee author,contactee or religious figure,Aboard a Flying Saucer,claimed_contact_or_revelation,,Claimed repeated meetings with Captain Aura Rhanes from planet Clarion.,Claimed repeated meetings with Captain Aura Rhanes from planet Clarion.,self-reported contact|teachings|photographs or artifacts claimed by participant,self_reported_contact,,mixed_claims_need_independent_verification,,"Contact claims are not independently verified; several cases involve documented hoaxes, failed prophecies, or cultic harm.",,,Biographical or case overview,https://en.wikipedia.org/wiki/Truman_Bethurum,secondary_reference,Contactee movement overview,https://en.wikipedia.org/wiki/Contactee,secondary_reference,2,census,uap_person_truman_bethurum,,,2026-09-14,Dates may be year-only or month-only where day precision was not verified.,
UP-0347,Howard Menger,,1922-02-17,2009-02-25,deceased,contactee_or_religious_figure,contactee|experiencer|religion|channeling,2_major,International,1956–2009,1956,2009,1956: public contact claims|1959: book,Contactee author and musician,contactee or religious figure,From Outer Space to You,claimed_contact_or_revelation,,Claimed contact with Venusian visitors and produced photos and music associated with the story.,Claimed contact with Venusian visitors and produced photos and music associated with the story.,self-reported contact|teachings|photographs or artifacts claimed by participant,self_reported_contact,,mixed_claims_need_independent_verification,,"Contact claims are not independently verified; several cases involve documented hoaxes, failed prophecies, or cultic harm.",,,Biographical or case overview,https://en.wikipedia.org/wiki/Howard_Menger,secondary_reference,Contactee movement overview,https://en.wikipedia.org/wiki/Contactee,secondary_reference,2,census,uap_person_howard_menger,,,2026-09-14,Dates may be year-only or month-only where day precision was not verified.,
UP-0348,Buck Nelson,,1894-04-09,1982,deceased,contactee_or_religious_figure,contactee|experiencer|religion|channeling,2_major,International,1954–1965,1954,1965,1954: claimed contact|1955–1965: conventions,Ozark contactee conventions,contactee or religious figure,"My Trips to Mars, the Moon, and Venus",claimed_contact_or_revelation,,Claimed space travel and hosted influential contactee conventions in Missouri.,Claimed space travel and hosted influential contactee conventions in Missouri.,self-reported contact|teachings|photographs or artifacts claimed by participant,self_reported_contact,,mixed_claims_need_independent_verification,,"Contact claims are not independently verified; several cases involve documented hoaxes, failed prophecies, or cultic harm.",,,Biographical or case overview,https://en.wikipedia.org/wiki/Buck_Nelson,secondary_reference,Contactee movement overview,https://en.wikipedia.org/wiki/Contactee,secondary_reference,2,census,uap_person_buck_nelson,,,2026-09-14,Dates may be year-only or month-only where day precision was not verified.,
UP-0349,Gabriel Green,,1924-11-11,2001-09-08,deceased,contactee_or_religious_figure,contactee|experiencer|religion|channeling,2_major,International,1950–2001,1950,2001,1957: AFSCA leadership|1960: presidential candidacy,Amalgamated Flying Saucer Clubs of America|political candidate,contactee or religious figure,Let’s Face Facts about Flying Saucers,claimed_contact_or_revelation,,Claimed telepathic extraterrestrial contact and tied contactee beliefs to political activism.,Claimed telepathic extraterrestrial contact and tied contactee beliefs to political activism.,self-reported contact|teachings|photographs or artifacts claimed by participant,self_reported_contact,,mixed_claims_need_independent_verification,,"Contact claims are not independently verified; several cases involve documented hoaxes, failed prophecies, or cultic harm.",,,Biographical or case overview,https://en.wikipedia.org/wiki/Gabriel_Green,secondary_reference,Contactee movement overview,https://en.wikipedia.org/wiki/Contactee,secondary_reference,2,census,uap_person_gabriel_green,,,2026-09-14,Dates may be year-only or month-only where day precision was not verified.,
UP-0350,Gloria Lee,,1926-03-22,1962-12-03,deceased,contactee_or_religious_figure,contactee|experiencer|religion|channeling,2_major,International,1953–1962,1953,1962,1953: claimed contact|1962: White House fast,Channeling groups|author,contactee or religious figure,Why We Are Here,claimed_contact_or_revelation,,Claimed telepathic contact with a Jupiter entity and died during a protest fast seeking government acknowledgment.,Claimed telepathic contact with a Jupiter entity and died during a protest fast seeking government acknowledgment.,self-reported contact|teachings|photographs or artifacts claimed by participant,self_reported_contact,,mixed_claims_need_independent_verification,,"Contact claims are not independently verified; several cases involve documented hoaxes, failed prophecies, or cultic harm.",,,Biographical or case overview,https://en.wikipedia.org/wiki/Gloria_Lee,secondary_reference,Contactee movement overview,https://en.wikipedia.org/wiki/Contactee,secondary_reference,2,census,uap_person_gloria_lee,,,2026-09-14,Dates may be year-only or month-only where day precision was not verified.,
UP-0351,Ted Owens,,1920,1987,deceased,contactee_or_religious_figure,contactee|experiencer|religion|channeling,2_major,International,1960–1987,1960,1987,1960s: public claims|1978: book,Contactee/psychokinesis claimant,contactee or religious figure,How to Contact Space People,claimed_contact_or_revelation,,Claimed “Space Intelligences” granted psychokinetic powers; evidence remained anecdotal.,Claimed “Space Intelligences” granted psychokinetic powers; evidence remained anecdotal.,self-reported contact|teachings|photographs or artifacts claimed by participant,self_reported_contact,,mixed_claims_need_independent_verification,,"Contact claims are not independently verified; several cases involve documented hoaxes, failed prophecies, or cultic harm.",,,Biographical or case overview,https://en.wikipedia.org/wiki/Ted_Owens,secondary_reference,Contactee movement overview,https://en.wikipedia.org/wiki/Contactee,secondary_reference,2,census,uap_person_ted_owens,,,2026-09-14,Dates may be year-only or month-only where day precision was not verified.,
UP-0352,Claude Vorilhon,Rael,1946-09-30,,,contactee_or_religious_figure,contactee|experiencer|religion|channeling,2_major,International,1973–present,1973,present,1973-12-13: claimed contact|1974: movement founded,Raëlian Movement,contactee or religious figure,The Book Which Tells the Truth|Raëlian teachings,claimed_contact_or_revelation,,Claims 1973 contact with Elohim creators and founded a global UFO religion; cloning claims by affiliates lacked evidence.,Claims 1973 contact with Elohim creators and founded a global UFO religion; cloning claims by affiliates lacked evidence.,self-reported contact|teachings|photographs or artifacts claimed by participant,self_reported_contact,,mixed_claims_need_independent_verification,,"Contact claims are not independently verified; several cases involve documented hoaxes, failed prophecies, or cultic harm.",,,Biographical or case overview,https://en.wikipedia.org/wiki/Claude_Vorilhon,secondary_reference,Contactee movement overview,https://en.wikipedia.org/wiki/Contactee,secondary_reference,2,census,uap_person_claude_vorilhon,,,2026-09-14,Dates may be year-only or month-only where day precision was not verified.,
UP-0353,Marshall Applewhite,Bo|Do,1931-05-17,1997-03-26,deceased,contactee_or_religious_figure,contactee|experiencer|religion|channeling,2_major,International,1974–1997,1974,1997,1974: group formed|1997-03-26: deaths,Heaven’s Gate,contactee or religious figure,Heaven’s Gate teachings and videos,claimed_contact_or_revelation,,Co-founded a UFO religion teaching ascension to a spacecraft; died with 38 followers in a 1997 mass suicide.,Co-founded a UFO religion teaching ascension to a spacecraft; died with 38 followers in a 1997 mass suicide.,self-reported contact|teachings|photographs or artifacts claimed by participant,self_reported_contact,,mixed_claims_need_independent_verification,,"Contact claims are not independently verified; several cases involve documented hoaxes, failed prophecies, or cultic harm.",,,Biographical or case overview,https://en.wikipedia.org/wiki/Marshall_Applewhite,secondary_reference,Contactee movement overview,https://en.wikipedia.org/wiki/Contactee,secondary_reference,2,census,uap_person_marshall_applewhite,,,2026-09-14,Dates may be year-only or month-only where day precision was not verified.,
UP-0354,Bonnie Nettles,Ti,1927-08-29,1985-06-19,deceased,contactee_or_religious_figure,contactee|experiencer|religion|channeling,2_major,International,1974–1985,1974,1985,1974: group formed,Heaven’s Gate,contactee or religious figure,Heaven’s Gate teachings,claimed_contact_or_revelation,,Co-founded Heaven’s Gate and shaped its extraterrestrial ascension theology.,Co-founded Heaven’s Gate and shaped its extraterrestrial ascension theology.,self-reported contact|teachings|photographs or artifacts claimed by participant,self_reported_contact,,mixed_claims_need_independent_verification,,"Contact claims are not independently verified; several cases involve documented hoaxes, failed prophecies, or cultic harm.",,,Biographical or case overview,https://en.wikipedia.org/wiki/Bonnie_Nettles,secondary_reference,Contactee movement overview,https://en.wikipedia.org/wiki/Contactee,secondary_reference,2,census,uap_person_bonnie_nettles,,,2026-09-14,Dates may be year-only or month-only where day precision was not verified.,
UP-0355,Dorothy Martin,Sister Thedra,1900,1992,deceased,contactee_or_religious_figure,contactee|experiencer|religion|channeling,2_major,International,1954–1992,1954,1992,1954-12-21: failed prophecy,The Seekers,contactee or religious figure,When Prophecy Fails case,claimed_contact_or_revelation,,Claimed messages from planet Clarion predicting a 1954 flood; the failed prophecy became a classic study of cognitive dissonance.,Claimed messages from planet Clarion predicting a 1954 flood; the failed prophecy became a classic study of cognitive dissonance.,self-reported contact|teachings|photographs or artifacts claimed by participant,self_reported_contact,,mixed_claims_need_independent_verification,,"Contact claims are not independently verified; several cases involve documented hoaxes, failed prophecies, or cultic harm.",,,Biographical or case overview,https://en.wikipedia.org/wiki/Dorothy_Martin,secondary_reference,Contactee movement overview,https://en.wikipedia.org/wiki/Contactee,secondary_reference,2,census,uap_person_dorothy_martin,,,2026-09-14,Dates may be year-only or month-only where day precision was not verified.,
UP-0356,Ernest L. Norman,,1904-11-11,1971-12-06,deceased,contactee_or_religious_figure,contactee|experiencer|religion|channeling,2_major,International,1954–1971,1954,1971,1954: Unarius founded,Unarius Academy of Science,contactee or religious figure,The Truth About Mars|Unarius teachings,claimed_contact_or_revelation,,Co-founded Unarius and claimed clairvoyant communication with advanced beings and past lives.,Co-founded Unarius and claimed clairvoyant communication with advanced beings and past lives.,self-reported contact|teachings|photographs or artifacts claimed by participant,self_reported_contact,,mixed_claims_need_independent_verification,,"Contact claims are not independently verified; several cases involve documented hoaxes, failed prophecies, or cultic harm.",,,Biographical or case overview,https://en.wikipedia.org/wiki/Ernest_L._Norman,secondary_reference,Contactee movement overview,https://en.wikipedia.org/wiki/Contactee,secondary_reference,2,census,uap_person_ernest_l_norman,,,2026-09-14,Dates may be year-only or month-only where day precision was not verified.,
UP-0357,Ruth E. Norman,Uriel,1900-08-18,1993-07-12,deceased,contactee_or_religious_figure,contactee|experiencer|religion|channeling,2_major,International,1954–1993,1954,1993,1971: became Unarius leader|2001: expected landing passed,Unarius Academy of Science,contactee or religious figure,Unarius teachings and public pageants,claimed_contact_or_revelation,,"Led Unarius after Ernest Norman and predicted public arrival of space brothers, which did not occur.","Led Unarius after Ernest Norman and predicted public arrival of space brothers, which did not occur.",self-reported contact|teachings|photographs or artifacts claimed by participant,self_reported_contact,,mixed_claims_need_independent_verification,,"Contact claims are not independently verified; several cases involve documented hoaxes, failed prophecies, or cultic harm.",,,Biographical or case overview,https://en.wikipedia.org/wiki/Ruth_E._Norman,secondary_reference,Contactee movement overview,https://en.wikipedia.org/wiki/Contactee,secondary_reference,2,census,uap_person_ruth_e_norman,,,2026-09-14,Dates may be year-only or month-only where day precision was not verified.,
UP-0358,Wayne Sulo Aho,,1916-08-24,2006-01-16,deceased,contactee_or_religious_figure,contactee|experiencer|religion|channeling,2_major,International,1950–2006,1950,2006,1957: contactee lecture prominence,U.S. Army veteran|contactee lecturer,contactee or religious figure,Contactee conventions and lectures,claimed_contact_or_revelation,,Claimed contact and promoted peaceful space-brother messages on the 1950s lecture circuit.,Claimed contact and promoted peaceful space-brother messages on the 1950s lecture circuit.,self-reported contact|teachings|photographs or artifacts claimed by participant,self_reported_contact,,mixed_claims_need_independent_verification,,"Contact claims are not independently verified; several cases involve documented hoaxes, failed prophecies, or cultic harm.",,,Biographical or case overview,https://en.wikipedia.org/wiki/Wayne_Sulo_Aho,secondary_reference,Contactee movement overview,https://en.wikipedia.org/wiki/Contactee,secondary_reference,2,census,uap_person_wayne_sulo_aho,,,2026-09-14,Dates may be year-only or month-only where day precision was not verified.,
UP-0359,Aladino Félix,Dino Kraspedon,1920-03-01,1985-11-11,deceased,contactee_or_religious_figure,contactee|experiencer|religion|channeling,2_major,International,1950–1968,1950,1968,1959: contact claims|1967–1968: bombings,Brazilian contactee and cult leader,contactee or religious figure,UFO and apocalyptic claims,claimed_contact_or_revelation,,Claimed extraterrestrial contact and led a violent apocalyptic group; convicted in connection with bombings and crimes.,Claimed extraterrestrial contact and led a violent apocalyptic group; convicted in connection with bombings and crimes.,self-reported contact|teachings|photographs or artifacts claimed by participant,self_reported_contact,,mixed_claims_need_independent_verification,,"Contact claims are not independently verified; several cases involve documented hoaxes, failed prophecies, or cultic harm.",,,Biographical or case overview,https://en.wikipedia.org/wiki/Aladino_F%C3%A9lix,secondary_reference,Contactee movement overview,https://en.wikipedia.org/wiki/Contactee,secondary_reference,2,census,uap_person_aladino_felix,,,2026-09-14,Dates may be year-only or month-only where day precision was not verified.,
UP-0360,Reinhold O. Schmidt,,1897,1974,deceased,contactee_or_religious_figure,contactee|experiencer|religion|channeling,2_major,International,1957–1974,1957,1974,1957-11-05: claimed Kearney contact,Contactee lecturer,contactee or religious figure,Saturnian contact claims,claimed_contact_or_revelation,,Claimed contact with occupants of a landed craft; later convicted of fraud in an unrelated oil scheme.,Claimed contact with occupants of a landed craft; later convicted of fraud in an unrelated oil scheme.,self-reported contact|teachings|photographs or artifacts claimed by participant,self_reported_contact,,mixed_claims_need_independent_verification,,"Contact claims are not independently verified; several cases involve documented hoaxes, failed prophecies, or cultic harm.",,,Biographical or case overview,https://en.wikipedia.org/wiki/Reinhold_O._Schmidt,secondary_reference,Contactee movement overview,https://en.wikipedia.org/wiki/Contactee,secondary_reference,2,census,uap_person_reinhold_o_schmidt,,,2026-09-14,Dates may be year-only or month-only where day precision was not verified.,
UP-0361,Samuel Eaton Thompson,,1895,1971,deceased,contactee_or_religious_figure,contactee|experiencer|religion|channeling,2_major,International,1950–1971,1950,1971,1950-03-28: claimed encounter,Contactee,contactee or religious figure,1950 Washington contact claim,claimed_contact_or_revelation,,Reported repeated encounters with attractive Venusians; account influenced later contactee narratives.,Reported repeated encounters with attractive Venusians; account influenced later contactee narratives.,self-reported contact|teachings|photographs or artifacts claimed by participant,self_reported_contact,,mixed_claims_need_independent_verification,,"Contact claims are not independently verified; several cases involve documented hoaxes, failed prophecies, or cultic harm.",,,Biographical or case overview,https://en.wikipedia.org/wiki/Samuel_Eaton_Thompson,secondary_reference,Contactee movement overview,https://en.wikipedia.org/wiki/Contactee,secondary_reference,2,census,uap_person_samuel_eaton_thompson,,,2026-09-14,Dates may be year-only or month-only where day precision was not verified.,
UP-0362,Jean Miguères,,1939,1992,deceased,contactee_or_religious_figure,contactee|experiencer|religion|channeling,2_major,International,1969–1992,1969,1992,1969: claimed contact,French contactee,contactee or religious figure,Extraterrestrial contact writings,claimed_contact_or_revelation,,Claimed contact with extraterrestrials and founded groups around those messages.,Claimed contact with extraterrestrials and founded groups around those messages.,self-reported contact|teachings|photographs or artifacts claimed by participant,self_reported_contact,,mixed_claims_need_independent_verification,,"Contact claims are not independently verified; several cases involve documented hoaxes, failed prophecies, or cultic harm.",,,Biographical or case overview,https://en.wikipedia.org/wiki/Jean_Migu%C3%A8res,secondary_reference,Contactee movement overview,https://en.wikipedia.org/wiki/Contactee,secondary_reference,2,census,uap_person_jean_migueres,,,2026-09-14,Dates may be year-only or month-only where day precision was not verified.,
UP-0363,Sixto Paz Wells,,1955-12-12,,,contactee_or_religious_figure,contactee|experiencer|religion|channeling,2_major,International,1974–present,1974,present,1974: claimed contact and Mission Rahma,Mission Rahma,contactee or religious figure,Contact from the Pleiades|group expeditions,claimed_contact_or_revelation,,Peruvian contactee who claims telepathic communication and organized international group-contact expeditions.,Peruvian contactee who claims telepathic communication and organized international group-contact expeditions.,self-reported contact|teachings|photographs or artifacts claimed by participant,self_reported_contact,,mixed_claims_need_independent_verification,,"Contact claims are not independently verified; several cases involve documented hoaxes, failed prophecies, or cultic harm.",,,Biographical or case overview,https://en.wikipedia.org/wiki/Sixto_Paz_Wells,secondary_reference,Contactee movement overview,https://en.wikipedia.org/wiki/Contactee,secondary_reference,2,census,uap_person_sixto_paz_wells,,,2026-09-14,Dates may be year-only or month-only where day precision was not verified.,
UP-0364,Ricardo González Corpancho,Ricardo Gonzalez,1974,,,contactee_or_religious_figure,contactee|experiencer|religion|channeling,2_major,International,1988–present,1988,present,1988: claimed contact,Peruvian contactee and author,contactee or religious figure,UFO contact books and lectures,claimed_contact_or_revelation,,Claims recurring extraterrestrial contact and lectures internationally on contact narratives.,Claims recurring extraterrestrial contact and lectures internationally on contact narratives.,self-reported contact|teachings|photographs or artifacts claimed by participant,self_reported_contact,,mixed_claims_need_independent_verification,,"Contact claims are not independently verified; several cases involve documented hoaxes, failed prophecies, or cultic harm.",,,Biographical or case overview,https://en.wikipedia.org/wiki/Ricardo_Gonz%C3%A1lez_Corpancho,secondary_reference,Contactee movement overview,https://en.wikipedia.org/wiki/Contactee,secondary_reference,2,census,uap_person_ricardo_gonzalez_corpancho,,,2026-09-14,Dates may be year-only or month-only where day precision was not verified.,
UP-0365,Nancy Lieder,,1942,,,contactee_or_religious_figure,contactee|experiencer|religion|channeling,2_major,International,1995–present,1995,present,1995: ZetaTalk launched|2003: failed pole-shift prediction,ZetaTalk,contactee or religious figure,ZetaTalk|Planet X predictions,claimed_contact_or_revelation,,Claims telepathic communication with Zetas and predicted a 2003 pole shift that did not occur.,Claims telepathic communication with Zetas and predicted a 2003 pole shift that did not occur.,self-reported contact|teachings|photographs or artifacts claimed by participant,self_reported_contact,,mixed_claims_need_independent_verification,,"Contact claims are not independently verified; several cases involve documented hoaxes, failed prophecies, or cultic harm.",,,Biographical or case overview,https://en.wikipedia.org/wiki/Nancy_Lieder,secondary_reference,Contactee movement overview,https://en.wikipedia.org/wiki/Contactee,secondary_reference,2,census,uap_person_nancy_lieder,,,2026-09-14,Dates may be year-only or month-only where day precision was not verified.,
UP-0366,Darrel Sims,The Alien Hunter,,,,contactee_or_religious_figure,contactee|experiencer|religion|channeling,2_major,International,1990–present,1990,present,1990s: public abduction investigations,Former military police|private investigator,contactee or religious figure,Alien Hunter|implant claims,claimed_contact_or_revelation,,Experiencer and investigator who claims to recover evidence of alien implants; scientific validation is lacking.,Experiencer and investigator who claims to recover evidence of alien implants; scientific validation is lacking.,self-reported contact|teachings|photographs or artifacts claimed by participant,self_reported_contact,,mixed_claims_need_independent_verification,,"Contact claims are not independently verified; several cases involve documented hoaxes, failed prophecies, or cultic harm.",,,Biographical or case overview,https://en.wikipedia.org/wiki/Darrel_Sims,secondary_reference,Contactee movement overview,https://en.wikipedia.org/wiki/Contactee,secondary_reference,2,census,uap_person_darrel_sims,,,2026-09-14,Biographical dates not confidently verified in this pass; see key_event_dates.,
UP-0367,Whitley Strieber,,1945-06-13,,active,contactee_or_religious_figure,contactee|experiencer|religion|channeling,2_major,International,1985–present,1985,present,1985-12-26: central claimed encounter|1987: Communion,Novelist|experiencer|Dreamland|Unknown Country,contactee or religious figure,Communion|Transformation|Unknown Country|Communion (1987)|The Key|Dreamland,claimed_contact_or_revelation,experiencer,Reports recurring nonhuman encounters and became one of the most influential literary experiencer voices.,Reports recurring nonhuman encounters and became one of the most influential literary experiencer voices.,self-reported contact|teachings|photographs or artifacts claimed by participant,self_reported_contact,firsthand_claim,mixed_claims_need_independent_verification,high,"Contact claims are not independently verified; several cases involve documented hoaxes, failed prophecies, or cultic harm.",1987,POD-058|POD-057,Biographical or case overview,https://en.wikipedia.org/wiki/Whitley_Strieber,secondary_reference,Contactee movement overview,https://en.wikipedia.org/wiki/Contactee,secondary_reference,2,census+seed,uap_person_whitley_strieber,PER-116,merged (exact),2026-09-14,Dates may be year-only or month-only where day precision was not verified.,
UP-0368,Riley Martin,,1946-05-09,2015-12-22,deceased,contactee_or_religious_figure,contactee|experiencer|religion|channeling,2_major,International,1953–2015,1953,2015,1953: claimed first contact|2000s: Sirius radio,SiriusXM|Howard Stern channels,contactee or religious figure,The Coming of Tan|The Riley Martin Show,claimed_contact_or_revelation,,Claimed repeated alien contacts and hosted a distinctive radio program about them.,Claimed repeated alien contacts and hosted a distinctive radio program about them.,self-reported contact|teachings|photographs or artifacts claimed by participant,self_reported_contact,,mixed_claims_need_independent_verification,,"Contact claims are not independently verified; several cases involve documented hoaxes, failed prophecies, or cultic harm.",,,Biographical or case overview,https://en.wikipedia.org/wiki/Riley_Martin,secondary_reference,Contactee movement overview,https://en.wikipedia.org/wiki/Contactee,secondary_reference,2,census,uap_person_riley_martin,,,2026-09-14,Dates may be year-only or month-only where day precision was not verified.,
UP-0369,Philip J. Klass,,1919-11-08,2005-08-09,deceased,skeptic_or_critical_analyst,skepticism|debunking|critical analysis|science communication,2_major,International,1966–2005,1966,2005,1966: first UFO book|1976: CSICOP founded,Aviation Week & Space Technology|CSICOP,skeptic or critical analyst,UFOs—Identified|UFO Abductions: A Dangerous Game,skeptical_or_conventional,,"Influential critic who proposed plasma, misidentification, and sociological explanations; criticized for aggressive tactics and occasional overreach.","Influential critic who proposed plasma, misidentification, and sociological explanations; criticized for aggressive tactics and occasional overreach.",technical analysis|historical research|psychology|science communication,critical_analysis,,moderate_contextual,,Skeptical explanations can also be incomplete; unresolved does not automatically imply extraordinary origin.,,,Biographical or case overview,https://en.wikipedia.org/wiki/Philip_J._Klass,secondary_reference,Skeptical Inquirer guide to UAP video analysis,https://skepticalinquirer.org/2024/12/quick-guide-to-modern-video-analysis-techniques-for-uap-and-ufos/,secondary_analysis,2,census,uap_person_philip_j_klass,,,2026-09-14,Dates may be year-only or month-only where day precision was not verified.,
UP-0370,Donald H. Menzel,,1901-04-11,1976-12-14,deceased,skeptic_or_critical_analyst,skepticism|debunking|critical analysis|science communication,2_major,International,1952–1976,1952,1976,1953: Flying Saucers,Harvard College Observatory,skeptic or critical analyst,Flying Saucers|The World of Flying Saucers,skeptical_or_conventional,,"Astronomer who argued sightings arose from atmospheric optics, astronomy, and misperception.","Astronomer who argued sightings arose from atmospheric optics, astronomy, and misperception.",technical analysis|historical research|psychology|science communication,critical_analysis,,moderate_contextual,,Skeptical explanations can also be incomplete; unresolved does not automatically imply extraordinary origin.,,,Biographical or case overview,https://en.wikipedia.org/wiki/Donald_H._Menzel,secondary_reference,Skeptical Inquirer guide to UAP video analysis,https://skepticalinquirer.org/2024/12/quick-guide-to-modern-video-analysis-techniques-for-uap-and-ufos/,secondary_analysis,2,census,uap_person_donald_h_menzel,,,2026-09-14,Dates may be year-only or month-only where day precision was not verified.,
UP-0371,Robert Sheaffer,,1949,,active,skeptic_or_critical_analyst,skepticism|debunking|critical analysis|science communication,2_major,International,1970–present,1970,present,1970s: skeptical UFO writing,Committee for Skeptical Inquiry,skeptic or critical analyst,UFO Sightings|Psychic Vibrations|Bad UFOs blog|Psychic Vibrations column,skeptical_or_conventional,skeptic_prosaic,"Longtime critic emphasizing misidentification, unreliable testimony, and weak photographic evidence.","Longtime critic emphasizing misidentification, unreliable testimony, and weak photographic evidence.",technical analysis|historical research|psychology|science communication,critical_analysis,skeptical_analysis,moderate_contextual,medium,Skeptical explanations can also be incomplete; unresolved does not automatically imply extraordinary origin.,1977,,Biographical or case overview,https://en.wikipedia.org/wiki/Robert_Sheaffer,secondary_reference,Skeptical Inquirer guide to UAP video analysis,https://skepticalinquirer.org/2024/12/quick-guide-to-modern-video-analysis-techniques-for-uap-and-ufos/,secondary_analysis,2,census+seed,uap_person_robert_sheaffer,PER-077,merged (exact),2026-09-14,Dates may be year-only or month-only where day precision was not verified.,
UP-0372,Mick West,,1967,,active,skeptic_or_critical_analyst,skepticism|debunking|critical analysis|science communication,2_major,International,2011–present,2011,present,2017: TTSA video analyses|2018: book,Metabunk|former video-game developer,skeptic or critical analyst,Metabunk analyses|Escaping the Rabbit Hole|Escaping the Rabbit Hole (2018)|video analyses of Gimbal/GoFast/FLIR1,skeptical_or_conventional,skeptic_prosaic,"Analyzes UAP videos using geometry, sensor behavior, flight data, and open-source reconstruction, often finding conventional explanations.","Analyzes UAP videos using geometry, sensor behavior, flight data, and open-source reconstruction, often finding conventional explanations.",technical analysis|historical research|psychology|science communication,critical_analysis,skeptical_analysis,moderate_contextual,high,Skeptical explanations can also be incomplete; unresolved does not automatically imply extraordinary origin.,2017,POD-064,Biographical or case overview,https://en.wikipedia.org/wiki/Mick_West,secondary_reference,Skeptical Inquirer guide to UAP video analysis,https://skepticalinquirer.org/2024/12/quick-guide-to-modern-video-analysis-techniques-for-uap-and-ufos/,secondary_analysis,2,census+seed,uap_person_mick_west,PER-078,merged (exact),2026-09-14,Dates may be year-only or month-only where day precision was not verified.,
UP-0373,James Oberg,,1944-11-07,,,skeptic_or_critical_analyst,skepticism|debunking|critical analysis|science communication,2_major,International,1970–present,1970,present,1970s: UFO case analysis,NASA mission control (former)|space journalist,skeptic or critical analyst,UFOs and Outer Space Mysteries|case analyses,skeptical_or_conventional,,"Explains astronaut and missile-era UFO reports through aerospace operations, reentries, and perception.","Explains astronaut and missile-era UFO reports through aerospace operations, reentries, and perception.",technical analysis|historical research|psychology|science communication,critical_analysis,,moderate_contextual,,Skeptical explanations can also be incomplete; unresolved does not automatically imply extraordinary origin.,,,Biographical or case overview,https://en.wikipedia.org/wiki/James_Oberg,secondary_reference,Skeptical Inquirer guide to UAP video analysis,https://skepticalinquirer.org/2024/12/quick-guide-to-modern-video-analysis-techniques-for-uap-and-ufos/,secondary_analysis,2,census,uap_person_james_oberg,,,2026-09-14,Dates may be year-only or month-only where day precision was not verified.,
UP-0374,Ian Ridpath,,1947-05-01,,,skeptic_or_critical_analyst,skepticism|debunking|critical analysis|science communication,2_major,International,1980–present,1980,present,1983: Rendlesham analysis,Astronomy writer|Rendlesham researcher,skeptic or critical analyst,Rendlesham Forest analyses,skeptical_or_conventional,,"Argues the Rendlesham case can be explained by stars, a lighthouse, meteors, and misperception, plus later memory elaboration.","Argues the Rendlesham case can be explained by stars, a lighthouse, meteors, and misperception, plus later memory elaboration.",technical analysis|historical research|psychology|science communication,critical_analysis,,moderate_contextual,,Skeptical explanations can also be incomplete; unresolved does not automatically imply extraordinary origin.,,,Biographical or case overview,https://en.wikipedia.org/wiki/Ian_Ridpath,secondary_reference,Skeptical Inquirer guide to UAP video analysis,https://skepticalinquirer.org/2024/12/quick-guide-to-modern-video-analysis-techniques-for-uap-and-ufos/,secondary_analysis,2,census,uap_person_ian_ridpath,,,2026-09-14,Dates may be year-only or month-only where day precision was not verified.,
UP-0375,Brian Dunning,,1965,,,skeptic_or_critical_analyst,skepticism|debunking|critical analysis|science communication,2_major,International,2006–present,2006,present,2006: Skeptoid launched,Skeptoid,skeptic or critical analyst,Skeptoid podcast|UFO documentary criticism,skeptical_or_conventional,,"Produces skeptical case summaries emphasizing source quality, hoaxes, folklore, and ordinary explanations.","Produces skeptical case summaries emphasizing source quality, hoaxes, folklore, and ordinary explanations.",technical analysis|historical research|psychology|science communication,critical_analysis,,moderate_contextual,,Skeptical explanations can also be incomplete; unresolved does not automatically imply extraordinary origin.,,,Biographical or case overview,https://en.wikipedia.org/wiki/Brian_Dunning,secondary_reference,Skeptical Inquirer guide to UAP video analysis,https://skepticalinquirer.org/2024/12/quick-guide-to-modern-video-analysis-techniques-for-uap-and-ufos/,secondary_analysis,2,census,uap_person_brian_dunning,,,2026-09-14,Dates may be year-only or month-only where day precision was not verified.,
UP-0376,Jason Colavito,,1981,,active,skeptic_or_critical_analyst,skepticism|debunking|critical analysis|science communication,2_major,International,2005–present,2005,present,2005: The Cult of Alien Gods,Independent author and critic,skeptic or critical analyst,The Cult of Alien Gods|skeptical journalism|Critical analyses of ancient-astronaut and UFO claims,skeptical_or_conventional,skeptic_prosaic,"Critiques ancient-astronaut media, UAP documentaries, and pseudohistory using primary-source and historiographic analysis.","Critiques ancient-astronaut media, UAP documentaries, and pseudohistory using primary-source and historiographic analysis.",technical analysis|historical research|psychology|science communication,critical_analysis,skeptical_analysis,moderate_contextual,medium,Skeptical explanations can also be incomplete; unresolved does not automatically imply extraordinary origin.,2010,,Biographical or case overview,https://en.wikipedia.org/wiki/Jason_Colavito,secondary_reference,Skeptical Inquirer guide to UAP video analysis,https://skepticalinquirer.org/2024/12/quick-guide-to-modern-video-analysis-techniques-for-uap-and-ufos/,secondary_analysis,2,census+seed,uap_person_jason_colavito,PER-076,merged (exact),2026-09-14,Dates may be year-only or month-only where day precision was not verified.,
UP-0377,Michael Shermer,,1954-09-08,,active,skeptic_or_critical_analyst,skepticism|debunking|critical analysis|science communication,2_major,International,1990–present,1990,present,1997: Why People Believe Weird Things,Skeptics Society|Skeptic magazine|Skeptic Magazine / The Skeptics Society|Chapman University,skeptic or critical analyst,Why People Believe Weird Things|media commentary|Truth (2026),skeptical_or_conventional,skeptic_prosaic,Argues extraordinary UAP claims require publicly testable evidence and highlights cognitive and social drivers of belief.,Argues extraordinary UAP claims require publicly testable evidence and highlights cognitive and social drivers of belief.,technical analysis|historical research|psychology|science communication,critical_analysis,skeptical_analysis,moderate_contextual,high,Skeptical explanations can also be incomplete; unresolved does not automatically imply extraordinary origin.,1992,POD-005,Biographical or case overview,https://en.wikipedia.org/wiki/Michael_Shermer,secondary_reference,Skeptical Inquirer guide to UAP video analysis,https://skepticalinquirer.org/2024/12/quick-guide-to-modern-video-analysis-techniques-for-uap-and-ufos/,secondary_analysis,2,census+seed,uap_person_michael_shermer,PER-207,merged (exact),2026-09-14,Dates may be year-only or month-only where day precision was not verified.,
UP-0378,Joe Nickell,,1944-12-01,2025-03-04,deceased,skeptic_or_critical_analyst,skepticism|debunking|critical analysis|science communication,2_major,International,1970–2025,1970,2025,1970s: skeptical investigations,Center for Inquiry|Skeptical Inquirer,skeptic or critical analyst,Real-Life X-Files|case investigations,skeptical_or_conventional,,"Conducted field investigations favoring forensic, historical, and perceptual explanations for UFO and paranormal claims.","Conducted field investigations favoring forensic, historical, and perceptual explanations for UFO and paranormal claims.",technical analysis|historical research|psychology|science communication,critical_analysis,,moderate_contextual,,Skeptical explanations can also be incomplete; unresolved does not automatically imply extraordinary origin.,,,Biographical or case overview,https://en.wikipedia.org/wiki/Joe_Nickell,secondary_reference,Skeptical Inquirer guide to UAP video analysis,https://skepticalinquirer.org/2024/12/quick-guide-to-modern-video-analysis-techniques-for-uap-and-ufos/,secondary_analysis,2,census,uap_person_joe_nickell,,,2026-09-14,Dates may be year-only or month-only where day precision was not verified.,
UP-0379,Benjamin Radford,,1970-10-02,,,skeptic_or_critical_analyst,skepticism|debunking|critical analysis|science communication,2_major,International,1990–present,1990,present,1990s: skeptical investigations,Center for Inquiry|Skeptical Inquirer,skeptic or critical analyst,Scientific Paranormal Investigation,skeptical_or_conventional,,"Applies investigative and psychological methods to extraordinary claims, including UFO and alien reports.","Applies investigative and psychological methods to extraordinary claims, including UFO and alien reports.",technical analysis|historical research|psychology|science communication,critical_analysis,,moderate_contextual,,Skeptical explanations can also be incomplete; unresolved does not automatically imply extraordinary origin.,,,Biographical or case overview,https://en.wikipedia.org/wiki/Benjamin_Radford,secondary_reference,Skeptical Inquirer guide to UAP video analysis,https://skepticalinquirer.org/2024/12/quick-guide-to-modern-video-analysis-techniques-for-uap-and-ufos/,secondary_analysis,2,census,uap_person_benjamin_radford,,,2026-09-14,Dates may be year-only or month-only where day precision was not verified.,
UP-0380,Seth Shostak,,1943-07-20,,,skeptic_or_critical_analyst,skepticism|debunking|critical analysis|science communication,2_major,International,1990–present,1990,present,1990s: public SETI/UFO commentary,SETI Institute,skeptic or critical analyst,SETI research|science commentary,skeptical_or_conventional,,Supports searches for extraterrestrial intelligence but says UAP claims need reproducible evidence and are not equivalent to SETI detections.,Supports searches for extraterrestrial intelligence but says UAP claims need reproducible evidence and are not equivalent to SETI detections.,technical analysis|historical research|psychology|science communication,critical_analysis,,moderate_contextual,,Skeptical explanations can also be incomplete; unresolved does not automatically imply extraordinary origin.,,,Biographical or case overview,https://en.wikipedia.org/wiki/Seth_Shostak,secondary_reference,Skeptical Inquirer guide to UAP video analysis,https://skepticalinquirer.org/2024/12/quick-guide-to-modern-video-analysis-techniques-for-uap-and-ufos/,secondary_analysis,2,census,uap_person_seth_shostak,,,2026-09-14,Dates may be year-only or month-only where day precision was not verified.,
UP-0381,Neil deGrasse Tyson,,1958-10-05,,,skeptic_or_critical_analyst,skepticism|debunking|critical analysis|science communication,2_major,International,2010–present,2010,present,2010s: recurring UAP commentary,American Museum of Natural History|StarTalk,skeptic or critical analyst,StarTalk UAP commentary,skeptical_or_conventional,,"Emphasizes sensor quality, physical evidence, and the danger of treating “unidentified” as “alien.”","Emphasizes sensor quality, physical evidence, and the danger of treating “unidentified” as “alien.”",technical analysis|historical research|psychology|science communication,critical_analysis,,moderate_contextual,,Skeptical explanations can also be incomplete; unresolved does not automatically imply extraordinary origin.,,,Biographical or case overview,https://en.wikipedia.org/wiki/Neil_deGrasse_Tyson,secondary_reference,Skeptical Inquirer guide to UAP video analysis,https://skepticalinquirer.org/2024/12/quick-guide-to-modern-video-analysis-techniques-for-uap-and-ufos/,secondary_analysis,2,census,uap_person_neil_degrasse_tyson,,,2026-09-14,Dates may be year-only or month-only where day precision was not verified.,
UP-0382,Phil Plait,,1964-09-30,,,skeptic_or_critical_analyst,skepticism|debunking|critical analysis|science communication,2_major,International,1998–present,1998,present,1998: Bad Astronomy site,Astronomer|Bad Astronomy,skeptic or critical analyst,Bad Astronomy|science commentary,skeptical_or_conventional,,"Explains many sightings through astronomy, optics, launches, and camera artifacts while supporting careful inquiry.","Explains many sightings through astronomy, optics, launches, and camera artifacts while supporting careful inquiry.",technical analysis|historical research|psychology|science communication,critical_analysis,,moderate_contextual,,Skeptical explanations can also be incomplete; unresolved does not automatically imply extraordinary origin.,,,Biographical or case overview,https://en.wikipedia.org/wiki/Phil_Plait,secondary_reference,Skeptical Inquirer guide to UAP video analysis,https://skepticalinquirer.org/2024/12/quick-guide-to-modern-video-analysis-techniques-for-uap-and-ufos/,secondary_analysis,2,census,uap_person_phil_plait,,,2026-09-14,Dates may be year-only or month-only where day precision was not verified.,
UP-0383,Susan Gerbic,,1962-08-08,,,skeptic_or_critical_analyst,skepticism|debunking|critical analysis|science communication,2_major,International,2010–present,2010,present,2010: GSoW founded,Guerrilla Skepticism on Wikipedia|Center for Inquiry,skeptic or critical analyst,Skeptical activism and media,skeptical_or_conventional,,Organizes evidence-focused critique of paranormal and UFO personalities and claims.,Organizes evidence-focused critique of paranormal and UFO personalities and claims.,technical analysis|historical research|psychology|science communication,critical_analysis,,moderate_contextual,,Skeptical explanations can also be incomplete; unresolved does not automatically imply extraordinary origin.,,,Biographical or case overview,https://en.wikipedia.org/wiki/Susan_Gerbic,secondary_reference,Skeptical Inquirer guide to UAP video analysis,https://skepticalinquirer.org/2024/12/quick-guide-to-modern-video-analysis-techniques-for-uap-and-ufos/,secondary_analysis,2,census,uap_person_susan_gerbic,,,2026-09-14,Dates may be year-only or month-only where day precision was not verified.,
UP-0384,Massimo Polidoro,,1969-03-10,,,skeptic_or_critical_analyst,skepticism|debunking|critical analysis|science communication,2_major,International,1990–present,1990,present,1990: CICAP co-founded,CICAP|science writer,skeptic or critical analyst,Italian skeptical books and television,skeptical_or_conventional,,Investigates extraordinary claims and promotes controlled testing and source criticism.,Investigates extraordinary claims and promotes controlled testing and source criticism.,technical analysis|historical research|psychology|science communication,critical_analysis,,moderate_contextual,,Skeptical explanations can also be incomplete; unresolved does not automatically imply extraordinary origin.,,,Biographical or case overview,https://en.wikipedia.org/wiki/Massimo_Polidoro,secondary_reference,Skeptical Inquirer guide to UAP video analysis,https://skepticalinquirer.org/2024/12/quick-guide-to-modern-video-analysis-techniques-for-uap-and-ufos/,secondary_analysis,2,census,uap_person_massimo_polidoro,,,2026-09-14,Dates may be year-only or month-only where day precision was not verified.,
UP-0385,Robert Bartholomew,,1958,,,skeptic_or_critical_analyst,skepticism|debunking|critical analysis|science communication,2_major,International,1990–present,1990,present,1990s: UFO sociology publications,Medical sociologist|academic author,skeptic or critical analyst,Havana Syndrome|mass psychogenic illness studies,skeptical_or_conventional,,"Analyzes sighting waves and encounter narratives through sociology, folklore, and collective behavior.","Analyzes sighting waves and encounter narratives through sociology, folklore, and collective behavior.",technical analysis|historical research|psychology|science communication,critical_analysis,,moderate_contextual,,Skeptical explanations can also be incomplete; unresolved does not automatically imply extraordinary origin.,,,Biographical or case overview,https://en.wikipedia.org/wiki/Robert_Bartholomew,secondary_reference,Skeptical Inquirer guide to UAP video analysis,https://skepticalinquirer.org/2024/12/quick-guide-to-modern-video-analysis-techniques-for-uap-and-ufos/,secondary_analysis,2,census,uap_person_robert_bartholomew,,,2026-09-14,Dates may be year-only or month-only where day precision was not verified.,
UP-0386,Curtis Peebles,,1955-05-04,2017-06-25,deceased,skeptic_or_critical_analyst,skepticism|debunking|critical analysis|science communication,2_major,International,1980–2017,1980,2017,1994: Watch the Skies!,Aerospace historian|Smithsonian contributor,skeptic or critical analyst,Watch the Skies!,skeptical_or_conventional,,"Historian who interpreted UFO belief as cultural history shaped by the Cold War, media, and recurring legend patterns.","Historian who interpreted UFO belief as cultural history shaped by the Cold War, media, and recurring legend patterns.",technical analysis|historical research|psychology|science communication,critical_analysis,,moderate_contextual,,Skeptical explanations can also be incomplete; unresolved does not automatically imply extraordinary origin.,,,Biographical or case overview,https://en.wikipedia.org/wiki/Curtis_Peebles,secondary_reference,Skeptical Inquirer guide to UAP video analysis,https://skepticalinquirer.org/2024/12/quick-guide-to-modern-video-analysis-techniques-for-uap-and-ufos/,secondary_analysis,2,census,uap_person_curtis_peebles,,,2026-09-14,Dates may be year-only or month-only where day precision was not verified.,
UP-0387,Allan Hendry,,1950,,,skeptic_or_critical_analyst,skepticism|debunking|critical analysis|science communication,2_major,International,1976–present,1976,present,1976–1978: CUFOS investigator|1979: book,Center for UFO Studies,skeptic or critical analyst,The UFO Handbook,skeptical_or_conventional,,"Investigated more than a thousand reports and found most explainable, while carefully documenting a small residual.","Investigated more than a thousand reports and found most explainable, while carefully documenting a small residual.",technical analysis|historical research|psychology|science communication,critical_analysis,,moderate_contextual,,Skeptical explanations can also be incomplete; unresolved does not automatically imply extraordinary origin.,,,Biographical or case overview,https://en.wikipedia.org/wiki/Allan_Hendry,secondary_reference,Skeptical Inquirer guide to UAP video analysis,https://skepticalinquirer.org/2024/12/quick-guide-to-modern-video-analysis-techniques-for-uap-and-ufos/,secondary_analysis,2,census,uap_person_allan_hendry,,,2026-09-14,Dates may be year-only or month-only where day precision was not verified.,
UP-0388,Steven Novella,,1964-07-29,,,skeptic_or_critical_analyst,skepticism|debunking|critical analysis|science communication,2_major,International,2005–present,2005,present,2005: SGU launched,Yale School of Medicine|The Skeptics’ Guide to the Universe,skeptic or critical analyst,Podcast and Neurologica UAP commentary,skeptical_or_conventional,,"Emphasizes Bayesian reasoning, perceptual error, and evidentiary standards in evaluating UAP claims.","Emphasizes Bayesian reasoning, perceptual error, and evidentiary standards in evaluating UAP claims.",technical analysis|historical research|psychology|science communication,critical_analysis,,moderate_contextual,,Skeptical explanations can also be incomplete; unresolved does not automatically imply extraordinary origin.,,,Biographical or case overview,https://en.wikipedia.org/wiki/Steven_Novella,secondary_reference,Skeptical Inquirer guide to UAP video analysis,https://skepticalinquirer.org/2024/12/quick-guide-to-modern-video-analysis-techniques-for-uap-and-ufos/,secondary_analysis,2,census,uap_person_steven_novella,,,2026-09-14,Dates may be year-only or month-only where day precision was not verified.,
UP-0389,David J. Halperin,,1947,,,skeptic_or_critical_analyst,skepticism|debunking|critical analysis|science communication,2_major,International,1960–present,1960,present,2020: Intimate Alien,Religious-studies scholar|author,skeptic or critical analyst,Intimate Alien|Journal of a UFO Investigator,skeptical_or_conventional,,"Interprets UFO narratives psychologically, religiously, and culturally while acknowledging their experiential power.","Interprets UFO narratives psychologically, religiously, and culturally while acknowledging their experiential power.",technical analysis|historical research|psychology|science communication,critical_analysis,,moderate_contextual,,Skeptical explanations can also be incomplete; unresolved does not automatically imply extraordinary origin.,,,Biographical or case overview,https://en.wikipedia.org/wiki/David_J._Halperin,secondary_reference,Skeptical Inquirer guide to UAP video analysis,https://skepticalinquirer.org/2024/12/quick-guide-to-modern-video-analysis-techniques-for-uap-and-ufos/,secondary_analysis,2,census,uap_person_david_j_halperin,,,2026-09-14,Dates may be year-only or month-only where day precision was not verified.,
UP-0390,C. G. Jung,Carl Gustav Jung,1875-07-26,1961-06-06,deceased,skeptic_or_critical_analyst,skepticism|debunking|critical analysis|science communication,2_major,International,1958–1961,1958,1961,1958: Flying Saucers published,Psychiatrist|analytical psychology,skeptic or critical analyst,Flying Saucers: A Modern Myth of Things Seen in the Skies,skeptical_or_conventional,,Treated flying-saucer reports as psychologically and mythically significant without reducing the question solely to physical craft.,Treated flying-saucer reports as psychologically and mythically significant without reducing the question solely to physical craft.,technical analysis|historical research|psychology|science communication,critical_analysis,,moderate_contextual,,Skeptical explanations can also be incomplete; unresolved does not automatically imply extraordinary origin.,,,Biographical or case overview,https://en.wikipedia.org/wiki/C._G._Jung,secondary_reference,Skeptical Inquirer guide to UAP video analysis,https://skepticalinquirer.org/2024/12/quick-guide-to-modern-video-analysis-techniques-for-uap-and-ufos/,secondary_analysis,2,census,uap_person_c_g_jung,,,2026-09-14,Dates may be year-only or month-only where day precision was not verified.,
UP-0391,Leon Festinger,,1919-05-08,1989-02-11,deceased,skeptic_or_critical_analyst,skepticism|debunking|critical analysis|science communication,2_major,International,1954–1956,1954,1956,1954: field study|1956: book,Social psychologist|University of Minnesota,skeptic or critical analyst,When Prophecy Fails,skeptical_or_conventional,,Used Dorothy Martin’s failed UFO prophecy to develop cognitive-dissonance theory.,Used Dorothy Martin’s failed UFO prophecy to develop cognitive-dissonance theory.,technical analysis|historical research|psychology|science communication,critical_analysis,,moderate_contextual,,Skeptical explanations can also be incomplete; unresolved does not automatically imply extraordinary origin.,,,Biographical or case overview,https://en.wikipedia.org/wiki/Leon_Festinger,secondary_reference,Skeptical Inquirer guide to UAP video analysis,https://skepticalinquirer.org/2024/12/quick-guide-to-modern-video-analysis-techniques-for-uap-and-ufos/,secondary_analysis,2,census,uap_person_leon_festinger,,,2026-09-14,Dates may be year-only or month-only where day precision was not verified.,
UP-0392,Richard Wiseman,,1966-09-17,,,skeptic_or_critical_analyst,skepticism|debunking|critical analysis|science communication,2_major,International,1990–present,1990,present,1990s: skeptical research,University of Hertfordshire|psychologist,skeptic or critical analyst,Paranormality|skeptical media,skeptical_or_conventional,,"Explains extraordinary experiences through psychology, illusion, memory, and expectation.","Explains extraordinary experiences through psychology, illusion, memory, and expectation.",technical analysis|historical research|psychology|science communication,critical_analysis,,moderate_contextual,,Skeptical explanations can also be incomplete; unresolved does not automatically imply extraordinary origin.,,,Biographical or case overview,https://en.wikipedia.org/wiki/Richard_Wiseman,secondary_reference,Skeptical Inquirer guide to UAP video analysis,https://skepticalinquirer.org/2024/12/quick-guide-to-modern-video-analysis-techniques-for-uap-and-ufos/,secondary_analysis,2,census,uap_person_richard_wiseman,,,2026-09-14,Dates may be year-only or month-only where day precision was not verified.,
UP-0393,Carl Sagan,,1934-11-09,1996-12-20,deceased,skeptic_or_critical_analyst,skepticism|debunking|critical analysis|science communication,2_major,International,1966–1996,1966,1996,1969: AAAS UFO symposium|1995: The Demon-Haunted World,Cornell University|CSICOP|SETI,skeptic or critical analyst,The Demon-Haunted World|1969 AAAS UFO symposium,skeptical_or_conventional,,Argued extraterrestrial life is plausible but UFO visitation claims require extraordinary evidence.,Argued extraterrestrial life is plausible but UFO visitation claims require extraordinary evidence.,technical analysis|historical research|psychology|science communication,critical_analysis,,moderate_contextual,,Skeptical explanations can also be incomplete; unresolved does not automatically imply extraordinary origin.,,,Biographical or case overview,https://en.wikipedia.org/wiki/Carl_Sagan,secondary_reference,Skeptical Inquirer guide to UAP video analysis,https://skepticalinquirer.org/2024/12/quick-guide-to-modern-video-analysis-techniques-for-uap-and-ufos/,secondary_analysis,2,census,uap_person_carl_sagan,,,2026-09-14,Dates may be year-only or month-only where day precision was not verified.,
UP-0394,Bob Lazar,Robert Lazar,1959-01-26,,active,military_intelligence_insider_or_claimant,military|intelligence|insider claim|disclosure,2_major,United States,1989–present,1989,present,1989-05: KLAS interviews,Self-described S-4/Area 51 physicist|United Nuclear|Area 51 / S-4 (claimed),military intelligence insider or claimant,1989 KLAS interviews|Bob Lazar documentary|Bob Lazar: Area 51 & Flying Saucers (2018),insider_claim_or_disclosure,proponent_nhi,Claims he worked on extraterrestrial craft near Area 51 and described element 115; key education and employment claims remain unverified or contradicted.,Claims he worked on extraterrestrial craft near Area 51 and described element 115; key education and employment claims remain unverified or contradicted.,personal testimony|employment records where available|public interviews,firsthand_or_secondhand_allegation,contested|firsthand_claim,mixed_claims_need_independent_verification,high,Employment or service history does not independently verify extraordinary claims; several accounts have major documentary or credibility disputes.,1989-05,POD-056|POD-001,Biographical or case overview,https://en.wikipedia.org/wiki/Bob_Lazar,secondary_reference,House UAP transparency and whistleblower hearing,https://oversight.house.gov/hearing/restoring-public-trust-through-uap-transparency-and-whistleblower-protection/,primary_official,2,census+seed,uap_person_bob_lazar,PER-034,merged (exact),2026-09-14,Dates may be year-only or month-only where day precision was not verified.,
UP-0395,Karl E. Nell,,,,active,military_intelligence_insider_or_claimant,military|intelligence|insider claim|disclosure,2_major,United States,2023–present,2023,present,2023-11: Sol Foundation talk|2024-05: SALT interview,U.S. Army|Army Futures Command|UAP Task Force liaison|UAP Task Force (liaison)|Anomaly Resolution,military intelligence insider or claimant,SALT and Sol Foundation talks|SALT conference remarks (2023)|Sol Foundation appearances,insider_claim_or_disclosure,proponent_nhi,Retired colonel who publicly says non-human intelligence has interacted with humanity and supports phased disclosure; public evidence is not supplied for the strongest claim.,Retired colonel who publicly says non-human intelligence has interacted with humanity and supports phased disclosure; public evidence is not supplied for the strongest claim.,personal testimony|employment records where available|public interviews,firsthand_or_secondhand_allegation,on_record_public|secondhand_allegation,mixed_claims_need_independent_verification,medium,Employment or service history does not independently verify extraordinary claims; several accounts have major documentary or credibility disputes.,2023-09,POD-002,Biographical or case overview,https://en.wikipedia.org/wiki/Karl_E._Nell,secondary_reference,House UAP transparency and whistleblower hearing,https://oversight.house.gov/hearing/restoring-public-trust-through-uap-transparency-and-whistleblower-protection/,primary_official,2,census+seed,uap_person_karl_e_nell,PER-014,merged (exact),2026-09-14,Biographical dates not confidently verified in this pass; see key_event_dates.,
UP-0396,Matthew Brown,,,,active,military_intelligence_insider_or_claimant,military|intelligence|insider claim|disclosure,2_major,United States,2024–present,2024,present,2024-11: Immaculate Constellation material entered House record|2025: identity public,U.S. government contractor (self-described)|public whistleblower|Vanguard Enterprise|Department of Defense (fmr)|Office of the Under Secretary of Defense for Policy,military intelligence insider or claimant,Immaculate Constellation document and interviews|American Alchemy interview (2026-08-29)|congressional whistleblower filings,insider_claim_or_disclosure,transparency_advocate,Publicly identifies himself as source of an alleged report describing a concealed UAP intelligence program; government authentication is unresolved.,Publicly identifies himself as source of an alleged report describing a concealed UAP intelligence program; government authentication is unresolved.,personal testimony|employment records where available|public interviews,firsthand_or_secondhand_allegation,contested|firsthand_claim|secondhand_allegation,mixed_claims_need_independent_verification,high,Employment or service history does not independently verify extraordinary claims; several accounts have major documentary or credibility disputes.,2024-11,POD-005,Biographical or case overview,https://en.wikipedia.org/wiki/Matthew_Brown,secondary_reference,House UAP transparency and whistleblower hearing,https://oversight.house.gov/hearing/restoring-public-trust-through-uap-transparency-and-whistleblower-protection/,primary_official,2,census+seed,uap_person_matthew_brown,PER-200,merged (exact),2026-09-14,Biographical dates not confidently verified in this pass; see key_event_dates.,
UP-0397,Jake Barber,,,,active,military_intelligence_insider_or_claimant,military|intelligence|insider claim|disclosure,2_major,United States,2025–present,2025,present,2025-01: claims publicized,U.S. Air Force veteran|Skywatcher|US Air Force (fmr),military intelligence insider or claimant,NewsNation interviews|Skywatcher claims|NewsNation 'Hunting UFOs' (2025-01-18)|American Alchemy interview (2025-01-30),insider_claim_or_disclosure,proponent_nhi,Claims participation in recovery of anomalous craft and describes psionic interactions; core evidence has not been independently verified.,Claims participation in recovery of anomalous craft and describes psionic interactions; core evidence has not been independently verified.,personal testimony|employment records where available|public interviews,firsthand_or_secondhand_allegation,on_record_public|contested,mixed_claims_need_independent_verification,high,Employment or service history does not independently verify extraordinary claims; several accounts have major documentary or credibility disputes.,2025-01-18,POD-005|POD-034|POD-008,Biographical or case overview,https://en.wikipedia.org/wiki/Jake_Barber,secondary_reference,House UAP transparency and whistleblower hearing,https://oversight.house.gov/hearing/restoring-public-trust-through-uap-transparency-and-whistleblower-protection/,primary_official,2,census+seed,uap_person_jake_barber,PER-003,merged (exact),2026-09-14,Biographical dates not confidently verified in this pass; see key_event_dates.,
UP-0398,Michael Herrera,,,,active,military_intelligence_insider_or_claimant,military|intelligence|insider claim|disclosure,2_major,United States,2023–present,2023,present,2009: alleged incident|2023-06: public testimony,U.S. Marine Corps veteran|US Marine Corps (fmr),military intelligence insider or claimant,2023 Disclosure Project testimony and interviews|Public testimony and podcast interviews (2023-),insider_claim_or_disclosure,proponent_nhi,Claims his unit encountered a covert platform and armed personnel in Indonesia in 2009; story lacks independent public corroboration.,Claims his unit encountered a covert platform and armed personnel in Indonesia in 2009; story lacks independent public corroboration.,personal testimony|employment records where available|public interviews,firsthand_or_secondhand_allegation,contested|firsthand_claim,mixed_claims_need_independent_verification,medium,Employment or service history does not independently verify extraordinary claims; several accounts have major documentary or credibility disputes.,2023,POD-005,Biographical or case overview,https://en.wikipedia.org/wiki/Michael_Herrera,secondary_reference,House UAP transparency and whistleblower hearing,https://oversight.house.gov/hearing/restoring-public-trust-through-uap-transparency-and-whistleblower-protection/,primary_official,2,census+seed,uap_person_michael_herrera,PER-013,merged (exact),2026-09-14,Biographical dates not confidently verified in this pass; see key_event_dates.,
UP-0399,Sarah Gamm,,,,active,military_intelligence_insider_or_claimant,military|intelligence|insider claim|disclosure,2_major,United States,2023–present,2023,present,2023: public interviews,"National Geospatial-Intelligence Agency (former, self-described)|UAP Task Force",military intelligence insider or claimant,Public interviews|That UFO Podcast interviews (2024-10),insider_claim_or_disclosure,proponent_anomaly,Says she analyzed UAP cases for the UAP Task Force and supports serious investigation; public detail is limited by classification claims.,Says she analyzed UAP cases for the UAP Task Force and supports serious investigation; public detail is limited by classification claims.,personal testimony|employment records where available|public interviews,firsthand_or_secondhand_allegation,on_record_public|official_experience,mixed_claims_need_independent_verification,high,Employment or service history does not independently verify extraordinary claims; several accounts have major documentary or credibility disputes.,2024-10,POD-003,Biographical or case overview,https://en.wikipedia.org/wiki/Sarah_Gamm,secondary_reference,House UAP transparency and whistleblower hearing,https://oversight.house.gov/hearing/restoring-public-trust-through-uap-transparency-and-whistleblower-protection/,primary_official,2,census+seed,uap_person_sarah_gamm,PER-213,merged (exact),2026-09-14,Biographical dates not confidently verified in this pass; see key_event_dates.,
UP-0400,Jonathan Weygandt,,,,,military_intelligence_insider_or_claimant,military|intelligence|insider claim|disclosure,2_major,United States,1997–present,1997,present,1997: public interview about alleged 1990s incident,U.S. Marine Corps veteran,military intelligence insider or claimant,1997 Peru crash-retrieval interview,insider_claim_or_disclosure,,Claims witnessing a crashed object and covert recovery in Peru; service context is partly documented but extraordinary details remain unverified.,Claims witnessing a crashed object and covert recovery in Peru; service context is partly documented but extraordinary details remain unverified.,personal testimony|employment records where available|public interviews,firsthand_or_secondhand_allegation,,mixed_claims_need_independent_verification,,Employment or service history does not independently verify extraordinary claims; several accounts have major documentary or credibility disputes.,,,Biographical or case overview,https://en.wikipedia.org/wiki/Jonathan_Weygandt,secondary_reference,House UAP transparency and whistleblower hearing,https://oversight.house.gov/hearing/restoring-public-trust-through-uap-transparency-and-whistleblower-protection/,primary_official,2,census,uap_person_jonathan_weygandt,,,2026-09-14,Biographical dates not confidently verified in this pass; see key_event_dates.,
UP-0401,Clifford Stone,,1949-01-24,2021-02-10,deceased,military_intelligence_insider_or_claimant,military|intelligence|insider claim|disclosure,2_major,United States,1990–2021,1990,2021,2001-05-09: Disclosure Project press conference,U.S. Army veteran|Disclosure Project,military intelligence insider or claimant,Crash-retrieval testimony|2001 Disclosure Project,insider_claim_or_disclosure,,Claimed participation in recovery operations involving extraterrestrial bodies; evidence is primarily testimonial.,Claimed participation in recovery operations involving extraterrestrial bodies; evidence is primarily testimonial.,personal testimony|employment records where available|public interviews,firsthand_or_secondhand_allegation,,mixed_claims_need_independent_verification,,Employment or service history does not independently verify extraordinary claims; several accounts have major documentary or credibility disputes.,,,Biographical or case overview,https://en.wikipedia.org/wiki/Clifford_Stone,secondary_reference,House UAP transparency and whistleblower hearing,https://oversight.house.gov/hearing/restoring-public-trust-through-uap-transparency-and-whistleblower-protection/,primary_official,2,census,uap_person_clifford_stone,,,2026-09-14,Dates may be year-only or month-only where day precision was not verified.,
UP-0402,Robert O. Dean,,1929-03-02,2018-10-11,deceased,military_intelligence_insider_or_claimant,military|intelligence|insider claim|disclosure,2_major,United States,1990–2018,1990,2018,1990s: public claims,U.S. Army veteran|lecturer|NATO (fmr),military intelligence insider or claimant,NATO assessment claims|public lectures|Claims regarding a NATO study called 'The Assessment',insider_claim_or_disclosure,proponent_nhi,Claimed to have seen a classified NATO study concluding extraterrestrials visited Earth; document has not been authenticated publicly.,Claimed to have seen a classified NATO study concluding extraterrestrials visited Earth; document has not been authenticated publicly.,personal testimony|employment records where available|public interviews,firsthand_or_secondhand_allegation,contested|firsthand_claim,mixed_claims_need_independent_verification,medium,Employment or service history does not independently verify extraordinary claims; several accounts have major documentary or credibility disputes.,1991,,Biographical or case overview,https://en.wikipedia.org/wiki/Robert_O._Dean,secondary_reference,House UAP transparency and whistleblower hearing,https://oversight.house.gov/hearing/restoring-public-trust-through-uap-transparency-and-whistleblower-protection/,primary_official,2,census+seed,uap_person_robert_o_dean,PER-136,merged (exact),2026-09-14,Dates may be year-only or month-only where day precision was not verified.,
UP-0403,Dan Sherman,,,,active,military_intelligence_insider_or_claimant,military|intelligence|insider claim|disclosure,2_major,United States,1998–present,1998,present,1998: Above Black published,U.S. Air Force veteran|author|US Air Force (fmr)|NSA (fmr),military intelligence insider or claimant,Above Black|Above Black: Project Preserve Destiny,insider_claim_or_disclosure,proponent_nhi,Claims participation in a classified telepathic communications program involving extraterrestrials; unverified beyond his account.,Claims participation in a classified telepathic communications program involving extraterrestrials; unverified beyond his account.,personal testimony|employment records where available|public interviews,firsthand_or_secondhand_allegation,contested|firsthand_claim,mixed_claims_need_independent_verification,medium,Employment or service history does not independently verify extraordinary claims; several accounts have major documentary or credibility disputes.,1997,,Biographical or case overview,https://en.wikipedia.org/wiki/Dan_Sherman,secondary_reference,House UAP transparency and whistleblower hearing,https://oversight.house.gov/hearing/restoring-public-trust-through-uap-transparency-and-whistleblower-protection/,primary_official,2,census+seed,uap_person_dan_sherman,PER-222,merged (exact),2026-09-14,Biographical dates not confidently verified in this pass; see key_event_dates.,
UP-0404,Charles James Hall,,,,,military_intelligence_insider_or_claimant,military|intelligence|insider claim|disclosure,2_major,United States,2002–present,2002,present,2002: first Millennial Hospitality book,U.S. Air Force veteran|author,military intelligence insider or claimant,Millennial Hospitality series,insider_claim_or_disclosure,,Claims encounters with “Tall White” extraterrestrials near Nellis ranges; no independent corroboration.,Claims encounters with “Tall White” extraterrestrials near Nellis ranges; no independent corroboration.,personal testimony|employment records where available|public interviews,firsthand_or_secondhand_allegation,,mixed_claims_need_independent_verification,,Employment or service history does not independently verify extraordinary claims; several accounts have major documentary or credibility disputes.,,,Biographical or case overview,https://en.wikipedia.org/wiki/Charles_James_Hall,secondary_reference,House UAP transparency and whistleblower hearing,https://oversight.house.gov/hearing/restoring-public-trust-through-uap-transparency-and-whistleblower-protection/,primary_official,2,census,uap_person_charles_james_hall,,,2026-09-14,Biographical dates not confidently verified in this pass; see key_event_dates.,
UP-0405,Philip J. Schneider,,1947-04-23,1996-01-17,deceased,military_intelligence_insider_or_claimant,military|intelligence|insider claim|disclosure,2_major,United States,1995–1996,1995,1996,1995: lecture circuit prominence,Self-described government engineer|lecturer,military intelligence insider or claimant,Dulce base and underground-facility lectures,insider_claim_or_disclosure,,Claimed to have fought aliens at an underground base; credentials and narrative are widely disputed.,Claimed to have fought aliens at an underground base; credentials and narrative are widely disputed.,personal testimony|employment records where available|public interviews,firsthand_or_secondhand_allegation,,mixed_claims_need_independent_verification,,Employment or service history does not independently verify extraordinary claims; several accounts have major documentary or credibility disputes.,,,Biographical or case overview,https://en.wikipedia.org/wiki/Philip_J._Schneider,secondary_reference,House UAP transparency and whistleblower hearing,https://oversight.house.gov/hearing/restoring-public-trust-through-uap-transparency-and-whistleblower-protection/,primary_official,2,census,uap_person_philip_j_schneider,,,2026-09-14,Dates may be year-only or month-only where day precision was not verified.,
UP-0406,William Cooper,Milton William Cooper,1943-05-06,2001-11-05,deceased,military_intelligence_insider_or_claimant,military|intelligence|insider claim|disclosure,2_major,United States,1988–2001,1988,2001,1988: UFO lectures|1991: Behold a Pale Horse,U.S. Navy veteran|radio host,military intelligence insider or claimant,Behold a Pale Horse|The Hour of the Time,insider_claim_or_disclosure,,"Promoted government-alien conspiracy claims, later saying some UFO material may be disinformation; deeply influential in conspiracy culture.","Promoted government-alien conspiracy claims, later saying some UFO material may be disinformation; deeply influential in conspiracy culture.",personal testimony|employment records where available|public interviews,firsthand_or_secondhand_allegation,,mixed_claims_need_independent_verification,,Employment or service history does not independently verify extraordinary claims; several accounts have major documentary or credibility disputes.,,,Biographical or case overview,https://en.wikipedia.org/wiki/William_Cooper,secondary_reference,House UAP transparency and whistleblower hearing,https://oversight.house.gov/hearing/restoring-public-trust-through-uap-transparency-and-whistleblower-protection/,primary_official,2,census,uap_person_william_cooper,,,2026-09-14,Dates may be year-only or month-only where day precision was not verified.,
UP-0407,Paul Bennewitz,,1927-09-29,2003-06-23,deceased,military_intelligence_insider_or_claimant,military|intelligence|insider claim|disclosure,2_major,United States,1979–1988,1979,1988,1979–1988: Kirtland/Dulce episode,Thunder Scientific|Kirtland AFB-area businessman,military intelligence insider or claimant,1980s Dulce and UFO claims,insider_claim_or_disclosure,,Believed he intercepted alien signals and uncovered underground bases; evidence shows Air Force counterintelligence fed him disinformation.,Believed he intercepted alien signals and uncovered underground bases; evidence shows Air Force counterintelligence fed him disinformation.,personal testimony|employment records where available|public interviews,firsthand_or_secondhand_allegation,,mixed_claims_need_independent_verification,,Employment or service history does not independently verify extraordinary claims; several accounts have major documentary or credibility disputes.,,,Biographical or case overview,https://en.wikipedia.org/wiki/Paul_Bennewitz,secondary_reference,House UAP transparency and whistleblower hearing,https://oversight.house.gov/hearing/restoring-public-trust-through-uap-transparency-and-whistleblower-protection/,primary_official,2,census,uap_person_paul_bennewitz,,,2026-09-14,Dates may be year-only or month-only where day precision was not verified.,
UP-0408,Richard Doty,Rick Doty,1950,,active,military_intelligence_insider_or_claimant,military|intelligence|insider claim|disclosure,2_major,United States,1980–present,1980,present,1980s: Bennewitz operation|2013: Mirage Men,U.S. Air Force Office of Special Investigations|media figure,military intelligence insider or claimant,Mirage Men interviews|disinformation accounts|Central figure in the Paul Bennewitz affair|Mirage Men,insider_claim_or_disclosure,contested,Former counterintelligence agent who admits feeding false UFO information to Bennewitz while later advancing other controversial insider claims.,Former counterintelligence agent who admits feeding false UFO information to Bennewitz while later advancing other controversial insider claims.,personal testimony|employment records where available|public interviews,firsthand_or_secondhand_allegation,contested|documented,mixed_claims_need_independent_verification,high,Employment or service history does not independently verify extraordinary claims; several accounts have major documentary or credibility disputes.,1983,,Biographical or case overview,https://en.wikipedia.org/wiki/Richard_Doty,secondary_reference,House UAP transparency and whistleblower hearing,https://oversight.house.gov/hearing/restoring-public-trust-through-uap-transparency-and-whistleblower-protection/,primary_official,2,census+seed,uap_person_richard_doty,PER-221,merged (alias),2026-09-14,Dates may be year-only or month-only where day precision was not verified.,
UP-0409,Robert Collins,,,,,military_intelligence_insider_or_claimant,military|intelligence|insider claim|disclosure,2_major,United States,1990–present,1990,present,2005: Exempt from Disclosure,U.S. Air Force (retired)|author,military intelligence insider or claimant,Exempt from Disclosure,insider_claim_or_disclosure,,Claims insider knowledge of government contact and MJ-12-style programs; documentation is contested.,Claims insider knowledge of government contact and MJ-12-style programs; documentation is contested.,personal testimony|employment records where available|public interviews,firsthand_or_secondhand_allegation,,mixed_claims_need_independent_verification,,Employment or service history does not independently verify extraordinary claims; several accounts have major documentary or credibility disputes.,,,Biographical or case overview,https://en.wikipedia.org/wiki/Robert_Collins,secondary_reference,House UAP transparency and whistleblower hearing,https://oversight.house.gov/hearing/restoring-public-trust-through-uap-transparency-and-whistleblower-protection/,primary_official,2,census,uap_person_robert_collins,,,2026-09-14,Biographical dates not confidently verified in this pass; see key_event_dates.,
UP-0410,Victor Marchetti,,1929-12-23,2018-10-19,deceased,military_intelligence_insider_or_claimant,military|intelligence|insider claim|disclosure,2_major,United States,1979–2018,1979,2018,1979: Second Look article,CIA (former)|author,military intelligence insider or claimant,How the CIA Views the UFO Phenomenon,insider_claim_or_disclosure,,"Former intelligence official who wrote that UFO reports interested agencies and secrecy complicated understanding, without claiming direct alien-program access.","Former intelligence official who wrote that UFO reports interested agencies and secrecy complicated understanding, without claiming direct alien-program access.",personal testimony|employment records where available|public interviews,firsthand_or_secondhand_allegation,,mixed_claims_need_independent_verification,,Employment or service history does not independently verify extraordinary claims; several accounts have major documentary or credibility disputes.,,,Biographical or case overview,https://en.wikipedia.org/wiki/Victor_Marchetti,secondary_reference,House UAP transparency and whistleblower hearing,https://oversight.house.gov/hearing/restoring-public-trust-through-uap-transparency-and-whistleblower-protection/,primary_official,2,census,uap_person_victor_marchetti,,,2026-09-14,Dates may be year-only or month-only where day precision was not verified.,
UP-0411,Chase Brandon,,1959,,,military_intelligence_insider_or_claimant,military|intelligence|insider claim|disclosure,2_major,United States,2012–present,2012,present,2012: Roswell archive claim,CIA (former)|media liaison,military intelligence insider or claimant,Roswell box claim,insider_claim_or_disclosure,,Claimed he saw a CIA archive box indicating Roswell involved a craft and bodies; CIA archivists said no corroborating records were found.,Claimed he saw a CIA archive box indicating Roswell involved a craft and bodies; CIA archivists said no corroborating records were found.,personal testimony|employment records where available|public interviews,firsthand_or_secondhand_allegation,,mixed_claims_need_independent_verification,,Employment or service history does not independently verify extraordinary claims; several accounts have major documentary or credibility disputes.,,,Biographical or case overview,https://en.wikipedia.org/wiki/Chase_Brandon,secondary_reference,House UAP transparency and whistleblower hearing,https://oversight.house.gov/hearing/restoring-public-trust-through-uap-transparency-and-whistleblower-protection/,primary_official,2,census,uap_person_chase_brandon,,,2026-09-14,Dates may be year-only or month-only where day precision was not verified.,
UP-0412,Robert Emenegger,,,,,military_intelligence_insider_or_claimant,military|intelligence|insider claim|disclosure,2_major,United States,1970–present,1970,present,1974: documentary released,Advertising executive|filmmaker,military intelligence insider or claimant,"UFOs: Past, Present and Future",insider_claim_or_disclosure,,Said U.S. officials promised authentic Holloman landing footage for a documentary but later withdrew it; story remains unverified.,Said U.S. officials promised authentic Holloman landing footage for a documentary but later withdrew it; story remains unverified.,personal testimony|employment records where available|public interviews,firsthand_or_secondhand_allegation,,mixed_claims_need_independent_verification,,Employment or service history does not independently verify extraordinary claims; several accounts have major documentary or credibility disputes.,,,Biographical or case overview,https://en.wikipedia.org/wiki/Robert_Emenegger,secondary_reference,House UAP transparency and whistleblower hearing,https://oversight.house.gov/hearing/restoring-public-trust-through-uap-transparency-and-whistleblower-protection/,primary_official,2,census,uap_person_robert_emenegger,,,2026-09-14,Biographical dates not confidently verified in this pass; see key_event_dates.,
UP-0413,Charles L. Suggs,,,,,military_intelligence_insider_or_claimant,military|intelligence|insider claim|disclosure,2_major,United States,2020–present,2020,present,2020s: public interviews,U.S. Navy veteran|public witness,military intelligence insider or claimant,USS Omaha-related public interviews,insider_claim_or_disclosure,,Describes naval-service observations discussed within the modern UAP witness ecosystem.,Describes naval-service observations discussed within the modern UAP witness ecosystem.,personal testimony|employment records where available|public interviews,firsthand_or_secondhand_allegation,,mixed_claims_need_independent_verification,,Employment or service history does not independently verify extraordinary claims; several accounts have major documentary or credibility disputes.,,,Biographical or case overview,https://en.wikipedia.org/wiki/Charles_L._Suggs,secondary_reference,House UAP transparency and whistleblower hearing,https://oversight.house.gov/hearing/restoring-public-trust-through-uap-transparency-and-whistleblower-protection/,primary_official,2,census,uap_person_charles_l_suggs,,,2026-09-14,Biographical dates not confidently verified in this pass; see key_event_dates.,
UP-0414,Erich von Däniken,,1935-04-14,,,author_or_cultural_figure,author|popular culture|theory|advocacy,2_major,International,1968–present,1968,present,1968: Chariots of the Gods?,Author|Ancient Aliens contributor,author or cultural figure,Chariots of the Gods?,interpretive_or_popularizing,,Popularized ancient-astronaut claims; archaeologists and historians identify extensive errors and unsupported interpretations.,Popularized ancient-astronaut claims; archaeologists and historians identify extensive errors and unsupported interpretations.,published works|broadcasts|public lectures,interpretive_or_speculative,,moderate_contextual,,Many works synthesize disputed testimony or speculative hypotheses and are not equivalent to peer-reviewed evidence.,,,Biographical or case overview,https://en.wikipedia.org/wiki/Erich_von_D%C3%A4niken,secondary_reference,Reference list of ufologists,https://en.wikipedia.org/wiki/List_of_ufologists,secondary_reference,2,census,uap_person_erich_von_daniken,,,2026-09-14,Dates may be year-only or month-only where day precision was not verified.,
UP-0415,Graham Hancock,,1950-08-02,,,author_or_cultural_figure,author|popular culture|theory|advocacy,2_major,International,1995–present,1995,present,1995: Fingerprints of the Gods|2022: Ancient Apocalypse,Author|Netflix presenter,author or cultural figure,Fingerprints of the Gods|Ancient Apocalypse,interpretive_or_popularizing,,Promotes lost-civilization hypotheses and sometimes engages ancient-astronaut-adjacent discourse; mainstream archaeology rejects central chronology claims.,Promotes lost-civilization hypotheses and sometimes engages ancient-astronaut-adjacent discourse; mainstream archaeology rejects central chronology claims.,published works|broadcasts|public lectures,interpretive_or_speculative,,moderate_contextual,,Many works synthesize disputed testimony or speculative hypotheses and are not equivalent to peer-reviewed evidence.,,,Biographical or case overview,https://en.wikipedia.org/wiki/Graham_Hancock,secondary_reference,Reference list of ufologists,https://en.wikipedia.org/wiki/List_of_ufologists,secondary_reference,2,census,uap_person_graham_hancock,,,2026-09-14,Dates may be year-only or month-only where day precision was not verified.,
UP-0416,Zecharia Sitchin,,1920-07-11,2010-10-09,deceased,author_or_cultural_figure,author|popular culture|theory|advocacy,2_major,International,1976–2010,1976,2010,1976: The 12th Planet,Author,author or cultural figure,The 12th Planet|Earth Chronicles,interpretive_or_popularizing,,Claimed ancient Sumerian texts described Anunnaki extraterrestrials; Assyriologists reject his translations.,Claimed ancient Sumerian texts described Anunnaki extraterrestrials; Assyriologists reject his translations.,published works|broadcasts|public lectures,interpretive_or_speculative,,moderate_contextual,,Many works synthesize disputed testimony or speculative hypotheses and are not equivalent to peer-reviewed evidence.,,,Biographical or case overview,https://en.wikipedia.org/wiki/Zecharia_Sitchin,secondary_reference,Reference list of ufologists,https://en.wikipedia.org/wiki/List_of_ufologists,secondary_reference,2,census,uap_person_zecharia_sitchin,,,2026-09-14,Dates may be year-only or month-only where day precision was not verified.,
UP-0417,Brinsley Le Poer Trench,8th Earl of Clancarty,1911-09-18,1995-05-18,deceased,author_or_cultural_figure,author|popular culture|theory|advocacy,2_major,International,1956–1995,1956,1995,1956–1959: Flying Saucer Review editor|1977: House of Lords UFO debate,House of Lords|Flying Saucer Review,author or cultural figure,The Sky People|Men Among Mankind,interpretive_or_popularizing,,British aristocrat and author promoting hollow-Earth and ancient-extraterrestrial ideas; founded a parliamentary UFO study group.,British aristocrat and author promoting hollow-Earth and ancient-extraterrestrial ideas; founded a parliamentary UFO study group.,published works|broadcasts|public lectures,interpretive_or_speculative,,moderate_contextual,,Many works synthesize disputed testimony or speculative hypotheses and are not equivalent to peer-reviewed evidence.,,,Biographical or case overview,https://en.wikipedia.org/wiki/Brinsley_Le_Poer_Trench,secondary_reference,Reference list of ufologists,https://en.wikipedia.org/wiki/List_of_ufologists,secondary_reference,2,census,uap_person_brinsley_le_poer_trench,,,2026-09-14,Dates may be year-only or month-only where day precision was not verified.,
UP-0418,Jim Marrs,,1943-12-05,2017-08-02,deceased,author_or_cultural_figure,author|popular culture|theory|advocacy,2_major,International,1980–2017,1980,2017,1997: Alien Agenda,Fort Worth Star-Telegram|author,author or cultural figure,Alien Agenda|Crossfire,interpretive_or_popularizing,,Popular conspiracy author who integrated UFO secrecy with political and historical narratives.,Popular conspiracy author who integrated UFO secrecy with political and historical narratives.,published works|broadcasts|public lectures,interpretive_or_speculative,,moderate_contextual,,Many works synthesize disputed testimony or speculative hypotheses and are not equivalent to peer-reviewed evidence.,,,Biographical or case overview,https://en.wikipedia.org/wiki/Jim_Marrs,secondary_reference,Reference list of ufologists,https://en.wikipedia.org/wiki/List_of_ufologists,secondary_reference,2,census,uap_person_jim_marrs,,,2026-09-14,Dates may be year-only or month-only where day precision was not verified.,
UP-0419,William J. Birnes,,1944-11-07,,,author_or_cultural_figure,author|popular culture|theory|advocacy,2_major,International,1990–present,1990,present,1998: The Day After Roswell|2008: UFO Hunters,UFO Magazine|History Channel,author or cultural figure,UFO Hunters|The Day After Roswell co-author,interpretive_or_popularizing,,"Publisher, author, and television host promoting crash-retrieval and government-secrecy cases.","Publisher, author, and television host promoting crash-retrieval and government-secrecy cases.",published works|broadcasts|public lectures,interpretive_or_speculative,,moderate_contextual,,Many works synthesize disputed testimony or speculative hypotheses and are not equivalent to peer-reviewed evidence.,,,Biographical or case overview,https://en.wikipedia.org/wiki/William_J._Birnes,secondary_reference,Reference list of ufologists,https://en.wikipedia.org/wiki/List_of_ufologists,secondary_reference,2,census,uap_person_william_j_birnes,,,2026-09-14,Dates may be year-only or month-only where day precision was not verified.,
UP-0420,Colin Wilson,,1931-06-26,2013-12-05,deceased,author_or_cultural_figure,author|popular culture|theory|advocacy,2_major,International,1960–2013,1960,2013,1998: Alien Dawn,Author,author or cultural figure,Alien Dawn|Mysteries,interpretive_or_popularizing,,"Interpreted UFO and paranormal reports through consciousness, occult, and evolutionary frameworks.","Interpreted UFO and paranormal reports through consciousness, occult, and evolutionary frameworks.",published works|broadcasts|public lectures,interpretive_or_speculative,,moderate_contextual,,Many works synthesize disputed testimony or speculative hypotheses and are not equivalent to peer-reviewed evidence.,,,Biographical or case overview,https://en.wikipedia.org/wiki/Colin_Wilson,secondary_reference,Reference list of ufologists,https://en.wikipedia.org/wiki/List_of_ufologists,secondary_reference,2,census,uap_person_colin_wilson,,,2026-09-14,Dates may be year-only or month-only where day precision was not verified.,
UP-0421,John Fuller,,1913-11-30,1990-11-07,deceased,author_or_cultural_figure,author|popular culture|theory|advocacy,2_major,International,1965–1990,1965,1990,1966: Interrupted Journey|1966: Incident at Exeter,Journalist and author,author or cultural figure,The Interrupted Journey|Incident at Exeter,interpretive_or_popularizing,,Brought the Hill abduction and Exeter sightings to mass readership.,Brought the Hill abduction and Exeter sightings to mass readership.,published works|broadcasts|public lectures,interpretive_or_speculative,,moderate_contextual,,Many works synthesize disputed testimony or speculative hypotheses and are not equivalent to peer-reviewed evidence.,,,Biographical or case overview,https://en.wikipedia.org/wiki/John_Fuller,secondary_reference,Reference list of ufologists,https://en.wikipedia.org/wiki/List_of_ufologists,secondary_reference,2,census,uap_person_john_fuller,,,2026-09-14,Dates may be year-only or month-only where day precision was not verified.,
UP-0422,Frank Edwards,,1908-08-04,1967-06-23,deceased,author_or_cultural_figure,author|popular culture|theory|advocacy,2_major,International,1940–1967,1940,1967,1966: Flying Saucers—Serious Business,Broadcaster and author,author or cultural figure,Flying Saucers—Serious Business,interpretive_or_popularizing,,Early mass-market broadcaster and author who popularized dramatic UFO cases.,Early mass-market broadcaster and author who popularized dramatic UFO cases.,published works|broadcasts|public lectures,interpretive_or_speculative,,moderate_contextual,,Many works synthesize disputed testimony or speculative hypotheses and are not equivalent to peer-reviewed evidence.,,,Biographical or case overview,https://en.wikipedia.org/wiki/Frank_Edwards,secondary_reference,Reference list of ufologists,https://en.wikipedia.org/wiki/List_of_ufologists,secondary_reference,2,census,uap_person_frank_edwards,,,2026-09-14,Dates may be year-only or month-only where day precision was not verified.,
UP-0423,Morgan Beall,,,,,organization_leader_or_advocate,organization|advocacy|public engagement,3_notable,International,1970–present,1970,present,2020s: SCU board,Scientific Coalition for UAP Studies,organization leader or advocate,SCU board and public events,organizational_leadership,,Helps lead a volunteer research organization promoting evidence-based UAP investigation.,Helps lead a volunteer research organization promoting evidence-based UAP investigation.,organizational biography|public program record,documented_organizational_role,,moderate_contextual,,"Organizational leadership indicates influence on discourse, not validation of associated claims.",,,SCU leadership page,https://www.explorescu.org/membership-partners,primary_or_institutional,UAP organization landscape reference,https://www.explorescu.org/membership-partners,primary_organization,2,census,uap_person_morgan_beall,,,2026-09-14,Biographical dates not confidently verified in this pass; see key_event_dates.,
UP-0424,Douglas Buettner,,,,,organization_leader_or_advocate,organization|advocacy|public engagement,3_notable,International,1970–present,1970,present,2020s: SCU board,Scientific Coalition for UAP Studies|University of Utah,organization leader or advocate,SCU board|engineering analysis,organizational_leadership,,Contributes engineering expertise and organizational leadership to SCU research.,Contributes engineering expertise and organizational leadership to SCU research.,organizational biography|public program record,documented_organizational_role,,moderate_contextual,,"Organizational leadership indicates influence on discourse, not validation of associated claims.",,,SCU leadership page,https://www.explorescu.org/membership-partners,primary_or_institutional,UAP organization landscape reference,https://www.explorescu.org/membership-partners,primary_organization,2,census,uap_person_douglas_buettner,,,2026-09-14,Biographical dates not confidently verified in this pass; see key_event_dates.,
UP-0425,Laura Dominé,,,,,organization_leader_or_advocate,organization|advocacy|public engagement,3_notable,International,1970–present,1970,present,2020s: SCU board,Scientific Coalition for UAP Studies,organization leader or advocate,SCU board and outreach,organizational_leadership,,"Supports SCU governance, education, and research outreach.","Supports SCU governance, education, and research outreach.",organizational biography|public program record,documented_organizational_role,,moderate_contextual,,"Organizational leadership indicates influence on discourse, not validation of associated claims.",,,SCU leadership page,https://www.explorescu.org/membership-partners,primary_or_institutional,UAP organization landscape reference,https://www.explorescu.org/membership-partners,primary_organization,2,census,uap_person_laura_domine,,,2026-09-14,Biographical dates not confidently verified in this pass; see key_event_dates.,
UP-0426,Larry Hancock,,,,,organization_leader_or_advocate,organization|advocacy|public engagement,3_notable,International,1970–present,1970,present,2010s: UAP books|2020s: SCU board,Scientific Coalition for UAP Studies|author,organization leader or advocate,Unidentified|SCU board,organizational_leadership,,"Historian and author focused on military sightings, intelligence context, and document-based case study.","Historian and author focused on military sightings, intelligence context, and document-based case study.",organizational biography|public program record,documented_organizational_role,,moderate_contextual,,"Organizational leadership indicates influence on discourse, not validation of associated claims.",,,SCU leadership page,https://www.explorescu.org/membership-partners,primary_or_institutional,UAP organization landscape reference,https://www.explorescu.org/membership-partners,primary_organization,2,census,uap_person_larry_hancock,,,2026-09-14,Biographical dates not confidently verified in this pass; see key_event_dates.,
UP-0427,Cameron Pratt,,,,,organization_leader_or_advocate,organization|advocacy|public engagement,3_notable,International,1970–present,1970,present,2020s: SCU board,Scientific Coalition for UAP Studies,organization leader or advocate,SCU board,organizational_leadership,,Supports governance and technical research coordination.,Supports governance and technical research coordination.,organizational biography|public program record,documented_organizational_role,,moderate_contextual,,"Organizational leadership indicates influence on discourse, not validation of associated claims.",,,SCU leadership page,https://www.explorescu.org/membership-partners,primary_or_institutional,UAP organization landscape reference,https://www.explorescu.org/membership-partners,primary_organization,2,census,uap_person_cameron_pratt,,,2026-09-14,Biographical dates not confidently verified in this pass; see key_event_dates.,
UP-0428,Peter Reali,,,,,organization_leader_or_advocate,organization|advocacy|public engagement,3_notable,International,1970–present,1970,present,2020s: SCU board,Scientific Coalition for UAP Studies,organization leader or advocate,SCU board|case analysis,organizational_leadership,,Contributes engineering and case-analysis work to SCU.,Contributes engineering and case-analysis work to SCU.,organizational biography|public program record,documented_organizational_role,,moderate_contextual,,"Organizational leadership indicates influence on discourse, not validation of associated claims.",,,SCU leadership page,https://www.explorescu.org/membership-partners,primary_or_institutional,UAP organization landscape reference,https://www.explorescu.org/membership-partners,primary_organization,2,census,uap_person_peter_reali,,,2026-09-14,Biographical dates not confidently verified in this pass; see key_event_dates.,
UP-0429,Ron James,,,,,organization_leader_or_advocate,organization|advocacy|public engagement,3_notable,International,1970–present,1970,present,2020s: MUFON leadership,MUFON|filmmaker,organization leader or advocate,MUFON media and documentaries,organizational_leadership,,Documentarian and organization leader producing UAP-focused media and public programming.,Documentarian and organization leader producing UAP-focused media and public programming.,organizational biography|public program record,documented_organizational_role,,moderate_contextual,,"Organizational leadership indicates influence on discourse, not validation of associated claims.",,,MUFON official site,https://mufon.com/,primary_or_institutional,UAP organization landscape reference,https://www.explorescu.org/membership-partners,primary_organization,2,census,uap_person_ron_james,,,2026-09-14,Biographical dates not confidently verified in this pass; see key_event_dates.,
UP-0430,Earl Grey Anderson,,,,,organization_leader_or_advocate,organization|advocacy|public engagement,3_notable,International,1970–present,1970,present,2010s: MUFON leadership,MUFON,organization leader or advocate,MUFON state and national leadership,organizational_leadership,,Public-facing MUFON investigator and conference speaker focused on experiencer and case reports.,Public-facing MUFON investigator and conference speaker focused on experiencer and case reports.,organizational biography|public program record,documented_organizational_role,,moderate_contextual,,"Organizational leadership indicates influence on discourse, not validation of associated claims.",,,MUFON official site,https://mufon.com/,primary_or_institutional,UAP organization landscape reference,https://www.explorescu.org/membership-partners,primary_organization,2,census,uap_person_earl_grey_anderson,,,2026-09-14,Biographical dates not confidently verified in this pass; see key_event_dates.,
UP-0431,John Ventre,,,,,organization_leader_or_advocate,organization|advocacy|public engagement,3_notable,International,2000–present,2000,present,2000s: MUFON leadership,MUFON (former state director)|author,organization leader or advocate,MUFON conferences|books,organizational_leadership,,Former Pennsylvania MUFON leader and media speaker; controversial public statements drew criticism.,Former Pennsylvania MUFON leader and media speaker; controversial public statements drew criticism.,organizational biography|public program record,documented_organizational_role,,moderate_contextual,,"Organizational leadership indicates influence on discourse, not validation of associated claims.",,,Biographical or case overview,https://en.wikipedia.org/wiki/John_Ventre,secondary_reference,UAP organization landscape reference,https://www.explorescu.org/membership-partners,primary_organization,2,census,uap_person_john_ventre,,,2026-09-14,Biographical dates not confidently verified in this pass; see key_event_dates.,
UP-0432,Chuck Zukowski,,,,,organization_leader_or_advocate,organization|advocacy|public engagement,3_notable,International,2000–present,2000,present,2000s: field investigations,UFO Nut|MUFON investigator (former),organization leader or advocate,37th Parallel investigations,organizational_leadership,,Field investigator associated with cattle mutilation and regional UFO patterns.,Field investigator associated with cattle mutilation and regional UFO patterns.,organizational biography|public program record,documented_organizational_role,,moderate_contextual,,"Organizational leadership indicates influence on discourse, not validation of associated claims.",,,Biographical or case overview,https://en.wikipedia.org/wiki/Chuck_Zukowski,secondary_reference,UAP organization landscape reference,https://www.explorescu.org/membership-partners,primary_organization,2,census,uap_person_chuck_zukowski,,,2026-09-14,Biographical dates not confidently verified in this pass; see key_event_dates.,
UP-0433,Michael Gold,,,,active,government_official,former_official|industry,,US,2023–present,2023,present,,Redwire Corporation|NASA (fmr)|NASA UAP Independent Study Team,Former NASA Associate Administrator for Space Policy and Partnerships,NASA UAP study team report (2023)|2024-11-13 testimony,,agnostic_scientific,"Advocates destigmatised, data-driven scientific study of UAP within civil agencies",,,,sworn_testimony|official_experience,,high,,2023-09,,,,,,,,,seed,,PER-028,seed-only row; primary_role and activity fields derived from seed corpus (see KEY_LEGEND.md),2026-09-14,,
UP-0434,Brett Feddersen,,,,active,government_official,former_official,,US,2025–present,2025,present,,White House National Security Council (fmr)|DHS (fmr),"Former Director of Aviation Security, NSC",The Age of Disclosure,,transparency_advocate,Speaks to drone/UAP incursions over sensitive US airspace from a policy vantage,,,,documentary_interview,,high,,2025-03,,,,,,,,,seed,,PER-030,seed-only row; primary_role and activity fields derived from seed corpus (see KEY_LEGEND.md),2026-09-14,,
UP-0435,Michael Spicer,Whistling Mike,,,active,,claimant|inventor,,US,2026–present,2026,present,,,Wichita-area businessman; UAP detection system developer,PARADIGM exclusive (2026-09),,proponent_anomaly,Claims a close-range encounter with a triangular craft in Kansas in the early 2000s and provided a dense rock sample to Senate staff,,,,contested|firsthand_claim,,medium,,2026-09,,,,,,,,,seed,,PER-035,seed-only row; primary_role and activity fields derived from seed corpus (see KEY_LEGEND.md),2026-09-14,,
UP-0436,Mark Warner,,,,active,military_intelligence_insider_or_claimant,politician,,US,2023–present,2023,present,,US Senate|Senate Select Committee on Intelligence,US Senator (D-VA); Intelligence Committee leader,Oversight statements on UAP programs,,transparency_advocate,Has pressed the executive branch for clarity on UAP-related programs,,,,official_position,,medium,,2023,,,,,,,,,seed,,PER-044,seed-only row; primary_role and activity fields derived from seed corpus (see KEY_LEGEND.md),2026-09-14,,
UP-0437,James Clapper,,,,active,military_intelligence_insider_or_claimant,former_official,,US,2025–present,2025,present,,Office of the Director of National Intelligence (fmr),Former Director of National Intelligence,The Age of Disclosure,,transparency_advocate,Participates in the disclosure documentary record as a former DNI,,,,documentary_interview,,high,,2025-03,,,,,,,,,seed,,PER-051,seed-only row; primary_role and activity fields derived from seed corpus (see KEY_LEGEND.md),2026-09-14,,
UP-0438,Mike Gallagher,,,,active,government_official,politician_former,,US,2025–present,2025,present,,US House (fmr)|House Select Committee on the CCP (fmr Chair),Former US Representative (R-WI),The Age of Disclosure,,transparency_advocate,Adds a national-security/China-competition frame to the disclosure argument,,,,documentary_interview,,high,,2025-03,,,,,,,,,seed,,PER-052,seed-only row; primary_role and activity fields derived from seed corpus (see KEY_LEGEND.md),2026-09-14,,
UP-0439,Alexandria Ocasio-Cortez,AOC,,,active,government_official,politician,,US,2023–present,2023,present,,US House of Representatives|House Oversight Committee,US Representative (D-NY-14),Appears in The Age of Disclosure|hearing questioning,,transparency_advocate,Has pressed for whistleblower protection and records access in UAP oversight,,,,official_position|documentary_interview,,medium,,2023-07,,,,,,,,,seed,,PER-053,seed-only row; primary_role and activity fields derived from seed corpus (see KEY_LEGEND.md),2026-09-14,,
UP-0440,Pete Hegseth,,,,active,government_official,official,,US,2026–present,2026,present,,US Government|Department of War / Department of Defense,US Secretary of War/Defense,Public statements on UAP disclosure (2026),,official_government,Has publicly committed to the administration's UAP disclosure directive,,,,official_position,,high,,2026-02,,,,,,,,,seed,,PER-054,seed-only row; primary_role and activity fields derived from seed corpus (see KEY_LEGEND.md),2026-09-14,,
UP-0441,Tulsi Gabbard,,,,active,military_intelligence_insider_or_claimant,official,,US,2026–present,2026,present,,US Government|Office of the Director of National Intelligence,Director of National Intelligence,ODNI disclosure guidance (2026),,official_government,Oversees ODNI guidance permitting disclosure of UAP information notwithstanding prior NDAs,,,,official_position,,medium,,2026,,,,,,,,,seed,,PER-055,seed-only row; primary_role and activity fields derived from seed corpus (see KEY_LEGEND.md),2026-09-14,,
UP-0442,Lauren Boebert,,,,active,government_official,politician,,US,2023–present,2023,present,,US House of Representatives,US Representative (R-CO),Hearing participation and public UAP comments,,transparency_advocate,Participates in House UAP oversight questioning,,,,official_position,,low,,2023,,,,,,,,,seed,,PER-057,seed-only row; primary_role and activity fields derived from seed corpus (see KEY_LEGEND.md),2026-09-14,,
UP-0443,Garrett Graff,,,,active,journalist_host_or_filmmaker,journalist|historian|author,,US,2023–present,2023,present,,,Author and historian,UFO: The Inside Story of the US Government's Search for Alien Life (2023),,journalist_neutral,Treats UAP as a serious subject in mainstream narrative history,,,,historical_analysis,,high,,2023-11,,,,,,,,,seed,,PER-070,seed-only row; primary_role and activity fields derived from seed corpus (see KEY_LEGEND.md),2026-09-14,,
UP-0444,Sarah Scoles,,,,active,journalist_host_or_filmmaker,journalist|author,,US,2020–present,2020,present,,,Science journalist,They Are Already Here (2020),,journalist_neutral,"Ethnographic, skeptical-but-fair reporting on UFO culture and researchers",,,,journalism,,medium,,2020,,,,,,,,,seed,,PER-075,seed-only row; primary_role and activity fields derived from seed corpus (see KEY_LEGEND.md),2026-09-14,,
UP-0445,Kathleen Marden,,,,active,author_or_cultural_figure,researcher|author,,US,1990–present,1990,present,,MUFON (fmr Director of Experiencer Research),Abduction researcher; niece of Betty Hill,Captured: The Betty and Barney Hill UFO Experience,,proponent_anomaly,Leading researcher of the Hill case and experiencer data,,,,research,,high,,1990,POD-020,,,,,,,,seed,,PER-098,seed-only row; primary_role and activity fields derived from seed corpus (see KEY_LEGEND.md),2026-09-14,,
UP-0446,Iain Boyd,,,,active,scientist_or_technical_expert,scientist|academic,,US,2022–present,2022,present,,University of Colorado Boulder|NASA UAP Independent Study Team,Professor of Aerospace Engineering,NASA UAP study team participation,,agnostic_scientific,Supports open scientific examination of UAP data,,,,official_advisory,,medium,,2022-10,,,,,,,,,seed,,PER-104,seed-only row; primary_role and activity fields derived from seed corpus (see KEY_LEGEND.md),2026-09-14,,
UP-0447,Daniel P. Sheehan,Danny Sheehan,,,active,journalist_host_or_filmmaker,attorney|activist|podcast_host,,US,2021–present,2021,present,,New Paradigm Institute|Christic Institute (fmr),Constitutional attorney; founder of the New Paradigm Institute,Work on the UAP Disclosure Act|Full Disclosure podcast,,transparency_advocate,Provides the legal architecture for disclosure legislation and whistleblower representation,,,,advocacy|legal,,high,,2021,POD-016,,,,,,,,seed,,PER-107,seed-only row; primary_role and activity fields derived from seed corpus (see KEY_LEGEND.md),2026-09-14,,
UP-0448,James Fowler,,,,active,,executive|technologist,,US,2025–present,2025,present,,Skywatcher,Skywatcher principal,American Alchemy interview (2025-05),,proponent_anomaly,Describes commercial efforts to detect and interact with UAP using multi-spectrum sensing,,,,contested|firsthand_claim,,medium,,2025-05,POD-005,,,,,,,,seed,,PER-114,seed-only row; primary_role and activity fields derived from seed corpus (see KEY_LEGEND.md),2026-09-14,,
UP-0449,Caroline Cory,,,,active,witness_or_experiencer,filmmaker|experiencer,,US,2014–present,2014,present,,Omnium Media,Director and producer,Superhuman|A Tear in the Sky,,experiencer,Produces consciousness-and-contact documentaries; frequent experiencer-podcast guest,,,,documentary|firsthand_claim,,high,,2014,POD-055,,,,,,,,seed,,PER-118,seed-only row; primary_role and activity fields derived from seed corpus (see KEY_LEGEND.md),2026-09-14,,
UP-0450,Preston Dennett,,,,active,author_or_cultural_figure,author|researcher,,US,1986–present,1986,present,,MUFON,Investigator and author,Numerous UFO case books,,proponent_anomaly,Catalogues regional sighting and contact cases,,,,research,,medium,,1986,POD-015,,,,,,,,seed,,PER-119,seed-only row; primary_role and activity fields derived from seed corpus (see KEY_LEGEND.md),2026-09-14,,
UP-0451,Philip Mantle,,,,active,author_or_cultural_figure,author|publisher|researcher,,UK,1985–present,1985,present,,Flying Disk Press|BUFORA (fmr),Publisher and investigator,UFO case books|Alien Autopsy research,,proponent_anomaly,Long-standing UK researcher and publisher of case literature,,,,research,,medium,,1985,POD-022,,,,,,,,seed,,PER-120,seed-only row; primary_role and activity fields derived from seed corpus (see KEY_LEGEND.md),2026-09-14,,
UP-0452,David Schindele,,,,active,witness_or_experiencer,military_witness|author,,US,2017–present,2017,present,,US Air Force (fmr),Former USAF missile launch officer,It Never Happened,,proponent_anomaly,Says a UFO event coincided with missile system disruptions at Minot AFB,,,,firsthand_witness,,medium,,2017,,,,,,,,,seed,,PER-126,seed-only row; primary_role and activity fields derived from seed corpus (see KEY_LEGEND.md),2026-09-14,,
UP-0453,Robert Jacobs,,,,active,witness_or_experiencer,military_witness|academic,,US,1982–present,1982,present,,US Air Force (fmr),Former USAF officer; retired professor,Big Sur missile-test film account,,proponent_anomaly,Says a 1964 tracking film captured an object interfering with a missile test and that it was suppressed,,,,firsthand_witness|contested,,medium,,1982,,,,,,,,,seed,,PER-127,seed-only row; primary_role and activity fields derived from seed corpus (see KEY_LEGEND.md),2026-09-14,,
UP-0454,Milton Torres,,,,active,witness_or_experiencer,military_witness,,US,2008–present,2008,present,,US Air Force (ret.),Retired USAF pilot; professor emeritus,1957 UK scramble account (released via UK National Archives),,proponent_anomaly,Says he was ordered to fire on a large radar target over the UK in 1957 and then sworn to secrecy,,,,firsthand_witness|documented,,medium,,2008,,,,,,,,,seed,,PER-128,seed-only row; primary_role and activity fields derived from seed corpus (see KEY_LEGEND.md),2026-09-14,,
UP-0455,Buzz Aldrin,,,,active,,astronaut,,US,2005–present,2005,present,,NASA (fmr),Apollo 11 astronaut,Public statements on an unexplained object seen in transit,,agnostic_scientific,Describes an unexplained observation en route to the Moon while resisting sensational framings,,,,firsthand_witness|on_record_public,,medium,,2005,,,,,,,,,seed,,PER-130,seed-only row; primary_role and activity fields derived from seed corpus (see KEY_LEGEND.md),2026-09-14,,
UP-0456,Edgar Mitchell,,,,deceased,,astronaut|historical,,US,1996–2016,1996,2016,,NASA (fmr)|Institute of Noetic Sciences,Apollo 14 astronaut,Public statements on ET visitation and government knowledge,,proponent_nhi,Said publicly for years that extraterrestrial visitation is real and known to elements of government,,,,on_record_public|secondhand_allegation,,high,,1996,,,,,,,,,seed,,PER-131,seed-only row; primary_role and activity fields derived from seed corpus (see KEY_LEGEND.md),2026-09-14,,
UP-0457,Gordon Cooper,,,,deceased,,astronaut|historical,,US,1978–2004,1978,2004,,NASA (fmr)|US Air Force,Mercury 7 astronaut,Statements to the UN and in memoirs,,proponent_anomaly,Reported UFO observations as a fighter pilot and a filmed incident at Edwards AFB,,,,on_record_public,,medium,,1978,,,,,,,,,seed,,PER-132,seed-only row; primary_role and activity fields derived from seed corpus (see KEY_LEGEND.md),2026-09-14,,
UP-0458,Lord Hill-Norton,Peter Hill-Norton,,,deceased,government_official,military_former|historical,,UK,1988–2004,1988,2004,,Royal Navy|NATO Military Committee (fmr Chair),Admiral of the Fleet; former UK Chief of the Defence Staff,House of Lords statements on Rendlesham,,transparency_advocate,Said the UK government had not been truthful about Rendlesham and similar cases,,,,on_record_public|historical_record,,medium,,1988,,,,,,,,,seed,,PER-134,seed-only row; primary_role and activity fields derived from seed corpus (see KEY_LEGEND.md),2026-09-14,,
UP-0459,James Woolsey,,,,active,military_intelligence_insider_or_claimant,former_official,,US,2020–present,2020,present,,CIA (fmr Director),Former Director of Central Intelligence,Public remarks at UAP events,,agnostic_scientific,Has said the subject deserves real attention and recounted a close-range encounter described to him,,,,on_record_public,,medium,,2020,,,,,,,,,seed,,PER-135,seed-only row; primary_role and activity fields derived from seed corpus (see KEY_LEGEND.md),2026-09-14,,
UP-0460,Jesse Marcel Jr.,,,,deceased,witness_or_experiencer,witness|physician,,US,1978–2013,1978,2013,,US Army (fmr),Physician; child witness to the Roswell debris,The Roswell Legacy (2009),,proponent_anomaly,Corroborated his father's account under polygraph and on the record,,,,firsthand_witness|contested,,high,,1978,,,,,,,,,seed,,PER-156,seed-only row; primary_role and activity fields derived from seed corpus (see KEY_LEGEND.md),2026-09-14,,
UP-0461,Kelly Chase,,,,active,journalist_host_or_filmmaker,podcast_host|researcher|author,,US,2021–present,2021,present,,Cosmosis / The UFO Rabbit Hole,Host and writer,The UFO Rabbit Hole (podcast and newsletter),,agnostic_scientific,Critical of both official narratives and uncritical disclosure messaging,,,,analysis|commentary,,high,,2021-12,POD-012,,,,,,,,seed,,PER-163,seed-only row; primary_role and activity fields derived from seed corpus (see KEY_LEGEND.md),2026-09-14,,
UP-0462,James Iandoli,,,,active,witness_or_experiencer,podcast_host|researcher|experiencer,,US,2021–present,2021,present,,Engaging The Phenomenon,Host,CE-5 and experiencer-focused interviews,,proponent_anomaly,"Combines fieldwork, CE-5 practice and researcher interviews",,,,platform|firsthand_claim,,high,,2021-04,POD-011,,,,,,,,seed,,PER-166,seed-only row; primary_role and activity fields derived from seed corpus (see KEY_LEGEND.md),2026-09-14,,
UP-0463,Grant Williams,,,,active,journalist_host_or_filmmaker,podcast_host,,US,2019–present,2019,present,,Are UFO Real?,Co-host,Case-review episodes,,agnostic_scientific,Armchair case-review format,,,,platform,,medium,,2019-10,POD-043,,,,,,,,seed,,PER-175,seed-only row; primary_role and activity fields derived from seed corpus (see KEY_LEGEND.md),2026-09-14,,
UP-0464,Sev Tok,,,,active,witness_or_experiencer,podcast_host|author|experiencer,,US,2024–present,2024,present,,UFO and ET 101|MUFON Contact Radio,Host; ufologist and experiencer advocate,UFO and ET 101|MUFON Contact Radio,,experiencer,Explainer-format host and experiencer advocate,,,,platform|firsthand_claim,,high,,2024,POD-034|POD-015,,,,,,,,seed,,PER-176,seed-only row; primary_role and activity fields derived from seed corpus (see KEY_LEGEND.md),2026-09-14,,
UP-0465,Don Ecker,,,,active,journalist_host_or_filmmaker,podcast_host|researcher,,US,1988–present,1988,present,,UAP Crossfire|UFO Magazine (fmr),Co-host; UFO historian,Dark Matters Radio|UFO Magazine research direction,,proponent_anomaly,"Veteran field figure with a critical, insider-history perspective",,,,platform|research,,medium,,1988,POD-031,,,,,,,,seed,,PER-177,seed-only row; primary_role and activity fields derived from seed corpus (see KEY_LEGEND.md),2026-09-14,,
UP-0466,Victor Viggiani,,,,active,journalist_host_or_filmmaker,podcast_host|journalist,,CA,2020–present,2020,present,,ZlandCommunications,News director and host,The Files of the Disclosure Agency,,transparency_advocate,Canadian disclosure-focused broadcast journalism,,,,journalism|advocacy,,medium,,2020-12,POD-032,,,,,,,,seed,,PER-178,seed-only row; primary_role and activity fields derived from seed corpus (see KEY_LEGEND.md),2026-09-14,,
UP-0467,Nik Hunter,,,,active,journalist_host_or_filmmaker,podcast_host,,UK,2019–present,2019,present,,UFO Chronicles Podcast,Host,First-person witness narration series,,proponent_anomaly,Built a large audience on unmediated witness accounts,,,,platform|witness_archive,,high,,2019-02,POD-026,,,,,,,,seed,,PER-183,seed-only row; primary_role and activity fields derived from seed corpus (see KEY_LEGEND.md),2026-09-14,,
UP-0468,AJ Gentile,The Why Files,,,active,journalist_host_or_filmmaker,youtuber|producer,,US,2021–present,2021,present,,The Why Files,Creator and host,The Why Files explainer series,,agnostic_scientific,Mass-audience explainer channel that funnels general viewers into UAP topics,,,,platform|entertainment,,medium,,2021,POD-063,,,,,,,,seed,,PER-185,seed-only row; primary_role and activity fields derived from seed corpus (see KEY_LEGEND.md),2026-09-14,,
UP-0469,Erica Lukes,,,,active,journalist_host_or_filmmaker,podcast_host|researcher,,US,2018–present,2018,present,,UFO Classified|MUFON Utah (fmr state director),Host and investigator,UFO Classified|document research,,agnostic_scientific,Research- and document-driven interview program,,,,platform|research,,low,,2018,POD-067,,,,,,,,seed,,PER-186,seed-only row; primary_role and activity fields derived from seed corpus (see KEY_LEGEND.md),2026-09-14,,
UP-0470,Danny Jones,,,,active,journalist_host_or_filmmaker,podcast_host,,US,2020–present,2020,present,,Danny Jones Podcast|Koncrete,Host,Long-form interviews including UAP whistleblowers,,agnostic_scientific,Mainstream long-form channel that regularly platforms UAP figures,,,,platform,,low,,2020,POD-061,,,,,,,,seed,,PER-187,seed-only row; primary_role and activity fields derived from seed corpus (see KEY_LEGEND.md),2026-09-14,,
UP-0471,Eric Weinstein,,,,active,,commentator|mathematician,,US,2021–present,2021,present,,Thiel Capital (fmr),Mathematician and commentator,The Portal|public commentary on UAP epistemics,,agnostic_scientific,Comments on institutional gatekeeping and the epistemics of UAP claims,,,,commentary,,medium,,2021,,,,,,,,,seed,,PER-189,seed-only row; primary_role and activity fields derived from seed corpus (see KEY_LEGEND.md),2026-09-14,,
UP-0472,Palmer Luckey,,,,active,,technologist|industry,,US,2024–present,2024,present,,Anduril Industries|Oculus (fmr),Founder of Anduril,Public comments on UAP and sensor technology,,skeptic_leaning,Defence-technology founder whose commentary frames UAP sensing and attribution,,,,commentary,,medium,,2024,POD-023,,,,,,,,seed,,PER-190,seed-only row; primary_role and activity fields derived from seed corpus (see KEY_LEGEND.md),2026-09-14,,
UP-0473,Michael Johnson,,,,active,witness_or_experiencer,military_witness|experiencer,,US,2026–present,2026,present,,"US Air Force (fmr)|44th Missile Security Squadron, Ellsworth AFB",Former USAF security policeman,American Alchemy interview (2026-09-07),,experiencer,Corroborates the 1977 Ellsworth AFB account; reunited publicly with the other witness after 47 years,,,,contested|firsthand_claim,,high,,2026-09,POD-005,,,,,,,,seed,,PER-202,seed-only row; primary_role and activity fields derived from seed corpus (see KEY_LEGEND.md),2026-09-14,,
UP-0474,Yvonne Smith,,,,active,witness_or_experiencer,therapist|researcher,,US,1990–present,1990,present,,CERO (Close Encounters Research Organization),Hypnotic regression therapist specialising in experiencer cases,Chosen|Coronado|regression sessions in the Ellsworth case,,experiencer_advocate,Conducts regression work with claimed abduction experiencers; contested methodology within and outside the field,,,,contested|clinical_practice,,medium,,1990,POD-005,,,,,,,,seed,,PER-203,seed-only row; primary_role and activity fields derived from seed corpus (see KEY_LEGEND.md),2026-09-14,,
UP-0475,Jeffrey Mishlove,,,,active,journalist_host_or_filmmaker,parapsychologist|podcast_host,,US,1975–present,1975,present,,"New Thinking Allowed|University of California, Berkeley (PhD)",Host of New Thinking Allowed; parapsychology researcher,The PK Man (Ted Owens research)|BICS essay contest winner,,proponent_anomaly,Documents claimed macro-psychokinesis cases including reported UFO 'summoning'; links psi research to the UAP question,,,,contested|academic_analysis,,high,,1975,POD-005,,,,,,,,seed,,PER-204,seed-only row; primary_role and activity fields derived from seed corpus (see KEY_LEGEND.md),2026-09-14,,
UP-0476,Maaneli Derakhshani,Max Derakhshani,,,active,scientist_or_technical_expert,scientist|academic,,US/NL,2024–present,2024,present,,Utrecht University,Theoretical physicist,Lunar and Apollo imagery anomaly research,,proponent_anomaly,"Says NASA archives hold differing versions of the same Apollo imagery, with anomalous objects present in one and absent in another",,,,contested|scientific_analysis,,medium,,2024,POD-005,,,,,,,,seed,,PER-205,seed-only row; primary_role and activity fields derived from seed corpus (see KEY_LEGEND.md),2026-09-14,,
UP-0477,Jason Samosa,,,,active,investigator_author_or_organization_leader,researcher|youtuber,,US,2022–present,2022,present,,,Independent researcher and video essayist,YouTube research series on UFO history and elite networks,,proponent_anomaly,"Maps the UFO subject onto intelligence, religious and elite-network history",,,,research|commentary,,medium,,2022,POD-005,,,,,,,,seed,,PER-206,seed-only row; primary_role and activity fields derived from seed corpus (see KEY_LEGEND.md),2026-09-14,,
UP-0478,Salvatore Pais,,,,active,scientist_or_technical_expert,scientist|engineer,,US,2016–present,2016,present,,US Navy|Naval Air Warfare Center Aircraft Division,Aerospace engineer; named inventor on US Navy patents,Patents on inertial mass reduction and high-frequency gravitational wave generation,,agnostic_scientific,His Navy patents are widely cited in UAP propulsion discussion; he has said prototypes were not built to his specifications,,,,documented|contested,,medium,,2016,,,,,,,,,seed,,PER-208,seed-only row; primary_role and activity fields derived from seed corpus (see KEY_LEGEND.md),2026-09-14,,
UP-0479,Ken Johnston Sr.,,,,active,,former_contractor|claimant,,US,2007–present,2007,present,,NASA (fmr consultant/contractor),Former NASA-contracted consultant and pilot,Dark Mission (co-authored claims),,proponent_nhi,Says he was ordered to destroy early Apollo negatives showing anomalous objects,,,,contested|firsthand_claim,,medium,,2007,POD-005,,,,,,,,seed,,PER-209,seed-only row; primary_role and activity fields derived from seed corpus (see KEY_LEGEND.md),2026-09-14,,
UP-0480,Thomas Winterton,,,,active,witness_or_experiencer,site_manager|witness,,US,2020–present,2020,present,,Skinwalker Ranch,Superintendent of Skinwalker Ranch,The Secret of Skinwalker Ranch,,proponent_anomaly,Reports injuries and anomalous events experienced on the property during ongoing investigations,,,,firsthand_claim|contested,,medium,,2020,POD-003,,,,,,,,seed,,PER-210,seed-only row; primary_role and activity fields derived from seed corpus (see KEY_LEGEND.md),2026-09-14,,
UP-0481,Erik Bard,,,,active,scientist_or_technical_expert,scientist|engineer,,US,2020–present,2020,present,,Skinwalker Ranch,"Principal investigator, Skinwalker Ranch",The Secret of Skinwalker Ranch instrumentation work,,proponent_anomaly,Designs and runs the instrumented experiments conducted at the ranch,,,,firsthand_claim|contested,,medium,,2020,,,,,,,,,seed,,PER-211,seed-only row; primary_role and activity fields derived from seed corpus (see KEY_LEGEND.md),2026-09-14,,
UP-0482,Victor Vescovo,,,,active,military_intelligence_insider_or_claimant,explorer|investor,,US,2026–present,2026,present,,Caladan Oceanic|US Navy (ret.),Deep-sea explorer; former naval intelligence officer,Five Deeps Expedition,,agnostic_scientific,Named as a participant in a deep-ocean search effort discussed in UAP/USO contexts,,,,on_record_public,,low,,2026-08,,,,,,,,,seed,,PER-212,seed-only row; primary_role and activity fields derived from seed corpus (see KEY_LEGEND.md),2026-09-14,,
UP-0483,Graeme Rendall,,,,active,author_or_cultural_figure,author|historian,,UK,2019–present,2019,present,,,British aviation historian and author,UFOs Before Roswell|Bite-Sized UFOs (YouTube),,agnostic_scientific,Documents pre-Roswell and wartime aerial anomaly reports from archival sources,,,,historical_analysis,,high,,2019,POD-003,,,,,,,,seed,,PER-214,seed-only row; primary_role and activity fields derived from seed corpus (see KEY_LEGEND.md),2026-09-14,,
UP-0484,Andy Thomas,,,,active,author_or_cultural_figure,author|lecturer,,UK,1996–present,1996,present,,,British author and lecturer,Vital Signs (crop circles)|conspiracy-culture writing,,proponent_anomaly,"Covers crop circles, UFO culture and the sociology of alternative belief",,,,research|commentary,,medium,,1996,POD-003,,,,,,,,seed,,PER-215,seed-only row; primary_role and activity fields derived from seed corpus (see KEY_LEGEND.md),2026-09-14,,
UP-0485,Shane Ryan,,,,active,investigator_author_or_organization_leader,researcher,,AU,2006–present,2006,present,,,Australian researcher,Westall '66 investigation and documentary work,,proponent_anomaly,Principal investigator of the 1966 Westall schoolyard mass-sighting case in Melbourne,,,,research,,high,,2006,POD-003,,,,,,,,seed,,PER-216,seed-only row; primary_role and activity fields derived from seed corpus (see KEY_LEGEND.md),2026-09-14,,
UP-0486,Darcy Weir,,,,active,journalist_host_or_filmmaker,filmmaker,,CA,2015–present,2015,present,,,Canadian documentary filmmaker,Dark Alliance and related UFO/secret-technology documentaries,,proponent_nhi,Produces documentaries on secret space program and suppressed technology claims,,,,documentary|contested,,medium,,2015,POD-003,,,,,,,,seed,,PER-217,seed-only row; primary_role and activity fields derived from seed corpus (see KEY_LEGEND.md),2026-09-14,,
UP-0487,Dan Zetterstrom,Dan (That UFO Podcast),,,active,journalist_host_or_filmmaker,commentator|co_host,,UK,2022–present,2022,present,,That UFO Podcast,Regular co-host and news analyst,Weekly news breakdown segments,,transparency_advocate,Co-anchors the show's news-analysis format,,,,commentary,,medium,,2022,POD-003,,,,,,,,seed,,PER-218,seed-only row; primary_role and activity fields derived from seed corpus (see KEY_LEGEND.md),2026-09-14,,
UP-0488,Melinda Leslie,,,,active,witness_or_experiencer,experiencer|researcher,,US,1995–present,1995,present,,,Experiencer researcher and lecturer,Research on 'reabduction' and military-intelligence harassment claims,,experiencer,Claims experiencers are subject to follow-up interrogation by human actors,,,,contested|firsthand_claim,,medium,,1995,POD-003,,,,,,,,seed,,PER-219,seed-only row; primary_role and activity fields derived from seed corpus (see KEY_LEGEND.md),2026-09-14,,
UP-0489,Corey Goode,,,,active,,claimant|contested_figure,,US,2014–present,2014,present,,Sphere Being Alliance,Claims participation in a secret space program,Cosmic Disclosure (Gaia),,proponent_nhi,Claims decades of service in a covert off-world program; widely disputed including within the UFO field,,,,contested|firsthand_claim,,medium,,2014,,,,,,,,,seed,,PER-220,seed-only row; primary_role and activity fields derived from seed corpus (see KEY_LEGEND.md),2026-09-14,,
UP-0490,Ammar Kandil,,,,active,journalist_host_or_filmmaker,producer|media,,US/EG,2026–present,2026,present,,Yes Theory,Co-founder of Yes Theory; co-producer,Co-produced the Ellsworth AFB reunion episode (2026),,journalist_neutral,Brings mainstream documentary production into UAP witness storytelling,,,,media_production,,medium,,2026,POD-005,,,,,,,,seed,,PER-223,seed-only row; primary_role and activity fields derived from seed corpus (see KEY_LEGEND.md),2026-09-14,,
UP-0491,Matt Gaetz,,,,active,government_official,politician_former,,US,2023–present,2023,present,,US House of Representatives (fmr),Former US Representative (R-FL),Eglin AFB UAP briefing episode|public hybrid-briefing claims,,transparency_advocate,Has made public claims about UAP briefings including references to alleged non-human biologics,,,,on_record_public|contested,,medium,,2023,,,,,,,,,seed,,PER-224,seed-only row; primary_role and activity fields derived from seed corpus (see KEY_LEGEND.md),2026-09-14,,
UP-0492,Steven Spielberg,,,,active,journalist_host_or_filmmaker,filmmaker,,US,1977–present,1977,present,,Amblin Entertainment,Director and producer,Close Encounters of the Third Kind (1977)|Disclosure Day (2026),,n/a,His 2026 UFO feature became a cultural focal point for the disclosure conversation,,,,cultural,,medium,,1977,,,,,,,,,seed,,PER-225,seed-only row; primary_role and activity fields derived from seed corpus (see KEY_LEGEND.md),2026-09-14,,
UP-0493,Samuel Chong,,,,active,investigator_author_or_organization_leader,researcher|translator,,US,2018–present,2018,present,,,Independent researcher,Translation and analysis work on international UFO cases,,proponent_anomaly,Brings non-English-language case material into the English-speaking discourse,,,,research,,low,,2018,POD-022,,,,,,,,seed,,PER-226,seed-only row; primary_role and activity fields derived from seed corpus (see KEY_LEGEND.md),2026-09-14,,
UP-0494,Ryan Wood,,,,active,author_or_cultural_figure,researcher|author,,US,1998–present,1998,present,,,Crash-retrieval researcher,Majic Eyes Only: Earth's Encounters with Extraterrestrial Technology,,proponent_nhi,Catalogues alleged crash-retrieval events and associated documents,,,,research|contested,,medium,,1998,POD-017,,,,,,,,seed,,PER-227,seed-only row; primary_role and activity fields derived from seed corpus (see KEY_LEGEND.md),2026-09-14,,
UP-0495,Bart Sibrel,,,,active,journalist_host_or_filmmaker,filmmaker|contested_figure,,US,2001–present,2001,present,,,Documentary filmmaker,A Funny Thing Happened on the Way to the Moon,,contested,Argues the Apollo Moon landings were faked; a contested adjacent figure in the discourse,,,,contested,,medium,,2001,POD-033|POD-061,,,,,,,,seed,,PER-228,seed-only row; primary_role and activity fields derived from seed corpus (see KEY_LEGEND.md),2026-09-14,,
UP-0496,Charlie Duke,,,,active,,astronaut,,US,1972–present,1972,present,,NASA (fmr)|US Air Force (ret.),Apollo 16 astronaut,Public appearances defending the Apollo record,,historical,Defends the authenticity of the Moon landings in public debate settings,,,,on_record_public,,medium,,1972,POD-061,,,,,,,,seed,,PER-229,seed-only row; primary_role and activity fields derived from seed corpus (see KEY_LEGEND.md),2026-09-14,,
UP-0497,Jason Sands,,,,active,military_intelligence_insider_or_claimant,claimant,,US,2023–present,2023,present,,US Air Force (fmr),Claims insider knowledge of UAP programs,Podcast interviews (2024-2026),,proponent_nhi,Makes firsthand claims about exposure to recovered craft; unverified,,,,contested|firsthand_claim,,low,,2023,POD-053,,,,,,,,seed,,PER-230,seed-only row; primary_role and activity fields derived from seed corpus (see KEY_LEGEND.md),2026-09-14,,
UP-0498,Chris DePerno,,,,active,investigator_author_or_organization_leader,field_investigator,,US,2018–present,2018,present,,MUFON New York|UAP Crossfire,MUFON state director for New York,Case investigations|podcast panel work,,proponent_anomaly,Field-investigation perspective on current cases,,,,research,,medium,,2018,POD-031,,,,,,,,seed,,PER-231,seed-only row; primary_role and activity fields derived from seed corpus (see KEY_LEGEND.md),2026-09-14,,
UP-0499,Katie Paige,,,,active,witness_or_experiencer,experiencer|advocate,,US,2022–present,2022,present,,MUFON Experiencer Resource Team,Experiencer advocate,MUFON Contact Radio appearances,,experiencer,Works with experiencers through MUFON's support structures,,,,experiencer_advocacy,,low,,2022,POD-015,,,,,,,,seed,,PER-232,seed-only row; primary_role and activity fields derived from seed corpus (see KEY_LEGEND.md),2026-09-14,,
UP-0500,Paul Wallis,,,,active,author_or_cultural_figure,author|theologian,,AU,2019–present,2019,present,,,Author and former Anglican archdeacon,Escaping from Eden|The Scars of Eden,,proponent_nhi,Reads ancient texts as describing non-human intelligence contact,,,,research|interpretation,,medium,,2019,POD-055,,,,,,,,seed,,PER-233,seed-only row; primary_role and activity fields derived from seed corpus (see KEY_LEGEND.md),2026-09-14,,
UP-0501,Nathaniel Gillis,,,,active,witness_or_experiencer,experiencer|author,,US,2021–present,2021,present,,,Author and experiencer,Contact narratives and interviews,,experiencer,Recounts personal contact experiences across experiencer-focused shows,,,,firsthand_claim,,low,,2021,POD-055,,,,,,,,seed,,PER-234,seed-only row; primary_role and activity fields derived from seed corpus (see KEY_LEGEND.md),2026-09-14,,
UP-0502,Paul Hamden,,,,active,investigator_author_or_organization_leader,medium|researcher,,AU,2010–present,2010,present,,,Australian researcher and claimed medium,Trance-based contact research with Zeta-type entities,,experiencer,Reports mediumship-based contact and studies experiencer phenomenology,,,,contested|firsthand_claim,,low,,2010,,,,,,,,,seed,,PER-235,seed-only row; primary_role and activity fields derived from seed corpus (see KEY_LEGEND.md),2026-09-14,,
UP-0503,Matt Beall,,,,active,journalist_host_or_filmmaker,podcast_host|businessman,,US,2024–present,2024,present,,Matt Beall Limitless,Host,Long-form interviews with UAP and ancient-mysteries figures,,proponent_anomaly,Mainstream-adjacent long-form platform for UAP and ancient-history guests,,,,platform,,medium,,2024,POD-076,,,,,,,,seed,,PER-236,seed-only row; primary_role and activity fields derived from seed corpus (see KEY_LEGEND.md),2026-09-14,,
UP-0504,Coley Weber,Coley UFO,,,active,witness_or_experiencer,radio_host|experiencer,,US,2025–present,2025,present,,SNX Radio,Founder and host of SNX Radio,SNX Radio live broadcasts,,experiencer,Experiencer-focused live radio platform launched in 2025,,,,platform|firsthand_claim,,low,,2025,POD-077,,,,,,,,seed,,PER-237,seed-only row; primary_role and activity fields derived from seed corpus (see KEY_LEGEND.md),2026-09-14,,
UP-0505,Chuck Clark,,,,unknown,scientist_or_technical_expert,observer|contested_figure,,US,1990–present,1990,present,,,Amateur astronomer and long-time Area 51 perimeter observer,Area 51 observation footage surfaced publicly in 2026,,proponent_anomaly,Associated with footage from the Area 51 perimeter that resurfaced and was debated in 2026,,,,contested|documented,,low,,1990,,,,,,,,,seed,,PER-238,seed-only row; primary_role and activity fields derived from seed corpus (see KEY_LEGEND.md),2026-09-14,,
UP-0506,TinyKlaus,,,,active,investigator_author_or_organization_leader,commentator|analyst,,,2022–present,2022,present,,,Independent UAP community analyst (pseudonymous),Hearing reaction panels on That UFO Podcast,,proponent_anomaly,Provides rapid analysis of hearings and document releases,,,,commentary,,low,,2022,POD-003,,,,,,,,seed,,PER-240,seed-only row; primary_role and activity fields derived from seed corpus (see KEY_LEGEND.md),2026-09-14,,
UP-0507,Michai Morin,,,,active,organization_leader_or_advocate,executive|analyst|founder|podcast_guest|conference_speaker,,United States,2023–present,2023,present,,Coeus Institute,"CEO, Coeus Institute",Project Unity presentations; UAP podcast and radio appearances,,,"Executive and analyst; presents on historical and modern UAP trends and appears regularly on UAP programs (Project Unity, the UAP Studies podcast, New Jersey WOND radio).",,,analytical_interpretation,,medium,,,,,Michai Morin — A Presentation on Historical & Modern UAP Trends (Project Unity),https://youtu.be/hhC-VC6Gp4U,appearance_record,"Project Unity guest announcement, 2026-01-21",https://www.facebook.com/groups/617328327480084/posts/763051809574401/,secondary_reference,2,added,,,,2026-09-14,"Earliest located public media credit c.2023 (Forces Behind Science Fiction, year-in-review episode); not yet pinned.","Added during reconciliation 2026-09-14; flagged missing by dataset owner. Project Unity presentation and 2026-01-21 guest listing confirmed publicly; additional appearances (UAP Studies podcast, WOND radio) reported by subject. Classification provisional. Descriptor corrected 2026-09-14 at subject's request (executive and analyst; earlier third-party descriptor removed)."
UP-0508,Deep Prasad,,,,active,scientist_or_technical_expert,physicist|founder|ceo|conference_speaker|podcast_guest,,Canada,2019–present,2019,present,,Quantum Generative Materials (GenMat)|ReactiveQ (fmr),"CEO, Quantum Generative Materials (GenMat)|Founder of ReactiveQ",Quantum computing research; UAP conference talks (McMenamins UFO Festival); podcast appearances,,,Physicist and quantum-computing entrepreneur known in the UAP community for public talks and podcast appearances on quantum technology and anomalous phenomena.,,,analytical_interpretation,,medium,,,,,McMenamins UFO Festival — Deep Prasad speaker bio,https://ufofest.com/deep-prasad/,primary_organization,LinkedIn — Deep Prasad (GenMat),https://ca.linkedin.com/in/deepprasad,secondary_directory,2,added,,,,2026-09-14,"First UAP-community activity set from earliest located public appearance (r/ufo AMA, 2019).",Added during reconciliation 2026-09-14; flagged missing by dataset owner. Cross-listed with dataset owner on Project Unity guest listings.
UP-0509,Joe Murgia,UFO Joe,,,active,journalist_host_or_filmmaker,journalist|disclosure|social_media_reporter|camera_operator,,United States,,,,,UFOJoe.net,Publisher of UFOJoe.net|Freelance Director of Photography and Camera Operator,UFOJoe.net; @TheUfoJoe on X,,,Publishes detailed reports and commentary on UAP disclosure developments via X (@TheUfoJoe) and UFOJoe.net; cited in mainstream coverage of the disclosure movement.,,,reporting_or_commentary,,medium,,,,,"Anomalous Podcast Network — Joe Murgia (UFO Joe), Wilson/Davis Memo & More",https://music.amazon.com/es-cl/podcasts/e8d4bee3-54f5-4fd1-a537-991c9e8edda5/episodes/f3d17be9-966b-488a-a85a-5224753d0856/anomalous-podcast-network-joe-murgia-ufo-joe---wilson-davis-memo-ufos-more,appearance_record,X — @TheUfoJoe,https://x.com/TheUfoJoe,primary_media_account,2,added,,,,2026-09-14,Active-span start not yet pinned.,Added during reconciliation 2026-09-14; flagged missing by dataset owner. Frequently the first public carrier of disclosure-related claims/documents.
UP-0510,Aaron Kuhn,Aaron Kight (variant spelling),,,active,journalist_host_or_filmmaker,podcaster|youtuber|author,,United States,,,,,Journey to Truth Podcast,"Co-host, Journey to Truth Podcast; author of 'Waking the Infinite Universe",,,,"Co-host of Journey to Truth Podcast since 2019 alongside Tyler Kiwala; disclosure activist, conference organizer and author covering ET contact, secret space programs and consciousness.",,,,,,,,,,About - JourneyToTruth (official),https://journeytotruth.online/about,primary_official,Journey to Truth episode page (Aaron's book),https://podscan.fm/podcasts/journey-to-truth-podcast-classics/episodes/427-pink-bella-galactic-transmission-artemis-ii-secret-mission-2026-27-28-future-outlook-10,secondary_reference,2,added,,,,2026-09-14,,Added 2026-09-14 via research batch (independent_media.json; category independent_media); researcher confidence: high. Researcher notes: Confirmed spelling 'Aaron Kuhn' via journeytotruth.online/about; some directories spell 'Kight'.
UP-0511,Adam Allsuch Boardman,,,,active,author_or_cultural_figure,author|illustrator,,UK,,,,,,,,,,"Illustrator and author of 'An Illustrated History of UFOs' (Nobrow, 2020), a widely reviewed graphic history of the saucer era.",,,,,,,,,,Nobrow Press – An Illustrated History of UFOs,https://nobrow.net/book/an-illustrated-history-of-ufos,secondary_reference,AOI review,https://theaoi.com/news/an-illustrated-history-of-ufos-review,secondary_reference,2,added,,,,2026-09-14,,"Added 2026-09-14 via research batch (authors.json; category Published UAP/UFO book authors); researcher confidence: high. Researcher notes: Book: 'An Illustrated History of UFOs' (2020, Nobrow)."
UP-0512,Adam Dodd,,,,active,author_or_cultural_figure,speaker|conference,,Australia,,,,,Independent academia (media/animal studies),Senior lecturer (former)|Author,,,,"Scholar who co-hosted the 'Consciousness Studies, Esotericism, and UAP' opening roundtable at the SUAPS 2025 Erlangen conference.",,,,,,,,,,SUAPS: Interdisciplinarity in Contemporary UAP Studies (Erlangen recap),https://societyforuapstudies.org/post/interdisciplinarity-in-contemporary-uap-studies,primary_organization,,,,1,added,,,,2026-09-14,,"Added 2026-09-14 via research batch (conf_research_policy.json; category conf_research_policy); researcher confidence: medium. Researcher notes: Affiliation not stated in source; identity: Dr. Adam Dodd, cultural/media studies scholar."
UP-0513,Adam Frank,,,,active,scientist_or_technical_expert,astrophysicist|technosignatures|UAP commentary,,United States,,,,,University of Rochester,Helen F. and Fred H. Gowans Professor of Physics & Astronomy,,,,"University of Rochester astrophysicist; NPR's go-to UAP analyst ('just more fuzzy blob videos,' May 2026) and author of The Little Book of Aliens studying technosignatures and civilisations.",,,,,,,,,,VPM/NPR: An astrophysicist's take on the government's UAP files (2026-05-13),https://vpm.org/npr-news/2026-05-13/an-astrophysicists-take-on-the-governments-uap-files-just-more-fuzzy-blob-videos,secondary_reference,,,,1,added,,,,2026-09-14,,Added 2026-09-14 via research batch (science_academics.json; category Scientists & Academics); researcher confidence: high.
UP-0514,Adam Gorightly,,,,active,author_or_cultural_figure,author|historian,,US,,,,,,Crackpot Historian (self-styled),,,,"Author of 'Saucers, Spooks and Kooks: UFO Disinformation in the Age of Aquarius', the standard history of UFO disinformation culture and James 'Dark Consultant' subjects.",,,,,,,,,,"Goodreads – Saucers, Spooks and Kooks",https://goodreads.com/book/show/57179933-saucers-spooks-and-kooks,secondary_reference,"Amazon – Saucers, Spooks and Kooks",https://amazon.com/Saucers-Spooks-Kooks-Disinformation-Aquarius/dp/0994617682,secondary_reference,2,added,,,,2026-09-14,,"Added 2026-09-14 via research batch (authors.json; category Published UAP/UFO book authors); researcher confidence: high. Researcher notes: Book: 'Saucers, Spooks and Kooks' (2021); documentary adaptation directed by Christopher Graybill."
UP-0515,Adam Kirsch,,,,active,author_or_cultural_figure,author|literary critic,,US,,,,,The Atlantic,"Senior Editor, The Atlantic",,,,"Literary critic and Atlantic senior editor whose 'We Want to Believe' (Columbia Global Reports, 2026) is a cultural history of UFO belief from Cold War skeptics to modern UAP-era believers.",,,,,,,,,,Penguin Random House – We Want to Believe,https://penguinrandomhouse.com/books/840694/we-want-to-believe-by-adam-kirsch,secondary_reference,Space.com interview on We Want to Believe,https://space.com/entertainment/we-want-to-believe-book-explores-the-reality-of-ufos-its-always-going-to-be-more-likely-that-someone-is-wrong-about-what-they-saw-interview,secondary_reference,3,added,,,,2026-09-14,,"Added 2026-09-14 via research batch (authors.json; category Published UAP/UFO book authors); researcher confidence: high. Researcher notes: Book: 'We Want to Believe' (2026); known gap flagged by owner, confirmed missing from registry. Additional sources: https://econtalk.org/econtalk/are-we-alone-cosmic-loneliness-and-the-longing-to-believe-with-adam-kirsch"
UP-0516,Alan Steinfeld,,,,active,journalist_host_or_filmmaker,speaker|media_host|author,,USA,,,,,New Realities,Host of New Realities|author of Making Contact,,,,ET-contact author and New Realities host; longtime MC and speaker at Contact in the Desert including 2026.,,,,,,,,,,Contact in the Desert 2026 Speakers,https://contactinthedesert.com/speakers/,primary_official,,,,1,added,,,,2026-09-14,,Added 2026-09-14 via research batch (conf_us_consumer.json; category conf_us_consumer); researcher confidence: high.
UP-0517,Alex Collier,Ralph Amagran,,,active,author_or_cultural_figure,author|contactee,,US,,,,,,,,,,Andromedan-contact lecturer whose 'Defending Sacred Ground: The Andromedan Compendium' circulates widely in the contactee/exopolitics community.,,,,,,,,,,Google Books – Defending Sacred Ground,https://books.google.com/books/about/Defending_Sacred_Ground.html?id=n32IGwAACAAJ,secondary_reference,Avalon Library ebook copy,https://avalonlibrary.net/ebooks/Alex%20Collier%20-%20Defending%20Sacred%20Ground.pdf,secondary_reference,2,added,,,,2026-09-14,,Added 2026-09-14 via research batch (authors.json; category Published UAP/UFO book authors); researcher confidence: medium. Researcher notes: Book: 'Defending Sacred Ground: The Andromedan Compendium'.
UP-0518,Alexis Brooks,,,,active,journalist_host_or_filmmaker,speaker|journalist|author,,USA,,,,,Higher Journeys,Consciousness/UAP journalist and author,,,,Journalist covering consciousness and the paranormal (Higher Journeys); speaker at Contact in the Desert 2026.,,,,,,,,,,Contact in the Desert 2026 Speakers,https://contactinthedesert.com/speakers/,primary_official,,,,1,added,,,,2026-09-14,,Added 2026-09-14 via research batch (conf_us_consumer.json; category conf_us_consumer); researcher confidence: medium.
UP-0519,Alfonso Salazar Mendoza,Alfonso Salazar,,,active,scientist_or_technical_expert,aviation_technician|case_investigator|author,,Mexico,,,,,Tercer Milenio (historic)|MUFON (associated),"Co-author, Ovnis y la Aviación Mexicana / UFOs Over Mexico!|Decades of Mexican aviation-UFO case research",,,,"Per Roswell Books and the book's NARCAP foreword, Salazar is one of Mexico's most experienced UFO researchers, co-authoring the standard work on pilot/UAP encounters in Mexican airspace with Carlos Guzmán.",,,,,,,,,,UFOs Over Mexico (Roswell Books page — Guzmán & Salazar bios),https://roswellbooks.com/?page_id=893,secondary_reference,Mexico: Rhomboidal UFOs Over Mexico (Inexplicata — Salazar credited),http://inexplicata.blogspot.com/2015/10/mexico-rhomboidal-ufos-over-mexico.html,secondary_reference,2,added,,,,2026-09-14,,Added 2026-09-14 via research batch (international.json; category researcher_investigator); researcher confidence: medium. Researcher notes: Recent-activity status inferred from continued media work; verify at merge.
UP-0520,Andrea Pérez Simondini,,,,active,scientist_or_technical_expert,organization_director|international_coalition,,Argentina,,,,,CEFORA|ICER (International Coalition for Extraterrestrial Research),"Director, CEFORA|South America Continental Director, ICER",,,,"Per the Who Are You!? consulting credits and ICER-affiliated bios, Andrea Pérez Simondini directs Argentine group CEFORA and serves as ICER's South America continental director.",,,,,,,,,,"Who Are You!? press page (Andrea Pérez Simondini, CEFORA/ICER)",https://pressengine.games/who-are-you,secondary_reference,"Who Are You!? game credits (jestr.gg, same consultant bios)",https://jestr.gg/games/who-are-you--2,secondary_reference,2,added,,,,2026-09-14,,Added 2026-09-14 via research batch (international.json; category researcher_investigator); researcher confidence: medium. Researcher notes: Thin public sources; ICER role consistent with Heseltine's ICER network. Verify at merge.
UP-0521,André Skondras,Andre Skondras,,,active,scientist_or_technical_expert,writer|researcher,,Greece,,,,,The UFO Chronicles,"Frequent contributor, The UFO Chronicles",,,,Longtime UAP writer who distributes and contributes UFO articles across the internet; regular The UFO Chronicles contributor with new articles published as recently as August 2026.,,,,,,,,,,Book review by André Skondras - The UFO Chronicles,http://theufochronicles.com/2012/05/book-review-aztec-incident-recovery-at.html,secondary_reference,"GreyAlien UAP news digest citing The UFO Chronicles / André Skondras (Aug 21, 2026)",https://greyalien.com/categories/latest-uap-news.html,secondary_reference,2,added,,,,2026-09-14,,Added 2026-09-14 via research batch (independent_media.json; category independent_media); researcher confidence: medium. Researcher notes: Based in Greece per prior ufology listings; primarily a distributor/contributor of UFO articles rather than a show host.
UP-0522,Andy Biggs,Andrew Steven Biggs,,,active,government_official,representative,,United States,,,,,Republican Party|U.S. House,"U.S. Representative (R-AZ, 2017-2027)",,,,"Arizona Republican waived onto the declassification task force to question witnesses at the Sept 9, 2025 House UAP hearing.",,,,,,,,,,"Restoring Public Trust Through UAP Transparency and Whistleblower Protection (Hearing, Sept 9 2025)",https://govinfo.gov/content/pkg/CHRG-119hhrg61718/html/CHRG-119hhrg61718.htm,primary_official,,,,1,added,,,,2026-09-14,,Added 2026-09-14 via research batch (politics.json; category politics); researcher confidence: medium. Researcher notes: Running for Arizona governor in 2026; House term runs through January 2027.
UP-0523,Andy Ogles,Andrew Ogles,,,active,government_official,representative,,United States,,,,,Republican Party|U.S. House,"U.S. Representative (R-TN, 2023-present)",,,,"Tennessee Republican waived onto the Oversight declassification task force to question witnesses at the Sept 9, 2025 UAP hearing.",,,,,,,,,,"Restoring Public Trust Through UAP Transparency and Whistleblower Protection (Hearing, Sept 9 2025)",https://govinfo.gov/content/pkg/CHRG-119hhrg61718/html/CHRG-119hhrg61718.htm,primary_official,,,,1,added,,,,2026-09-14,,Added 2026-09-14 via research batch (politics.json; category politics); researcher confidence: medium.
UP-0524,Andy Roberts,,,,active,skeptic_or_critical_analyst,skeptic|author|investigator,,United Kingdom,,,,,Fortean Times (UFO columnist)|formerly BUFORA and IUN,"Author, UFO Down? The Berwyn Mountain UFO Crash (2010)|co-author, Out of the Shadows (2002)",,,,British Fortean researcher whose Berwyn Mountain investigation explained the 'Welsh Roswell' as a coincident earthquake and meteor fireball; co-authored Out of the Shadows on the UK government's UFO files.,,,,,,,,,,Overclassified - UFO Down? analysis,https://overclassified.org/essential-reading/ufo-down,secondary_reference,UK-UFO.org biography page,http://uk-ufo.org/condign/bioar.htm,secondary_reference,2,added,,,,2026-09-14,,Added 2026-09-14 via research batch (skeptics_critics.json; category Skeptics & Critics); researcher confidence: medium. Researcher notes: Self-described skeptic rather than ET believer; long-time Fortean Times contributor.
UP-0525,Anna Brady-Estevez,,,,active,organization_leader_or_advocate,speaker|conference,,United States,,,,,American DeepTech,Founding partner|Investor,,,,"Founding partner at American DeepTech; Sol Foundation 2025 speaker (with Jonathan Berte) on disclosure-forward investment, technology and infrastructure.",,,,,,,,,,2025 Sol Foundation Symposium agenda,https://thesolfoundation.org/the-2025-sol-foundation-symposium-provisional-agenda/,primary_official,,,,1,added,,,,2026-09-14,,Added 2026-09-14 via research batch (conf_research_policy.json; category conf_research_policy); researcher confidence: medium.
UP-0526,Annie Jacobsen,,,,active,author_or_cultural_figure,author|journalist,,US,,,,,,Pulitzer finalist journalist,,,,Investigative journalist whose bestseller 'Area 51: An Uncensored History' advanced the contested Roswell-children claim and remains central to UAP-adjacent debate.,,,,,,,,,,Amazon – Area 51,https://amazon.com/Area-51-Uncensored-Americas-Military/dp/0316132942,secondary_reference,USF Journal of Scientific Security Studies citation,https://digitalcommons.usf.edu/cgi/viewcontent.cgi?article=1127&context=jss,secondary_reference,2,added,,,,2026-09-14,,"Added 2026-09-14 via research batch (authors.json; category Published UAP/UFO book authors); researcher confidence: high. Researcher notes: Book: 'Area 51: An Uncensored History' (2011, Little, Brown)."
UP-0527,Art Frazier,,,,active,scientist_or_technical_expert,speaker|researcher,,USA,,,,,,Independent researcher,,,,"Presented 'Real Alien Encounters: The Gods Live in The Shadows' at UFO Con 2025 (Burlingame, CA).",,,,,,,,,,UFO Con 2025: Make Contact on the Bay (EIN Presswire),https://news10.com/business/press-releases/ein-presswire/788737614/ufo-con-2025-make-contact-on-the-bay/,secondary_reference,UFO CON 2025 (official site),https://ufocon2025.com,primary_official,2,added,,,,2026-09-14,,Added 2026-09-14 via research batch (conf_us_consumer.json; category conf_us_consumer); researcher confidence: low. Researcher notes: Limited bio available; sourced from official speaker announcement.
UP-0528,Ashton Forbes,,,,active,scientist_or_technical_expert,speaker|researcher,,USA,,,,,,Independent researcher of the MH370 orb videos,,,,Researcher known for analysis of the alleged MH370 teleportation/orb videos; listed among Cosmic Summit 2025 stars.,,,,,,,,,,"Cosmic Summit (official site, 2025 speaker list)",https://www.cosmicsummit.com/,primary_official,,,,1,added,,,,2026-09-14,,Added 2026-09-14 via research batch (conf_us_consumer.json; category conf_us_consumer); researcher confidence: medium.
UP-0529,Baptiste Friscourt,,,,active,scientist_or_technical_expert,researcher|French UAP research|co-author,,France,,,,,"Universite de Bourgogne, Dijon","UAP researcher, Universite de Bourgogne",,,,Universite de Bourgogne-affiliated researcher listed among the 34 authors of the 2025 'New Science of Unidentified Aerospace-Undersea Phenomena' review.,,,,,,,,,,"The New Science of UAP (arXiv:2502.06794, author list)",https://arxiv.org/pdf/2502.06794v1,secondary_reference,,,,1,added,,,,2026-09-14,,Added 2026-09-14 via research batch (science_academics.json; category Scientists & Academics); researcher confidence: low. Researcher notes: Role beyond co-authorship not independently verified.
UP-0530,Barbara Lamb,,,,active,author_or_cultural_figure,author|researcher|hypnotherapist,,US,,,,,MUFON,Licensed Psychotherapist,,,,"UFO abduction researcher and regression therapist, co-author of 'Meet the Hybrids: The Lives and Missions of ET Ambassadors on Earth' and 'Alien Experiences'.",,,,,,,,,,Amazon – Meet the Hybrids,https://amazon.in/Meet-Hybrids-Lives-Missions-Ambassadors/dp/1544814771,secondary_reference,AlienJigsaw – Lamb & Lalich essay,https://alienjigsaw.com/et-essays/Barbara-Lamb-Nadine-Lalich-Meet-The-Hybrids.html,secondary_reference,2,added,,,,2026-09-14,,"Added 2026-09-14 via research batch (authors.json; category Published UAP/UFO book authors); researcher confidence: medium. Researcher notes: Books: 'Meet the Hybrids' (with Miguel Mendonca), 'Alien Experiences' (with Scotty Roberts)."
UP-0531,Barry Greenwood,,,,,author_or_cultural_figure,author|researcher|archivist,,US,,,,,Citizens Against UFO Secrecy (CAUS),,,,,"Archivist and co-author with Lawrence Fawcett of 'Clear Intent: The Government Coverup of the UFO Experience' (1984), the classic FOIA-based secrecy study.",,,,,,,,,,Amazon – Clear Intent,http://amazon.com/Clear-Intent-Government-Coverup-Experience/dp/0131366491,secondary_reference,Overclassified – Clear Intent,https://overclassified.org/essential-reading/clear-intent,secondary_reference,2,added,,,,2026-09-14,,Added 2026-09-14 via research batch (authors.json; category Published UAP/UFO book authors); researcher confidence: high. Researcher notes: Book: 'Clear Intent' (1984; retitled 'The UFO Cover-Up').
UP-0532,Ben Hansen,,,,active,journalist_host_or_filmmaker,speaker|tv_host|investigator,,USA,,,,,UAPx (UFO research team),Former FBI agent|host of Fact or Faked: Paranormal Files|skywatch investigator,,,,Ex-FBI agent and paranormal TV host who leads UAP skywatch expeditions; Contact in the Desert 2026 speaker.,,,,,,,,,,Contact in the Desert 2026 Speakers,https://contactinthedesert.com/speakers/,primary_official,,,,1,added,,,,2026-09-14,,Added 2026-09-14 via research batch (conf_us_consumer.json; category conf_us_consumer); researcher confidence: high.
UP-0533,Ben Hendy,Caspersight,,,active,journalist_host_or_filmmaker,youtuber,,United Kingdom,,,,,Caspersight YouTube channel,Paranormal/UAP YouTuber,,,,"UK creator behind Caspersight (~983k subscribers), mixing paranormal reaction content with serious UAP/UFO clip breakdowns; went full-time as a UFO-and-paranormal creator.",,,,,,,,,,Ben Hendy (Caspersight) interview - Exploring Every Angle,https://fyyd.de/episode/13360628,secondary_reference,Caspersight channel profile,https://similarchannels.com/c/caspersight,secondary_reference,3,added,,,,2026-09-14,,Added 2026-09-14 via research batch (independent_media.json; category independent_media); researcher confidence: high. Researcher notes: YouTube @Caspersight (~983k); based in UK (Worthing area per feedspot-adjacent listings); management BOSS MGMT GRP. Additional sources: https://reddit.com/r/ufo/comments/1nw3hwg/the_best_ufouap_youtube_channels_keep_up_with
UP-0534,Ben Lamm,,,,active,organization_leader_or_advocate,speaker|conference,,United States,,,,,Colossal Biosciences,"Co-founder and CEO, Colossal Biosciences|UAPSAC member",,,,"Billionaire biotech entrepreneur, co-founder/CEO of Colossal Biosciences; publicly named member of the UAP Science Advisory Council (2026).",,,,,,,,,,Harvard Crimson: Inside Avi Loeb's UAP Council,https://www.thecrimson.com/article/2026/7/11/avi-loeb-uap-council/,secondary_reference,,,,1,added,,,,2026-09-14,,Added 2026-09-14 via research batch (conf_research_policy.json; category conf_research_policy); researcher confidence: high.
UP-0535,Ben Schreckinger,Paradigm|Signs of Life,,,active,journalist_host_or_filmmaker,journalist|newsletter_writer,,United States,,,,,Paradigm (paradigm.news)|ex-Politico,"Founder/publisher, Paradigm; former Politico national political correspondent",,,,"Former Politico correspondent and author of 'The Bidens' who launched Paradigm and its weekly UAP/NHI briefing 'Signs of Life', breaking exclusives such as the Whistling Mike unmasking (Sept 2026).",,,,,,,,,,About - Paradigm (paradigm.news),https://paradigm.news/about,primary_official,EXCLUSIVE: new UFO 'whistleblower' unmasked — Signs of Life #01,https://paradigm.news/p/exclusive-new-ufo-whistleblower-unmasked,secondary_reference,3,added,,,,2026-09-14,,Added 2026-09-14 via research batch (independent_media.json; category independent_media); researcher confidence: high. Researcher notes: Substack/newsletter: paradigm.news; weekly briefing 'Signs of Life'; appeared on Breaking Points (2026). Additional sources: https://nickcook.substack.com/p/the-age-of-anomalies
UP-0536,Ben van Kerkwyk,,,,active,scientist_or_technical_expert,speaker|content_creator,,Australia,,,,,UnchartedX,Creator of UnchartedX|researcher of ancient precision engineering,,,,Ancient-technology researcher and video creator; Cosmic Summit speaker roster 2025.,,,,,,,,,,Cosmic Summit (official site),https://www.cosmicsummit.com/,primary_official,,,,1,added,,,,2026-09-14,,Added 2026-09-14 via research batch (conf_us_consumer.json; category conf_us_consumer); researcher confidence: medium.
UP-0537,Benjamin E. Zeller,,,,active,author_or_cultural_figure,author|academic,,US,,,,,Lake Forest College,Professor of Religion,,,,"Religion scholar and author of 'Heaven's Gate: America's UFO Religion' (NYU Press, 2014), the standard academic study of the UFO cult.",,,,,,,,,,Amazon – Heaven's Gate: America's UFO Religion,https://amazon.com/Heavens-Gate-Americas-UFO-Religion/dp/1479881066,secondary_reference,University of Chicago journal review,https://journals.uchicago.edu/doi/10.1086/689402,secondary_reference,2,added,,,,2026-09-14,,Added 2026-09-14 via research batch (authors.json; category Published UAP/UFO book authors); researcher confidence: high. Researcher notes: Book: 'Heaven's Gate: America's UFO Religion' (2014).
UP-0538,Benjamin Fields,,,,active,scientist_or_technical_expert,speaker|conference,,United States,,,,,Astronomy and astrophysics researcher,UAP/SETI researcher,,,,Astronomy and astrophysics researcher who spoke at SCU 2026 on UAP in a SETI context and is scheduled to give a Society for UAP Studies seminar 'UAP in a SETI Context' (Sept 2026).,,,,,,,,,,SCU Conference 2026 speakers,https://www.explorescu.org/conferences/scu-conference-2026,primary_official,Society for UAP Studies events portal (seminars),https://www.societyforuapstudies.org/,primary_official,2,added,,,,2026-09-14,,Added 2026-09-14 via research batch (conf_research_policy.json; category conf_research_policy); researcher confidence: high.
UP-0539,Benjamin Hansen,,,,active,journalist_host_or_filmmaker,speaker|conference,,United States,,,,,Independent,"TV host/producer (Discovery, Travel, History, Syfy, Smithsonian)|Security and emergency industry professional",,,,Security-industry professional and television host/producer; SCU 2025 conference presenter on UAP investigations.,,,,,,,,,,SCU Conference 2025 presenters,https://www.explorescu.org/conferences/scu-conference-2025,primary_official,,,,1,added,,,,2026-09-14,,Added 2026-09-14 via research batch (conf_research_policy.json; category conf_research_policy); researcher confidence: medium.
UP-0540,Bertrand Méheust,Bertrand Meheust,,,,scientist_or_technical_expert,speaker|conference,,France,,,,,Retired academia,"Retired professor of philosophy|Author, science-fiction and UFO studies",,,,French philosopher whose work links science fiction and UFO phenomena; plenary speaker ('The Problem of Elusiveness') at the SUAPS 2024 online conference.,,,,,,,,,,SUAPS 2024 online conference speakers (EINPresswire),https://www.einpresswire.com/article/729792417/the-society-for-uap-studies-hosts-an-online-conference-on-the-scope-of-contemporary-uap-studies,secondary_reference,,,,1,added,,,,2026-09-14,,Added 2026-09-14 via research batch (conf_research_policy.json; category conf_research_policy); researcher confidence: high. Researcher notes: Elderly scholar (b. 1943); 2024 conference talk was recent but current activity unclear.
UP-0541,Bill Chalker,,,,active,scientist_or_technical_expert,researcher|physical_trace|industrial_chemist,,Australia,,,,,Anomaly Physical Evidence Group (APEG)|RAAF UFO files civilian access (historic),"Author, The Oz Files|Australian UFO physical-trace investigator",,,,"Per ABC News (Dec 2024), Chalker became one of the first civilians to access the RAAF's secret UFO files and remains Australia's leading physical-trace investigator, including DNA work on anomalous evidence.",,,,,,,,,,"How Bill Chalker became one of the first civilians to access the RAAF's secret UFO files (ABC News, 2024-12-07)",https://www.abc.net.au/news/2024-12-07/accessing-australia-secret-ufo-files/104673082,secondary_reference,Podcast: Australia's Leading Ufologist Reveals Alien DNA Evidence - Bill Chalker,https://music.youtube.com/podcast/KbzLq5-BUV0,secondary_reference,2,added,,,,2026-09-14,,Added 2026-09-14 via research batch (international.json; category researcher_investigator); researcher confidence: high. Researcher notes: Confirmed absent from registry. Ongoing media and podcast presence through 2024-2025.
UP-0542,Billy Carson,,,,active,author_or_cultural_figure,author|media personality,,US,,,,,4biddenknowledge,4biddenknowledge Founder,,,,"Ancient-astronaut and consciousness author ('Compendium of the Emerald Tablets'), 'Ancient Aliens' TV personality, active on the UAP disclosure circuit.",,,,,,,,,,Amazon.ca – Compendium of the Emerald Tablets,https://amazon.ca/Compendium-Emerald-Tablets-Billy-Carson/dp/0578476169,secondary_reference,,,,1,added,,,,2026-09-14,,Added 2026-09-14 via research batch (authors.json; category Published UAP/UFO book authors); researcher confidence: medium. Researcher notes: Book: 'Compendium Of The Emerald Tablets'; 4biddenknowledge media brand.
UP-0543,Bjørn Gitle Hauge,,,,active,scientist_or_technical_expert,scientist|instrumented_research|radar,,Norway,,,,,Østfold University College|Project Hessdalen|EMBLA project,"Leader, Hessdalen Atmosphere Physics research group|Author, Acta Astronautica paper on Hessdalen TLPs (2010)",,,,"Per his ORCID record and Østfold University pages, Hauge leads Hessdalen valley luminous-phenomena instrumentation (radar, VLF, optical) and has published on the phenomenon since 1998 including 2025 work.",,,,,,,,,,Bjørn Gitle Hauge - ORCID record (works 2006-2025),https://orcid.org/0000-0003-2366-1410,secondary_reference,Atmosphere Physics research group - Østfold University College,https://hiof.no/iio/ing/english/research/groups/atmosphere-physics,secondary_reference,3,added,,,,2026-09-14,,Added 2026-09-14 via research batch (international.json; category researcher_investigator); researcher confidence: high. Researcher notes: Peer-reviewed UAP-adjacent science; colleague of registered Erling Strand. Additional sources: https://ufomagazines.com/0-scientific-journal-articles-2010-12-00-acta-astronautica-vol-67-no-11-12-hauge-hessdalen
UP-0544,Blake Cousins,thirdphaseofmoon|Third Phase of Moon,,,active,journalist_host_or_filmmaker,youtuber,,United States,,,,,thirdphaseofmoon YouTube channel,"Co-founder/co-host, Third Phase of Moon (with brother Brent Cousins)",,,,"Co-founder of thirdphaseofmoon (~819k subscribers), one of the oldest large UFO channels, curating viewer-submitted UAP footage worldwide; actively posting through 2026 and hosting sighting events.",,,,,,,,,,Thirdphaseofmoon UAP footage coverage - USubjects,https://usubjects.com/article/thirdphaseofmoon-shares-newly-released-uap-footage-of-anomalous-aerial-phenomena-3043,secondary_reference,thirdphaseofmoon video (2026) - YouTube,https://youtube.com/watch?is=X6kUOo2RJVCL1LH7&v=TX1BclMtHdA,primary_media_account,3,added,,,,2026-09-14,,Added 2026-09-14 via research batch (independent_media.json; category independent_media); researcher confidence: medium. Researcher notes: YouTube @thirdphaseofmoon (~819k); co-host brother Brent Cousins; submissions email cousinsbrothersproductions@gmail.com. Additional sources: https://hk.youtubers.me/thirdphaseofmoon/youtuber-stats
UP-0545,Brad Olsen,,,,active,scientist_or_technical_expert,speaker|author|publisher,,USA,,,,,CCC Publishing,Author and publisher|Antarctica researcher,,,,Author/publisher researching Antarctica anomalies and ancient sites; speaker at Contact in the Desert 2026.,,,,,,,,,,Contact in the Desert 2026 Speakers,https://contactinthedesert.com/speakers/,primary_official,,,,1,added,,,,2026-09-14,,Added 2026-09-14 via research batch (conf_us_consumer.json; category conf_us_consumer); researcher confidence: medium.
UP-0546,Brad Steiger,,,,,author_or_cultural_figure,author,,US,,,,,,,,,,"Prolific paranormal author whose 'Project Blue Book' (2019, with Donald Schmitt) compiled the declassified Air Force files; hundreds of books across the field.",,,,,,,,,,Amazon.ca – Project Blue Book,https://amazon.ca/Project-Blue-Book-Revealed-Government/dp/1590033000,secondary_reference,Audible author page,https://audible.com/author/Brad-Steiger/B000API7IM,secondary_reference,2,added,,,,2026-09-14,,"Added 2026-09-14 via research batch (authors.json; category Published UAP/UFO book authors); researcher confidence: high. Researcher notes: Books: 'Project Blue Book' (2019, with Don Schmitt); died 2018; posthumous editions still sell."
UP-0547,Brandi Vincent,,,,active,journalist_host_or_filmmaker,reporter|defense tech|UAP beat,,USA,,,,,DefenseScoop (Scoop News Group)|Nextgov (former)|NBC (former),Staff reporter covering emerging and disruptive defense technologies,,,,"DefenseScoop reporter who owns the outlet's UAP beat, covering AARO, the PURSUE program and congressional UAP records battles since 2023.",,,,,,,,,,Brandi Vincent - author bio (Scoop News Group),https://fedscoop.com/author/bvincent/,secondary_reference,Brandi Vincent UAP article index (UAPCheck),https://uapcheck.com/people/Brandi%20Vincent,secondary_reference,2,added,,,,2026-09-14,,Added 2026-09-14 via research batch (mainstream_media.json; category mainstream_media); researcher confidence: high. Researcher notes: Not in registry. 2021 Paul Miller Washington Fellow; her UAP byline record is dense and current through Sept 2026.
UP-0548,Brandon Gill,,,,active,government_official,representative,,United States,,,,,Republican Party|U.S. House|House Oversight Task Force on the Declassification of Federal Secrets,"U.S. Representative (R-TX, 2025-present)",,,,"Freshman Republican on the Oversight declassification task force; listed as present at the Sept 9, 2025 UAP whistleblower hearing.",,,,,,,,,,"Restoring Public Trust Through UAP Transparency and Whistleblower Protection (Hearing, Sept 9 2025)",https://govinfo.gov/content/pkg/CHRG-119hhrg61718/html/CHRG-119hhrg61718.htm,primary_official,,,,1,added,,,,2026-09-14,,Added 2026-09-14 via research batch (politics.json; category politics); researcher confidence: high.
UP-0549,Brenda Denzler,,,,active,author_or_cultural_figure,speaker|conference,,United States,,,,,Independent scholar,"Author, The Lure of the Edge|PhD",,,,"Scholar and author of The Lure of the Edge: Scientific Passions, Religious Beliefs, and the Pursuit of UFOs; plenary speaker at SUAPS 2024 and the Rice AOTI 2025 conference.",,,,,,,,,,SUAPS 2024 online conference speakers (EINPresswire),https://www.einpresswire.com/article/729792417/the-society-for-uap-studies-hosts-an-online-conference-on-the-scope-of-contemporary-uap-studies,secondary_reference,Archives of the Impossible 2025: The UFO and the Impossible (program),https://impossiblearchives.rice.edu/ufo-and-impossible,primary_official,2,added,,,,2026-09-14,,Added 2026-09-14 via research batch (conf_research_policy.json; category conf_research_policy); researcher confidence: high.
UP-0550,Brent Raynes,,,,active,journalist_host_or_filmmaker,speaker|editor|author,,USA,,,,,Alternate Perceptions Magazine,Editor of Alternate Perceptions|author of John Keel biography,,,,"Longtime ufologist, editor of Alternate Perceptions and John A. Keel biographer; speaker at the 2025 Ozark Mountain UFO Conference.",,,,,,,,,,Ozark Mountain 2025 UFO Conference speaker list,https://ozarkmt.com/product/2025-ozark-mountain-ufo-conference-dvd-set,primary_official,,,,1,added,,,,2026-09-14,,Added 2026-09-14 via research batch (conf_us_consumer.json; category conf_us_consumer); researcher confidence: high.
UP-0551,Brett Tingley,,,,,journalist_host_or_filmmaker,reporter|aerospace|UAP beat,,USA,,,,,The War Zone (TWZ)|The Drive,"Former staff writer, The War Zone",,,,Defense and aerospace writer who authored some of TWZ's most-cited early UAP/UFO-adjacent drone incursion reporting.,,,,,,,,,,Mystery Drone Flaps archive (cites Tingley TWZ UAP-adjacent articles),https://anomalyarchives.org/collections/file/mystery-drone-flaps,secondary_reference,The War Zone (magazine) - staff listing,https://en.everybodywiki.com/The_War_Zone_(magazine),secondary_reference,2,added,,,,2026-09-14,,"Added 2026-09-14 via research batch (mainstream_media.json; category mainstream_media); researcher confidence: medium. Researcher notes: Not in registry. Verified byline via archive citation; current 2026 activity at TWZ not confirmed, hence active_today=unknown."
UP-0552,Brian Sentes,,,,active,scientist_or_technical_expert,speaker|conference,,Canada,,,,,Independent researcher,Independent researcher,,,,"Independent researcher who argued at the SUAPS 2025 conference that UAP research is inherently reflexive, likening SETI to a search for humanity's cognitive limits.",,,,,,,,,,SUAPS: Interdisciplinarity in Contemporary UAP Studies (Erlangen recap),https://societyforuapstudies.org/post/interdisciplinarity-in-contemporary-uap-studies,primary_organization,,,,1,added,,,,2026-09-14,,Added 2026-09-14 via research batch (conf_research_policy.json; category conf_research_policy); researcher confidence: medium.
UP-0553,Brit Elders,,,,active,investigator_author_or_organization_leader,speaker|author|investigator,,USA,,,,,Phoenix Lights Network,Author|Phoenix Lights documentary co-creator,,,,Author and Phoenix Lights documentary co-creator who also investigated the Meier contacts; McMenamins UFO Fest 2025 and Ozark Mountain 2025 speaker.,,,,,,,,,,Statesman Journal: Oregon's largest UFO festival is May 16-17,https://eu.statesmanjournal.com/story/life/2025/05/13/2025-oregon-ufo-festival-may-16-17/83543462007,secondary_reference,Ozark Mountain 2025 UFO Conference speaker list,https://ozarkmt.com/product/2025-ozark-mountain-ufo-conference-dvd-set,primary_official,2,added,,,,2026-09-14,,Added 2026-09-14 via research batch (conf_us_consumer.json; category conf_us_consumer); researcher confidence: high.
UP-0554,Bryan Bender,Brian Bender,,,active,journalist_host_or_filmmaker,reporter|national security|UFO specialist|author,,USA,,,,,Politico|Boston Globe|Jane's Defense Weekly|This Just In Media,"Former Politico senior national correspondent and defense editor, Politico Pro|Washington Bureau Chief, Jane's Defense Weekly",,,,Veteran national security journalist who broke the 2017 story of the secret Pentagon UAP program (AATIP) at Politico and has covered UAP continuously since.,,,,,,,,,,Bryan Bender - About (This Just in Media),https://bryandbender.com/about,primary_official,Washington and UFO Secrets - The Paranormal Podcast 858,https://jimharold.com/washington-and-ufo-secrets-the-paranormal-podcast-858,secondary_reference,2,added,,,,2026-09-14,,"Added 2026-09-14 via research batch (mainstream_media.json; category mainstream_media); researcher confidence: high. Researcher notes: Not in the 509-person registry. 2026 interview describes him as national security journalist (Politico, Boston Globe) discussing UAP disclosure media coverage with Nick Pope."
UP-0555,Bryant Arnold,Bryant 'Dragon' Arnold,,,active,journalist_host_or_filmmaker,tv_personality|speaker,,USA,,,,,Skinwalker Ranch (History),Co-star of The Secret of Skinwalker Ranch,,,,"'Dragon' of History's Secret of Skinwalker Ranch, speaking on ranch investigations at AlienCon Pasadena.",,,,,,,,,,A+E's History to Showcase Series at AlienCon (GEMA),https://gema.org/brief/aes-history-to-showcase-series-at-aliencon,secondary_reference,,,,1,added,,,,2026-09-14,,Added 2026-09-14 via research batch (conf_us_consumer.json; category conf_us_consumer); researcher confidence: medium. Researcher notes: AlienCon's most recent A+E edition was Pasadena 2023; included per lead list.
UP-0556,Carlos Guzmán,Carlos Alberto Guzmán,,,active,scientist_or_technical_expert,author|case_investigator|mufon,,Mexico,,,,,MUFON (involved),"Co-author, Ovnis y la Aviación Mexicana / UFOs Over Mexico!|Mexican UAP-aviation case specialist",,,,"Per Roswell Books' foreword and abeBooks listings, Guzmán co-wrote with Alfonso Salazar the classic compilation of 50+ years of pilot encounters with unidentified phenomena in Mexican airspace.",,,,,,,,,,UFOs Over Mexico! (Roswell Books — author bios),https://roswellbooks.com/?page_id=893,secondary_reference,UFOs Over Mexico! (AbeBooks listing),https://abebooks.it/9781496137623/UFOs-Over-Mexico-Encounters-Unidentified-1496137620/plp,secondary_reference,2,added,,,,2026-09-14,,Added 2026-09-14 via research batch (international.json; category researcher_investigator); researcher confidence: medium. Researcher notes: Verify current activity at merge; primary sourced value is the aviation-case corpus.
UP-0557,Carol Cleland,,,,active,scientist_or_technical_expert,speaker|conference,,United States,,,,,University of Colorado Boulder,"Professor of philosophy|Member, UAP Science Advisory Council",,,,"CU Boulder philosopher of science, member of the 2026 UAP Science Advisory Council (UAPSAC) with expertise in anomaly identification.",,,,,,,,,,UFO Feed: UAP Science Advisory Council roster,https://ufofeed.com/261351/new-science-advisory-council-forms-to-help-us-government-resolve-the-uap-mystery,secondary_reference,Avi Loeb (Medium): More Details on the UAP Science Advisory Council,https://avi-loeb.medium.com/more-details-on-the-uap-science-advisory-council-825bd250d23c,primary_media_account,2,added,,,,2026-09-14,,Added 2026-09-14 via research batch (conf_research_policy.json; category conf_research_policy); researcher confidence: high.
UP-0558,Carson Ezell,,,,active,scientist_or_technical_expert,data analyst|Galileo Project|existential risk,,United States,,,,,"Galileo Project, Harvard CfA|Center for Space Governance|Harvard College","Galileo Project researcher|Research Fellow, Center for Space Governance",,,,Harvard researcher and Galileo Project co-author on the UAP integrated computing platform and SkyWatch multistatic radar papers; Center for Space Governance research fellow.,,,,,,,,,,Center for Space Governance: Carson Ezell,https://governance.space/carson-ezell,secondary_reference,Integrated Computing Platform for Detection and Tracking of UAP (Galileo),https://galileo.hsites.harvard.edu/sites/g/files/omnuum6371/files/galileo/files/s2251171723400081.pdf,secondary_reference,2,added,,,,2026-09-14,,Added 2026-09-14 via research batch (science_academics.json; category Scientists & Academics); researcher confidence: medium.
UP-0559,Chandra Wickramasinghe,N. Chandra Wickramasinghe|Dr. Chandra Wickramasinghe,,,active,scientist_or_technical_expert,speaker|scientist,,UK,,,,,University of Buckingham (former)|Cardiff University (former),Astrobiologist|co-developer of panspermia theory with Fred Hoyle,,,,Astrobiologist and panspermia pioneer appearing on Cosmic Summit's 2025 speaker list.,,,,,,,,,,Cosmic Summit (official site),https://www.cosmicsummit.com/,primary_official,,,,1,added,,,,2026-09-14,,Added 2026-09-14 via research batch (conf_us_consumer.json; category conf_us_consumer); researcher confidence: medium.
UP-0560,Charles McCullough III,Charles I. McCullough III,,,active,military_intelligence_insider_or_claimant,speaker|conference,,United States,,,,,Office of the Inspector General of the Intelligence Community (former),Former Inspector General of the Intelligence Community,,,,Former Inspector General of the Intelligence Community under the Obama administration; Sol Foundation 2023 inaugural UAP conference speaker.,,,,,,,,,,Sol Foundation Inaugural Annual Conference speakers,https://thesolfoundation.org/events/the-inaugural-annual-conference-of-the-sol-foundation/,primary_official,,,,1,added,,,,2026-09-14,,Added 2026-09-14 via research batch (conf_research_policy.json; category conf_research_policy); researcher confidence: high.
UP-0561,Chris Aubeck,,,,active,author_or_cultural_figure,author|researcher,,Spain,,,,,Magonia Exchange,,,,,Folklore researcher and co-author with Jacques Vallée of 'Wonders in the Sky: Unexplained Aerial Objects from Antiquity to Modern Times'.,,,,,,,,,,Grokipedia – Wonders in the Sky,https://grokipedia.com/page/wonders_in_the_sky_unexplained_aerial_objects_from_antiquity_to_modern_times_(book),secondary_reference,Journal of Scientific Exploration review,https://journalofscientificexploration.org/index.php/jse/article/view/991/675,secondary_reference,2,added,,,,2026-09-14,,"Added 2026-09-14 via research batch (authors.json; category Published UAP/UFO book authors); researcher confidence: high. Researcher notes: Book: 'Wonders in the Sky' (2009, with Jacques Vallée); also 'The Alien Who Was Tired of Being Small'."
UP-0562,Chris Mathieu,Forbidden Knowledge News|FKN,,,active,journalist_host_or_filmmaker,podcaster|youtuber|filmmaker,,United States,,,,,Forbidden Knowledge News|Forbidden Knowledge Network,"Host/producer, Forbidden Knowledge News; documentary filmmaker",,,,"Creator and host of Forbidden Knowledge News, an independent podcast/YouTube network covering UFOs, consciousness and hidden history; filmmaker ('Occult Louisiana', 'Doors of Perception'); active 2026.",,,,,,,,,,Chris Mathieu on Far Out With Faust (bio),https://podscan.fm/podcasts/far-out-with-faust-fowf/episodes/escaping-the-ai-matrix-deep-state-psyops-fake-aliens-amp-staging-the-next-crisis-chris-mathieu,secondary_reference,Forbidden Knowledge News episode page,https://podscan.fm/podcasts/forbidden-knowledge-news/episodes/open-your-reality-beyond-the-nature-of-reality-with-chris-mathieu,secondary_reference,2,added,,,,2026-09-14,,Added 2026-09-14 via research batch (independent_media.json; category independent_media); researcher confidence: high. Researcher notes: Site: forbiddenknowledge.news; YouTube @ForbiddenKnowledgeNews; X @ForbiddenKnow10.
UP-0563,Chris O'Brien | Christopher O'Brien,,,,active,author_or_cultural_figure,author|investigator,,US,,,,,Our Strange Planet,,,,,"Investigator of Colorado/New Mexico's San Luis Valley sightings; author of 'The Mysterious Valley' and 'Stalking the Herd', and a long-running Skywatcher host.",,,,,,,,,,Overclassified – The Mysterious Valley,https://overclassified.org/essential-reading/the-mysterious-valley,secondary_reference,Our Strange Planet author page,https://ourstrangeplanet.com/stalking-the-herd/the-author,secondary_reference,3,added,,,,2026-09-14,,"Added 2026-09-14 via research batch (authors.json; category Published UAP/UFO book authors); researcher confidence: medium. Researcher notes: Books: 'The Mysterious Valley' (1996), 'Enter the Valley', 'Stalking the Herd'. Additional sources: https://newmexicoliteracyproject.org/archive/mysterious-valley-obrien-1996"
UP-0564,Chris Rutkowski,Chris A. Rutkowski,,,active,journalist_host_or_filmmaker,speaker|conference,,Canada,,,,,University of Manitoba|Canadian UFO Survey,"Science journalist|Research coordinator, Canadian UFO Survey",,,,Canadian science writer and research coordinator of the Canadian UFO Survey; SCU 2026 speaker on Canadian government UAP studies including the Sky Canada Project.,,,,,,,,,,SCU Conference 2026 speakers,https://www.explorescu.org/conferences/scu-conference-2026,primary_official,,,,1,added,,,,2026-09-14,,Added 2026-09-14 via research batch (conf_research_policy.json; category conf_research_policy); researcher confidence: high.
UP-0565,Chris Rutkowski | Christopher D. Rutkowski,,,,active,author_or_cultural_figure,author|researcher,,Canada,,,,,Ufology Research (UFO*BC-adjacent),,,,,"Canadian astronomer and long-time UAP researcher, author of numerous books including 'Canada's UFO Secrets' and annual Canadian UFO Survey reports.",,,,,,,,,,49th Shelf – Canada's UFO Secrets,https://49thshelf.com/Books/C/Canada-s-UFO-Secrets,secondary_reference,Overclassified – Canada's UFOs: Declassified,https://overclassified.org/essential-reading/canadas-ufos-declassified,secondary_reference,2,added,,,,2026-09-14,,"Added 2026-09-14 via research batch (authors.json; category Published UAP/UFO book authors); researcher confidence: high. Researcher notes: Books: 'Canada's UFO Secrets', 'The Canadian UFO Report', 'Unnatural History'."
UP-0566,Christian Peters,,,,active,organization_leader_or_advocate,speaker|conference,,Germany,,,,,University of Bremen (BIGSSS)|The Sol Foundation,"Managing Director, Bremen International Graduate School of Social Sciences|Associate Director of Research, Sol Foundation",,,,Political scientist; Managing Director of Bremen International Graduate School of Social Sciences and Sol Foundation Associate Director of Research; spoke at SCU 2026 and Sol 2025 symposium on governmental UAP research.,,,,,,,,,,SCU Conference 2026 speakers,https://www.explorescu.org/conferences/scu-conference-2026,primary_official,2025 Sol Foundation Symposium agenda,https://thesolfoundation.org/the-2025-sol-foundation-symposium-provisional-agenda/,primary_official,3,added,,,,2026-09-14,,Added 2026-09-14 via research batch (conf_research_policy.json; category conf_research_policy); researcher confidence: high. Additional sources: https://thesolfoundation.org/people/
UP-0567,Christian Riegler,,,,active,scientist_or_technical_expert,speaker|conference,,Germany,,,,,University of Würzburg IFEX,"Researcher, IFEX",,,,Researcher at the University of Würzburg's Interdisciplinary Research Center for Extraterrestrial Studies; IFEX 2025 speaker on IFEX's MarsSymphony UAP component within the German Mars-mission concept VaMEx.,,,,,,,,,,IFEX SETI & UAP Conference 2025 speakers (Grenzwissenschaft Aktuell),https://grenzwissenschaft-aktuell.de/ifex-seti-uap-conference-2025-at-the-university-of-wuerzburg,secondary_reference,University of Wuerzburg IFEX SETI & UAP Conference 2025,https://uni-wuerzburg.de/en/ifex/events/ifex-seti-uap-conference-2025,primary_official,2,added,,,,2026-09-14,,Added 2026-09-14 via research batch (conf_research_policy.json; category conf_research_policy); researcher confidence: high.
UP-0568,Christopher Jordan,,,,active,journalist_host_or_filmmaker,speaker|podcast_host|organizer,,USA,,,,,Curious Realm|Curious Research,Host of Curious Realm|founder of Curious Research,,,,"Host of Curious Realm, covering UAP and fringe-science topics, and Roswell UFO Festival 2025 on-location reporter; MUFON Symposium 2026 speaker.",,,,,,,,,,MUFON Symposium 2026 Speakers: Christopher Jordan,https://mufonsymposium.com/speakers/christopher-jordan/,primary_official,Curious Realm Ep 188: Roswell UFO Festival 2025,https://curiousrealm.com/cr-ep-188-on-location-at-roswell-ufo-festival-2025,secondary_reference,2,added,,,,2026-09-14,,Added 2026-09-14 via research batch (conf_us_consumer.json; category conf_us_consumer); researcher confidence: high.
UP-0569,Clas Svahn,,,,active,journalist_host_or_filmmaker,speaker|journalist|archivist,,Sweden,,,,,UFO-Sweden|AFU (Archives for the Unexplained),Chairman of UFO-Sweden|head of AFU archive,,,,Swedish ufologist and journalist who has investigated UFO reports since 1974; MUFON Symposium 2026 speaker.,,,,,,,,,,MUFON Symposium 2026 Speakers: Clas Svahn,https://mufonsymposium.com/speakers/clas-svahn/,primary_official,,,,1,added,,,,2026-09-14,,Added 2026-09-14 via research batch (conf_us_consumer.json; category conf_us_consumer); researcher confidence: high.
UP-0570,Claude Falkstrom,Claude Falkowski,,,active,skeptic_or_critical_analyst,blogger|historian,,United States,,,,,The Saucers That Time Forgot,Co-host of The Saucers That Time Forgot,,,,"Co-host with Curt Collins of The Saucers That Time Forgot, a blog unearthing overlooked UFO history including contactee swindlers, the Otis T. Carr saucer schemes and Project Blue Book 'Unknowns'.",,,,,,,,,,The Saucers That Time Forgot - Saucer Swindlers,https://thesaucersthattimeforgot.blogspot.com/p/saucer-swindlers.html,secondary_reference,TSTTF first post (hosts listed),https://thesaucersthattimeforgot.blogspot.com/2017/07/ufo-burns-witness-amarillo-texas-4850.html,secondary_reference,2,added,,,,2026-09-14,,Added 2026-09-14 via research batch (skeptics_critics.json; category Skeptics & Critics); researcher confidence: medium. Researcher notes: Name appears in print as both Falkstrom and Falkowski; identity verified as the same STTF co-host.
UP-0571,Clint Weldon,Night Shift,,,active,journalist_host_or_filmmaker,youtuber|podcaster,,United States,,,,,Night Shift YouTube channel,"Host, Night Shift ('Your safe space for all things UFO')",,,,"Host of the Night Shift UFO channel (~39k subs), a community-favorite space for UAP news, interviews and long-form discussion; name confirmed via Dreamland Motel collaboration credit (@NightShiftActual).",,,,,,,,,,The Best UFO/UAP YouTube Channels (r/ufo) - Night Shift entry,https://reddit.com/r/ufo/comments/1nw3hwg/the_best_ufouap_youtube_channels_keep_up_with,secondary_reference,Dreamland Motel video crediting @NightShiftActual,https://bitchute.com/video/amqAbczgwED5,secondary_reference,2,added,,,,2026-09-14,,Added 2026-09-14 via research batch (independent_media.json; category independent_media); researcher confidence: medium. Researcher notes: YouTube @ClintWeldon / @NightShiftActual (~39k); identity cross-confirmed via collaboration video description.
UP-0572,Clive Lewis,Clive Anthony Lewis,,,active,government_official,MP,,United Kingdom,,,,,Labour Party|House of Commons,MP for Norwich South (2015-present)|former shadow defence secretary,,,,Tabled written UAP questions to the MoD (July-Aug 2025) and later said he was 'definitely misled' on Five Eyes UAP cooperation; spoke at the Sol Foundation (Aug 2026).,,,,,,,,,,British MP Says He Was 'Definitely Misled' Over UK's Five Eyes UFO Cooperation (Liberation Times),https://liberationtimes.com/home/british-mp-says-he-was-definitely-misled-over-uks-five-eyes-ufo-cooperation,secondary_reference,UK MP Lewis says MoD 'definitely misled' him on Five Eyes UAP coordination (UAP Logbook),https://uaplogbook.com/clive-lewis-uk-five-eyes-uap-misled,secondary_reference,2,added,,,,2026-09-14,,Added 2026-09-14 via research batch (politics.json; category politics); researcher confidence: high. Researcher notes: Known-gap candidate confirmed.
UP-0573,Cláudio Tsuyoshi Suenaga,Claudio Suenaga,,,active,scientist_or_technical_expert,historian|academic|author,,Brazil,,,,,Revista UFO (editorial/advisory board)|UNESP (alumnus),"First Brazilian to defend an academic master's thesis on the UFO phenomenon (UNESP, 1999)|Author of UFO-history books|Brazil-based researcher now in Osaka, Japan",,,,"Per Ancient Origins author page and declassified-file indexes, Suenaga is a UNESP-trained historian who located DOPS files proving Brazil's dictatorship investigated ufologists, and writes on Brazilian and Japanese anomalous history.",,,,,,,,,,Claudio Suenaga author page (Ancient Origins),https://ancient-origins.net/users/claudio-suenaga,secondary_reference,"Papuda Prison UFO Flap & CINDACTA Radar File (Suenaga correspondence, uapdisclosurefiles)",https://uapdisclosurefiles.com/files/br-an-bsb-arx-003-002,secondary_reference,2,added,,,,2026-09-14,,Added 2026-09-14 via research batch (international.json; category researcher_investigator); researcher confidence: high. Researcher notes: Lives in Osaka since 2016; dual Brazil/Japan relevance.
UP-0574,Cory Mills,Cory W. Mills,,,active,government_official,representative|veteran,,United States,,,,,Republican Party|U.S. House,"U.S. Representative (R-FL, 2023-present)",,,,Army combat veteran who publicly pressured the Biden administration over unidentified objects in US airspace (Feb 2023 Alaska shootdown); UAP-declassification advocate.,,,,,,,,,,"Republican's browbeat Biden after Alaska UFO shot down (Express, Feb 2023)",https://express.co.uk/news/us/1733776/Alaska-ufo-Joe-biden-republican-shot-down-china-spy-balloon-dxus,secondary_reference,,,,1,added,,,,2026-09-14,,Added 2026-09-14 via research batch (politics.json; category politics); researcher confidence: low. Researcher notes: Known-gap check requested. Strongest findable UAP action is Feb 2023 unidentified-object statement; secondary ufopulse claims of UAP bills are unverified/AI-generated - excluded as sources.
UP-0575,Courtney Bower,,,,active,,speaker|conference,,United States,,,,,Cornell University|Scientific Coalition for UAP Studies,PhD student in Regional Science|SCU community access member,,,,Cornell University regional-science PhD student and SCU member; presented at the SCU 2025 conference.,,,,,,,,,,SCU Conference 2025 presenters,https://www.explorescu.org/conferences/scu-conference-2025,primary_official,,,,1,added,,,,2026-09-14,,Added 2026-09-14 via research batch (conf_research_policy.json; category conf_research_policy); researcher confidence: medium.
UP-0576,Craig Campobasso,,,,active,journalist_host_or_filmmaker,speaker|filmmaker,,USA,,,,,,Filmmaker|director of Stranger at the Pentagon,,,,"Filmmaker behind Stranger at the Pentagon, based on the Frank Stranges Val Thor contact case; UFO Con 2025 speaker.",,,,,,,,,,UFO CON 2025 (official site),https://ufocon2025.com,primary_official,,,,1,added,,,,2026-09-14,,Added 2026-09-14 via research batch (conf_us_consumer.json; category conf_us_consumer); researcher confidence: high.
UP-0577,Craig Oliver,Escape Velocity (UAP),,,active,journalist_host_or_filmmaker,youtuber|podcaster|writer,,Unknown,,,,,Escape Velocity - Understanding UFO/UAP Disclosure (Medium),UAP commentator; writer/filmmaker,,,,"Independent UAP analyst running the 'Escape Velocity - Understanding UFO/UAP Disclosure' Medium blog and appearing as a UAP interviewer on shows like Psicoactivo; published Moongraph database analysis of 6,000+ UFO documents in 2025-2026.",,,,,,,,,,Escape Velocity - Understanding UFO/UAP Disclosure - Medium,https://medium.com/@EscapeVelocity1,primary_media_account,Psicoactivo #1152 (mentions 'Escape Velocity with Craig Oliver'),https://www.youtube.com/watch?v=YfMokYl1S_Y,secondary_reference,2,added,,,,2026-09-14,,Added 2026-09-14 via research batch (independent_media.json; category independent_media); researcher confidence: medium. Researcher notes: Medium: @EscapeVelocity1; distinct from the unrelated business podcast escapevelocitypodcast.com.
UP-0578,Crrow777,Crrow Killion|Crrow|Crrow777 Radio,,,active,scientist_or_technical_expert,youtuber|podcaster|researcher,,United States,,,,,Crrow777 Radio,"Independent astronomer/researcher; host, Crrow777 Radio",,,,"Marine veteran and amateur astronomer who filmed the viral 2012-2013 'lunar wave' anomaly (1.2M+ views); runs Crrow777 Radio and a members site, still publishing new solar-wave footage in 2025-2026.",,,,,,,,,,Crrow777 Radio - 'Let there Be Light' (Oct 2025),https://crrow777radio.com/let-there-be-light-but-dont-ask-wikipedia-how-it-got-here,primary_official,Infinite Rabbit Hole: The Lunar Wave w/ Crrow777 (June 2026),https://infiniterabbithole.com/pwr282-the-lunar-wave-firmament-evidence-w-crrow777,secondary_reference,2,added,,,,2026-09-14,,Added 2026-09-14 via research batch (independent_media.json; category independent_media); researcher confidence: high. Researcher notes: Site: crrow777radio.com; real first name reported as 'Crrow' (stage handle); active via members platform.
UP-0579,Curt Collins,Curtis Collins,,,active,skeptic_or_critical_analyst,researcher|blogger|case investigator,,United States,,,,,Blue Blurry Lines|The Saucers That Time Forgot|Roswell Slides Research Group,Independent UFO researcher|founder of BlueBlurryLines.com,,,,"Independent researcher behind Blue Blurry Lines; reinvestigated the Cash-Landrum case, helped solve the Roswell Slides (a mummified child), and co-writes The Saucers That Time Forgot.",,,,,,,,,,Blue Blurry Lines - Cash-Landrum overview,https://blueblurrylines.com/2023/12/the-cash-landrum-ufo-encounter-of-1980.html,secondary_reference,APB/Curt Collins interview transcript,https://docs.google.com/document/d/e/2PACX-1vTKBTUAhymObal11PHyOnnKRvS-f3-L7vGVGOGX39NWUnJmh5esaLXXLztDbFHwvGm8xprlDpVjq2Lz/pub,secondary_reference,2,added,,,,2026-09-14,,Added 2026-09-14 via research batch (skeptics_critics.json; category Skeptics & Critics); researcher confidence: high. Researcher notes: Was part of the Roswell Slides Research Group that identified the placard text.
UP-0580,Cyrielle Opitom,,,,active,scientist_or_technical_expert,astronomer|interstellar objects|instrumentation,,United Kingdom,,,,,University of Edinburgh|University of Geneva,Royal Society University Research Fellow / astronomer,,,,University of Edinburgh astronomer who co-led the Very Large Telescope study of interstellar comet 3I/ATLAS; gave BBC Sky at Night and ESO interviews debunking extraterrestrial-craft speculation.,,,,,,,,,,Sky at Night interview: why interstellar comet 3I/ATLAS was so special,https://skyatnightmagazine.com/news/3i-atlas-interview-astronomer-cyrielle-opitom,secondary_reference,ESO video: 3I/ATLAS - an expert explains the science,https://eso.org/public/videos/cs0025a,secondary_reference,2,added,,,,2026-09-14,,Added 2026-09-14 via research batch (science_academics.json; category Scientists & Academics); researcher confidence: high. Researcher notes: Known gap flagged by owner.
UP-0581,Dan Willis,,,,active,witness_or_experiencer,former Navy cryptographic specialist|Disclosure Project witness|UAP disclosure advocate,,United States,,,,,"U.S. Navy (Naval Communication Station San Francisco, 1968-69)|Disclosure Project (2001 National Press Club witness)|Naval Electronic Engineering Center, San Diego",Former U.S. Navy high-speed code operator with Top Secret Crypto Level 14 clearance|Disclosure Project military witness (2001),,,,"Former Navy cryptographer who says he decoded a 1969 classified cable reporting a 70-foot disc rising off Alaska at 7,000+ mph; a Disclosure Project witness still lecturing on the cover-up today.",,,,,,,,,,Dan Willis - ikwipedia profile,https://en.ikwipedia.org/wiki/Dan_Willis,secondary_reference,Dan Willis lecture - RVML (self-described Disclosure Project witness),https://rvml.org/wcplus2008/wc20040615.html,primary_organization,3,added,,,,2026-09-14,,Added 2026-09-14 via research batch (military_intel.json; category military_intel); researcher confidence: medium. Researcher notes: Claims rest on his own account of the 1969 intercept; long public record since 2001. Additional sources: https://forbiddennews.substack.com/p/alien-tech-disclosure-part-1-with
UP-0582,Danny Goler,,,,active,scientist_or_technical_expert,speaker|researcher,,USA,,,,,,Independent researcher|originator of the Goler dodecahedron experiment,,,,Researcher known for a dodecahedron-visualization experiment he claims triggers NHI contact; CITD 2026 speaker.,,,,,,,,,,Contact in the Desert 2026 Speakers,https://contactinthedesert.com/speakers/,primary_official,,,,1,added,,,,2026-09-14,,Added 2026-09-14 via research batch (conf_us_consumer.json; category conf_us_consumer); researcher confidence: medium.
UP-0583,Darnise Martin,,,,active,scientist_or_technical_expert,speaker|conference,,United States,,,,,Loyola Marymount University,"Clinical/adjunct professor (emeritus), Center for Religion and Spirituality",,,,Religion scholar at Loyola Marymount University; AOTI 2025 'Religion and the UFO' panelist at Rice University's Archives of the Impossible conference.,,,,,,,,,,Archives of the Impossible 2025: The UFO and the Impossible (program),https://impossiblearchives.rice.edu/ufo-and-impossible,primary_official,2025 Archives of the Impossible Conference (recap),https://anomalyarchives.org/events/opening-of-the-archives-of-the-impossible/2025-archives-of-the-impossible-conference,secondary_reference,2,added,,,,2026-09-14,,Added 2026-09-14 via research batch (conf_research_policy.json; category conf_research_policy); researcher confidence: medium.
UP-0584,Darren King,ExoAcademian|Point of Convergence|Liminal Phrames,,,active,scientist_or_technical_expert,podcaster|researcher,,Unknown,,,,,Point of Convergence podcast|Liminal Phrames podcast,"Host, Point of Convergence; co-host, Liminal Phrames",,,,"Producer of the Point of Convergence and Liminal Phrames podcasts, weekly deep-dives on UFOs, abduction lore and consciousness with 100+ episodes and guests like Dean Radin and Ardy Sixkiller Clarke.",,,,,,,,,,Point of Convergence / ExoAcademian - Rephonic profile,https://rephonic.com/podcasts/point-of-convergence,secondary_reference,ExoAcademian - Podscan (Liminal Phrames episodes),https://podscan.fm/podcasts/exoacademian,secondary_reference,3,added,,,,2026-09-14,,Added 2026-09-14 via research batch (independent_media.json; category independent_media); researcher confidence: medium. Researcher notes: Sites: pointofconvergence.net; co-host Nathan (SpectorVision); publishes weekly. Additional sources: https://cosmic-pluralism-studies.academy/ufotwitter-directory-of-some-with-most-active-voices-efforts
UP-0585,Darryl Z. Seligman,Darryl Seligman,,,active,scientist_or_technical_expert,astronomer|interstellar objects,,United States,,,,,Michigan State University,Assistant Professor of Physics & Astronomy,,,,Michigan State astronomer who led the first scientific paper characterizing interstellar comet 3I/ATLAS (2025) and studies anomalous interstellar objects like 'Oumuamua.,,,,,,,,,,MSU Today: First scientific paper on 3I/ATLAS,https://msutoday.msu.edu/news/2025/first-scientific-paper-on-3i-atlas-interstellar-object,secondary_reference,Discovery and Preliminary Characterization of 3I/ATLAS (arXiv),https://arxiv.org/pdf/2507.02757v1,secondary_reference,2,added,,,,2026-09-14,,Added 2026-09-14 via research batch (science_academics.json; category Scientists & Academics); researcher confidence: high.
UP-0586,Daryl Johnson,,,,active,scientist_or_technical_expert,former federal security specialist|analyst|author|UAP commentator,,United States,,,,,U.S. Nuclear Regulatory Commission (Office of Nuclear Security and Incident Response),"Former senior security specialist and federal security coordinator program manager, NRC|author of 'Unguarded Skies' (2026)",,,,Former NRC senior security specialist who tracked ~300 drone and UAP flyovers over U.S. commercial nuclear plants (2014-2025); told Ross Coulthart in 2026 that fewer than 1% were ever identified.,,,,,,,,,,The NRC had no aerial detection... Daryl Johnson - UAP Logbook,https://uaplogbook.com/nrc-commercial-nuclear-unguarded-skies,secondary_reference,Reality Check with Ross Coulthart: Daryl Johnson episode,https://podcasts.apple.com/sc/podcast/something-is-observing-us-man-tracks-every-flyover/id1837783062?i=1000785832398,secondary_reference,3,added,,,,2026-09-14,,Added 2026-09-14 via research batch (military_intel.json; category military_intel); researcher confidence: high. Researcher notes: Not a crash-retrieval claimant - a reporting-pipeline analyst; distinct career from the DHS domestic-extremism analyst of the same name. Additional sources: https://ufouap.com/articles/daryl-johnson-nrc-nuclear-plant-uap-drones-2026
UP-0587,Dave Min,David Min,,,active,government_official,representative,,United States,,,,,Democratic Party|U.S. House|House Oversight Task Force on the Declassification of Federal Secrets,"U.S. Representative (D-CA, 2025-present)",,,,Freshman Democrat named to the Oversight declassification task force handling UAP transparency in the 119th Congress.,,,,,,,,,,2025 House Oversight UAP Hearing - Overclassified Case File #313,https://overclassified.org/case-files/2025-house-oversight-uap-hearing.html,secondary_reference,,,,1,added,,,,2026-09-14,,Added 2026-09-14 via research batch (politics.json; category politics); researcher confidence: medium.
UP-0588,Dave Schrader,David Schrader,,,active,journalist_host_or_filmmaker,speaker|radio_host,,USA,,,,,Darkness Radio|Coast to Coast AM (guest host),Host of Darkness Radio|frequent C2C guest host,,,,Paranormal radio host of Darkness Radio and Coast to Coast AM guest host; speaker at PhenomeCon 2025.,,,,,,,,,,TheCarlaFoxBlog: PhenomeCon 2025 recap,https://thecarlafoxblog.blogspot.com/2025/09,secondary_reference,,,,1,added,,,,2026-09-14,,Added 2026-09-14 via research batch (conf_us_consumer.json; category conf_us_consumer); researcher confidence: medium.
UP-0589,David Marks,,,,active,journalist_host_or_filmmaker,columnist|writer,,United States,,,,,The UFO Chronicles|Albuquerque Journal (opinion),UFO columnist and contributor,,,,Writer behind The UFO Chronicles' 'Are UAPs Nuclear Sentinels?' series (2026) and an Albuquerque Journal-published opinion series linking UAP to nuclear weapons history; publishing as recently as May 2026.,,,,,,,,,,"Intervention and Disclosure - Are UAPs Nuclear Sentinels? (Pt 4) - By David Marks, The UFO Chronicles",https://www.theufochronicles.com/2026/03/intervention-and-disclosure-are-uaps.html,secondary_reference,Opinion series examines whether UAPs act as nuclear sentinels - USubjects,https://usubjects.com/article/opinion-are-uaps-nuclear-sentinels-part-1-the-destroyer-of-worlds-albuquerque-journal-1809,secondary_reference,2,added,,,,2026-09-14,,"Added 2026-09-14 via research batch (independent_media.json; category independent_media); researcher confidence: medium. Researcher notes: Distinct from skeptic psychologist David F. Marks; identity verified via byline 'By David Marks, The UFO Chronicles 3-5-2026'."
UP-0590,David Paulides,,,,active,investigator_author_or_organization_leader,speaker|author|investigator,,USA,,,,,Canam Missing Project,Author of the Missing 411 series|former police detective,,,,Investigator of the Missing 411 disappearances; NephCon 2025 and PhenomeCon 2025 speaker addressing UAP-adjacent anomalies.,,,,,,,,,,NephCon 2025 tickets (Alberino Events),https://tickettailor.com/events/alberinoevents/1481325,primary_official,TheCarlaFoxBlog: PhenomeCon 2025 recap,https://thecarlafoxblog.blogspot.com/2025/09,secondary_reference,2,added,,,,2026-09-14,,Added 2026-09-14 via research batch (conf_us_consumer.json; category conf_us_consumer); researcher confidence: high.
UP-0591,David Sivier,,,,active,skeptic_or_critical_analyst,skeptic|essayist|historian,,United Kingdom,,,,,Magonia (contributor)|Pelicanist blog,Magonia contributor|Bristol-based historian,,,,"Magonia contributor and author of the Pelicanist blog, applying the psychosocial hypothesis to abduction lore, witch-hunt parallels, and ufology's cultural roots.",,,,,,,,,,Pelicanist blog (Sivier),https://pelicanist.blogspot.com/2015/08/first-read-miracle-visitors.html,secondary_reference,Magonia - Sivier on witchcraft and abduction prehistory,https://magoniamagazine.blogspot.com/2014/01/visions-before-midnight.html,secondary_reference,2,added,,,,2026-09-14,,Added 2026-09-14 via research batch (skeptics_critics.json; category Skeptics & Critics); researcher confidence: medium.
UP-0592,Dean Alioto,,,,active,witness_or_experiencer,speaker|filmmaker,,USA,,,,,,Filmmaker|creator of The McPherson Tape and The Experiencers: Full Disclosure,,,,UFO filmmaker whose 1989 McPherson Tape became UFO folklore; recently produced The Experiencers: Full Disclosure; CITD 2026 speaker.,,,,,,,,,,Contact in the Desert 2026 Speakers,https://contactinthedesert.com/speakers/,primary_official,UAP Drop: Dean Alioto's The Experiencers,https://uapdrop.com/l/view/vLJR4-S_mJY.html,secondary_reference,2,added,,,,2026-09-14,,Added 2026-09-14 via research batch (conf_us_consumer.json; category conf_us_consumer); researcher confidence: high.
UP-0593,Dennis Asberg,,,,active,,speaker|explorer,,Sweden,,,,,OceanX Team (Ocean Explorer),Co-discoverer of the Baltic Sea Anomaly,,,,Swedish wreck hunter who co-led the OceanX team that found the so-called Baltic Sea Anomaly; Contact in the Desert 2026 speaker.,,,,,,,,,,Contact in the Desert 2026 Speakers,https://contactinthedesert.com/speakers/,primary_official,,,,1,added,,,,2026-09-14,,Added 2026-09-14 via research batch (conf_us_consumer.json; category conf_us_consumer); researcher confidence: high.
UP-0594,Derek William Grosskurth,UFOs and Aliens Podcast,,,active,journalist_host_or_filmmaker,podcaster,,United States,,,,,UFOs and Aliens podcast,"Host, UFOs and Aliens podcast",,,,Host of the UFOs and Aliens podcast interviewing experts and experiencers on ET contact; long-form weekly show with a sizable Facebook community (270k+) and ongoing 2026 episodes.,,,,,,,,,,UFOs and Aliens podcast - Feedspot listing,https://podcast.feedspot.com/ufo_podcasts/,secondary_reference,,,,1,added,,,,2026-09-14,,Added 2026-09-14 via research batch (independent_media.json; category independent_media); researcher confidence: medium. Researcher notes: Spreaker/Apple/Spotify; 108-min extended format; audience 1k-10k monthly listeners per Feedspot.
UP-0595,Desiree Hurtak,Dr. Desiree Hurtak,,,active,author_or_cultural_figure,speaker|author,,USA,,,,,Academy for Future Science,Author and futurist|co-presenter with J.J. Hurtak,,,,Co-author and speaker with J.J. Hurtak on ET contact and consciousness; Contact in the Desert 2026 speaker.,,,,,,,,,,Contact in the Desert 2026 Speakers,https://contactinthedesert.com/speakers/,primary_official,,,,1,added,,,,2026-09-14,,Added 2026-09-14 via research batch (conf_us_consumer.json; category conf_us_consumer); researcher confidence: high.
UP-0596,Devesh Nandal,,,,active,scientist_or_technical_expert,speaker|conference,,United States,,,,,Galileo Project (affiliate)|UAP Science Advisory Council,Numerical-analysis and astrophysics researcher|UAPSAC member,,,,"Numerical analysis and astrophysics researcher, present at the Galileo Project meeting where Loeb formed the UAP Science Advisory Council; named council member.",,,,,,,,,,Harvard Crimson: Inside Avi Loeb's UAP Council,https://www.thecrimson.com/article/2026/7/11/avi-loeb-uap-council/,secondary_reference,UFO Feed: UAP Science Advisory Council roster,https://ufofeed.com/261351/new-science-advisory-council-forms-to-help-us-government-resolve-the-uap-mystery,secondary_reference,2,added,,,,2026-09-14,,Added 2026-09-14 via research batch (conf_research_policy.json; category conf_research_policy); researcher confidence: high.
UP-0597,Diane Hennacy Powell,Dr. Diane Hennacy Powell,,,active,scientist_or_technical_expert,speaker|author|researcher|psychiatrist,,USA,,,,,John E. Mack Institute (former),Neuropsychiatrist|author of The ESP Enigma,,,,"Neuropsychiatrist and consciousness researcher, formerly associated with John Mack's institute, who studies telepathy and psi. Speaker at Contact in the Desert 2026.",,,,,,,,,,Contact in the Desert 2026 Speakers,https://contactinthedesert.com/speakers/,primary_official,CITD speaker page: Dr. Diane Hennacy Powell,https://contactinthedesert.com/beyond-contact/speaker/dr-diane-hennacy-powell/,primary_official,2,added,,,,2026-09-14,,Added 2026-09-14 via research batch (conf_us_consumer.json; category conf_us_consumer); researcher confidence: high. Researcher notes: CITD 2026 roster; 2025 PSI-adjacent ESP researcher.
UP-0598,Dina Titus,Alice Costandina Titus,,,active,government_official,representative,,United States,,,,,Democratic Party|U.S. House,"U.S. Representative (D-NV, 2013-present)",,,,"Nevada lawmaker waived onto the declassification task force to question witnesses at the Sept 9, 2025 House UAP hearing.",,,,,,,,,,"Restoring Public Trust Through UAP Transparency and Whistleblower Protection (Hearing, Sept 9 2025)",https://govinfo.gov/content/pkg/CHRG-119hhrg61718/html/CHRG-119hhrg61718.htm,primary_official,,,,1,added,,,,2026-09-14,,Added 2026-09-14 via research batch (politics.json; category politics); researcher confidence: medium. Researcher notes: Waived onto task force for the hearing per chairwoman Luna's announcement in the transcript.
UP-0599,Dolores Cannon,,,,,author_or_cultural_figure,author|hypnotherapist,,US,,,,,Ozark Mountain Publishing,Ozark Mountain Publishing Founder,,,,Prolific past-life-regression author whose UFO/contact books like 'Keepers of the Garden' and 'The Custodians' remain top sellers in the UFO category.,,,,,,,,,,WorldCat – Keepers of the Garden,https://search.worldcat.org/isbn/9780963277640,secondary_reference,Google Books – Keepers of the Garden,https://books.google.com/books/about/Keepers_of_the_Garden.html?id=BzNaBAAAQBAJ,secondary_reference,2,added,,,,2026-09-14,,"Added 2026-09-14 via research batch (authors.json; category Published UAP/UFO book authors); researcher confidence: medium. Researcher notes: Books: 'Keepers of the Garden' (1988), 'The Custodians' (1997); died 2014 but remains frequently cited."
UP-0600,Dylan Freeman,,,,active,investigator_author_or_organization_leader,speaker|investigator|organizer,,USA,,,,,RAEFOS Network (founder),Founder of the Research and Evidence from Open Sources (RAEFOS) Network,,,,Founded the Boise-based RAEFOS Network for UAP/NHI open-source investigation; featured speaker at UFO Con 2025.,,,,,,,,,,Idaho Press: 'The truth is out there' at UFO CON 2025,https://idahopress.com/boiseweekly/news/the-truth-is-out-there-at-ufo-con-2025/article_e953d3ba-267c-43e2-b437-09de858560d5.html,secondary_reference,,,,1,added,,,,2026-09-14,,Added 2026-09-14 via research batch (conf_us_consumer.json; category conf_us_consumer); researcher confidence: high.
UP-0601,Eamonn Ansbro,,,,active,scientist_or_technical_expert,astronomer|observatory director|UAP research,,Ireland,,,,,"Kingsland Observatory, Boyle, Ireland","Director, Kingsland Observatory",,,,"Irish astronomer directing Kingsland Observatory, long active in UAP instrument research and co-author of the 2025 'New Science of UAP' review of worldwide government and private studies.",,,,,,,,,,"The New Science of UAP (arXiv:2502.06794, author list)",https://arxiv.org/pdf/2502.06794v1,secondary_reference,,,,1,added,,,,2026-09-14,,Added 2026-09-14 via research batch (science_academics.json; category Scientists & Academics); researcher confidence: medium.
UP-0602,Ed Pilkington,,,,active,journalist_host_or_filmmaker,reporter|investigative|national desk,,USA,,,,,The Guardian,"Chief reporter, Guardian US",,,,Guardian US chief reporter who has carried the paper's reporting on UAP-adjacent unidentified-object incidents over North America.,,,,,,,,,,Ed Pilkington - Guardian US profile,https://www.theguardian.com/profile/edpilkington,secondary_reference,Google News cluster: Guardian octagonal object story by Ed Pilkington,https://news.google.com/stories/CAAqNggKIjBDQklTSGpvSmMzUnZjbmt0TXpZd1NoRUtEd2pmaXN2UEJoRnZZRFM5cDBKWERDZ0FQAQ?ceid=US:en&gl=US&hl=en-US,secondary_reference,2,added,,,,2026-09-14,,Added 2026-09-14 via research batch (mainstream_media.json; category mainstream_media); researcher confidence: medium. Researcher notes: Not in registry. UAP record is unidentified-object shootdown coverage; Guardian profile fetch confirmed active chief reporter but recent page focused on politics.
UP-0603,Eduardo Girão,Eduardo Girão de Aguiar Freire,,,active,government_official,senator,,Brazil,,,,,Podemos|Federal Senate (Brazil),"Brazilian Senator (CE, 2019-2027)",,,,Requested and secured a Brazilian Senate special session/audiência pública on UAPs (June 2022) modeled on the US congressional hearings; long-time UAP advocate.,,,,,,,,,,"Após Congresso dos EUA, Senado brasileiro terá Sessão Especial para discutir OVNIs (O Globo)",https://oglobo.globo.com/politica/apos-congresso-dos-eua-senado-brasileiro-tera-sessao-especial-para-discutir-ovnis-25514175,secondary_reference,Senado marca audiência para discutir óvnis no Brasil (Revista Oeste),https://revistaoeste.com/politica/senado-marca-audiencia-para-discutir-ovnis-no-brasil/,secondary_reference,2,added,,,,2026-09-14,,Added 2026-09-14 via research batch (politics.json; category politics); researcher confidence: medium. Researcher notes: Hearing predates the 2023-2026 window; retained because he remains a sitting senator and the registry has no Brazilian legislator.
UP-0604,Eduardo Ramírez,Eduardo Ramírez Aguilar,,,,government_official,senator,,Mexico,,,,,Morena|Senate of the Republic,Mexican Senator,,,,"Per El Universal, met with Maussan alongside other senators and voiced support for a reform officially recognizing the existence of extraterrestrial life.",,,,,,,,,,Mexican 'dead alien bodies' coverage citing El Universal on senators Ramírez and Armenta,https://journalnews.com.ph/mexican-dead-alien-bodies-are-not-a-hoax-they-have-humanoid-features-researchers-say,secondary_reference,,,,1,added,,,,2026-09-14,,Added 2026-09-14 via research batch (politics.json; category politics); researcher confidence: low. Researcher notes: Senate term ended 2024. Single secondary source citing El Universal; verify before promoting.
UP-0605,Elena Danaan,,,,active,author_or_cultural_figure,author|contactee,,Netherlands,,,,,,,,,,"Dutch author and contactee, bestselling in the disclosure circuit with 'A Gift From The Stars' and related galactic-anthropology books.",,,,,,,,,,Amazon – A Gift From The Stars,https://amazon.com/Gift-Stars-Kindle-elena-danaan-ebook/dp/B0963WTLJ5,secondary_reference,Amazon – A Gift From The Stars paperback,https://amazon.com.be/-/en/Elena-Danaan/dp/B08HGLNH1P,secondary_reference,2,added,,,,2026-09-14,,"Added 2026-09-14 via research batch (authors.json; category Published UAP/UFO book authors); researcher confidence: medium. Researcher notes: Books: 'A Gift From The Stars', 'We Will Never Let You Down'; popular on UAP podcast circuit."
UP-0606,Eli Crane,,,,active,government_official,representative|veteran,,United States,,,,,Republican Party|U.S. House|House Oversight Task Force on the Declassification of Federal Secrets,"U.S. Representative (R-AZ, 2023-present)",,,,"Navy SEAL veteran and member of the Oversight declassification task force; present and questioning at the Sept 9, 2025 UAP transparency hearing.",,,,,,,,,,"Restoring Public Trust Through UAP Transparency and Whistleblower Protection (Hearing, Sept 9 2025)",https://govinfo.gov/content/pkg/CHRG-119hhrg61718/html/CHRG-119hhrg61718.htm,primary_official,2025 House Oversight UAP Hearing - Overclassified Case File #313,https://overclassified.org/case-files/2025-house-oversight-uap-hearing.html,secondary_reference,2,added,,,,2026-09-14,,Added 2026-09-14 via research batch (politics.json; category politics); researcher confidence: high.
UP-0607,Eli Karetny,,,,active,organization_leader_or_advocate,speaker|conference,,United States,,,,,Society for UAP Studies,"Director, Project on UAP Studies|PhD",,,,Political scientist (PhD) directing the Project on UAP Studies within the Society for UAP Studies; featured in SUAPS seminar programming.,,,,,,,,,,Society for UAP Studies events portal (seminars),https://www.societyforuapstudies.org/,primary_official,,,,1,added,,,,2026-09-14,,Added 2026-09-14 via research batch (conf_research_policy.json; category conf_research_policy); researcher confidence: medium.
UP-0608,Eric Hecker,Eric J. Hecker,,,active,whistleblower_or_official_witness,former Navy submariner|Raytheon contractor|whistleblower|UAP disclosure advocate,,United States,,,,,U.S. Navy (Submarine Service)|Raytheon Polar Services|National Science Foundation South Pole Station|Disclosure Project,"Former Navy submariner|Raytheon contractor (plumber/firefighter) at Amundsen-Scott South Pole Station, 2010-2011",,,,Former Navy submariner turned Raytheon South Pole contractor who alleges the IceCube neutrino observatory doubles as a directed-energy/communications system and says he was invited to brief AARO and Senate Intelligence Committee.,,,,,,,,,,Eric Hecker - ikwipedia profile,https://en.ikwipedia.org/wiki/Eric_Hecker,secondary_reference,Eric Hecker testimony - Disclosure Project coverage (howandwhys),https://howandwhys.com/eric-hecker-testimony-disclosure-project,secondary_reference,3,added,,,,2026-09-14,,Added 2026-09-14 via research batch (military_intel.json; category military_intel); researcher confidence: medium. Researcher notes: Claims are self-reported and disputed; included as a genuine named whistleblower active in UAP discourse. Additional sources: https://usubjects.com/article/a-video-i-made-years-ago-still-very-true-what-do-i-know-what-do-you-know-889
UP-0609,Eric Keto,,,,active,scientist_or_technical_expert,astrophysicist|instrumentation|Galileo Project,,United States,,,,,Harvard-Smithsonian Center for Astrophysics|Galileo Project,"Astrophysicist, CfA",,,,"Center for Astrophysics astrophysicist co-authoring Galileo Project UAP papers, including the hardware/software platform for aerial object localization.",,,,,,,,,,A Hardware and Software Platform for Aerial Object Localization (Galileo),https://galileo.hsites.harvard.edu/sites/g/files/omnuum6371/files/galileo/files/s2251171723400020.pdf,secondary_reference,Caltech Authors: The Scientific Investigation of UAP (author list incl. Keto),https://authors.library.caltech.edu/records/rcjwj-zr809,secondary_reference,2,added,,,,2026-09-14,,Added 2026-09-14 via research batch (science_academics.json; category Scientists & Academics); researcher confidence: medium.
UP-0610,Eric Rankin,,,,active,author_or_cultural_figure,speaker|author,,USA,,,,,Integratron,Integratron guide|author on sacred geometry,,,,"Author and guide associated with George Van Tassel's Integratron, lecturing on sound and geometry; CITD 2026 speaker.",,,,,,,,,,Contact in the Desert 2026 Speakers,https://contactinthedesert.com/speakers/,primary_official,,,,1,added,,,,2026-09-14,,Added 2026-09-14 via research batch (conf_us_consumer.json; category conf_us_consumer); researcher confidence: medium.
UP-0611,Eric Schrock,,,,active,,speaker|conference,,United States,,,,,Quantum Frontier,"Advisor, Quantum Frontier",,,,Advisor at Quantum Frontier; Sol Foundation 2024 symposium speaker on widening the information-energy spectrum in UAP technology development.,,,,,,,,,,Sol's 2024 Symposium program,https://thesolfoundation.org/events/sols-2024-symposium/,primary_official,,,,1,added,,,,2026-09-14,,Added 2026-09-14 via research batch (conf_research_policy.json; category conf_research_policy); researcher confidence: medium.
UP-0612,Erik Nanstiel,,,,active,author_or_cultural_figure,author,,US,,,,,,,,,,"Author of 'Angst in the Shadows: A True Story of Alien Abductions' (2025), with a foreword by Whitley Strieber; active on abduction podcasts.",,,,,,,,,,Angst in the Shadows official site,https://angstintheshadows.com,secondary_reference,World of Books listing,https://worldofbooks.com/products/angst-in-the-shadows-book-erik-nanstiel-9798999380616,secondary_reference,2,added,,,,2026-09-14,,"Added 2026-09-14 via research batch (authors.json; category Published UAP/UFO book authors); researcher confidence: medium. Researcher notes: Book: 'Angst in the Shadows' (2025, foreword by Whitley Strieber)."
UP-0613,Eyes On Cinema,EOC|Eyes on Cinema: UFOs,,,active,journalist_host_or_filmmaker,youtuber|archivist,,Unknown,,,,,Eyes On Cinema YouTube channel,Pseudonymous UFO archive channel operator,,,,"Pseudonymous operator of Eyes On Cinema (~233k YouTube subs, 576+ videos), described as the best archive of historical UFO interviews, tapes and documentaries on YouTube; active through 2026.",,,,,,,,,,Eyes On Cinema channel profile (233K subs),https://projectprofound.org/uap/channels/UCtPx9e7WNFtvtHaAU6WqXlA,secondary_reference,Top 10 Best UFO Channels On YouTube - WatchMojo,https://www.watchmojo.com/articles/top-10-best-ufo-uap-channels-on-youtube,secondary_reference,3,added,,,,2026-09-14,,Added 2026-09-14 via research batch (independent_media.json; category independent_media); researcher confidence: high. Researcher notes: YouTube @eyesoncinema; operator pseudonymous ('EOC'); also on Rumble/Bitchute. Additional sources: https://www.reddit.com/r/UFOs/comments/1fzagri/eyes_on_cinema_ufos_youtube_channel_gone_but_i/
UP-0614,Fabio De Masi,,,,active,government_official,speaker|conference,,Germany,,,,,European Parliament,Member of European Parliament|Former Bundestag member (Die Linke),,,,German Member of the European Parliament; Sol Foundation 2025 speaker advocating European political engagement on UAP and plans to bring UAP hearings to the European Parliament.,,,,,,,,,,2025 Sol Foundation Symposium agenda,https://thesolfoundation.org/the-2025-sol-foundation-symposium-provisional-agenda/,primary_official,Danish Network for UAP Studies: Sol 2025 talks,https://dnus.dk/attended-events,primary_organization,2,added,,,,2026-09-14,,Added 2026-09-14 via research batch (conf_research_policy.json; category conf_research_policy); researcher confidence: high.
UP-0615,Francisco Guerreiro,,,,,government_official,MEP,,Portugal / European Union,,,,,Greens/EFA (Verts/ALE)|European Parliament,MEP (2019-2024),,,,"Filed UAP parliamentary questions to the European Commission (2023-2024), hosted the first European UAP Day (Mar 20, 2024) and urged UAP monitoring in the EU Space Law.",,,,,,,,,,Parliamentary question E-000318/2024: UAP monitoring and reporting in the EU Space Law,https://europarl.europa.eu/doceo/document/E-9-2024-000318_EN.html,primary_official,European Parliament Member Advocates for Unified Approach to UAP in New Space Law (Liberation Times),https://liberationtimes.com/home/european-parliament-member-advocates-for-unified-approach-to-unidentified-anomalous-phenomena-in-new-space-law,secondary_reference,2,added,,,,2026-09-14,,Added 2026-09-14 via research batch (politics.json; category politics); researcher confidence: high. Researcher notes: Did not stand in the June 2024 EP election; active period 2023-2024 within scope.
UP-0616,Francisco Mourão Corrêa,Francisco Mourao Correa,,,active,scientist_or_technical_expert,exopolitics|international_coalition|podcaster,,Portugal,,,,,Exopolitics Portugal|ICER (International Coalition for Extraterrestrial Research)|STELLAR project,"Founder, Exopolitics Portugal|Co-founder and Europe's Director, ICER|Host, European UFOs podcast appearances",,,,"Per Exopaedia and ICER-related profiles, Mourão Corrêa founded Exopolitics Portugal, serves as ICER's Europe director, and speaks internationally on Fátima/UAP and European UAP policy.",,,,,,,,,,"Mourao Correa, Francisco (Exopaedia)","https://exopaedia.org/Mourao+Correa,+Francisco",secondary_reference,European UFOs ep. 2: Fatima 1917 & The STELLAR Project (Zencastr),https://zencastr.com/z/RpXXwkdI,secondary_reference,2,added,,,,2026-09-14,,Added 2026-09-14 via research batch (international.json; category researcher_investigator); researcher confidence: medium. Researcher notes: Co-hosts EuropeanUFOs podcast; appeared in National Geographic 'UFO Europe' documentary.
UP-0617,Frank Warren,The UFO Chronicles,,,active,scientist_or_technical_expert,publisher|blogger|researcher,,United States,,,,,The UFO Chronicles (theufochronicles.com),"Founder, editor and publisher, The UFO Chronicles",,,,"Founded The UFO Chronicles in 2005; runs the breaking UAP news aggregator and archive read in 140+ countries, with contributors across ufology; still editing and publishing in 2026.",,,,,,,,,,"The UFO Chronicles - about donations (by Frank Warren, Editor/Publisher)",http://theufochronicles.com/2009/08/about-donations.html,primary_official,"Rob McConnell Investigates - Frank Warren, UFO Chronicles",https://spreaker.com/episode/rob-mcconnell-investigates-frank-warren-ufo-chronicles--49770395,secondary_reference,3,added,,,,2026-09-14,,"Added 2026-09-14 via research batch (independent_media.json; category independent_media); researcher confidence: high. Researcher notes: Site: theufochronicles.com; readers in 140+ countries; 2,600+ archived articles. Additional sources: https://frankwarren.blogspot.com"
UP-0618,Fredrick Meiwald,Fred Meiwald|Col. Frederick Meiwald,,,,witness_or_experiencer,retired Air Force officer|Minuteman missile launch officer|UAP witness,,United States,,,,,"U.S. Air Force (retired)|341st Strategic Missile Wing, Malmstrom AFB","Retired U.S. Air Force Colonel|launch officer on duty with Capt. Robert Salas at Oscar Flight during the March 24, 1967 missile shutdowns",,,,"Retired missile officer who confirmed on audiotape (1996) a UFO presence during the Oscar Flight ICBM shutdown at Malmstrom AFB, and that both officers were debriefed by OSI and made to sign non-disclosure statements.",,,,,,,,,,The Echo Flight ICBM Incident - UFO Chronicles (Meiwald confirmation),http://theufochronicles.com/2011/06/echo-flight-icbm-incident-retired-usaf.html,secondary_reference,UFOs and Nukes - Echo and Oscar Flight incidents,https://ufohastings.com/articles/the-echo-and-oscar-flight-incidents,primary_organization,2,added,,,,2026-09-14,,Added 2026-09-14 via research batch (military_intel.json; category military_intel); researcher confidence: medium. Researcher notes: Went on record only via taped conversations; elderly at last reports.
UP-0619,Gary Heavin,,,,active,,speaker|funder|explorer,,USA,,,,,Curves (founder),Entrepreneur|funder of Andean-archaeology and UAP expeditions,,,,Curves fitness founder who funds Peru/Andes anomaly expeditions and speaks on UAP-adjacent discoveries; NephCon 2025 speaker.,,,,,,,,,,NephCon 2025 tickets (Alberino Events),https://tickettailor.com/events/alberinoevents/1481325,primary_official,,,,1,added,,,,2026-09-14,,Added 2026-09-14 via research batch (conf_us_consumer.json; category conf_us_consumer); researcher confidence: medium.
UP-0620,Gary Heseltine,,,,active,scientist_or_technical_expert,researcher|editor|former_police|conference_organizer,,United Kingdom,,,,,"UFO Truth Magazine|International Coalition for Extraterrestrial Research (ICER)|PRUFOS (Police Reporting UFOs, fmr)","Founder and Editor, UFO Truth Magazine|Vice President, ICER",,,,"Per UFO Truth Magazine's about-the-editor page and ICER, Heseltine is a former police detective who founded UFO Truth Magazine and serves as ICER vice president, leading a multi-year Rendlesham Forest reinvestigation.",,,,,,,,,,UFO Truth Magazine - About the Editor (Gary Heseltine),https://www.ufotruthmagazine.co.uk/home/about-the-editor/,secondary_reference,GARY HESELTINE - Vice President of the International Coalition for Extraterrestrial Research (LinkedIn),https://uk.linkedin.com/in/gary-heseltine-92b1a23b,secondary_reference,3,added,,,,2026-09-14,,Added 2026-09-14 via research batch (international.json; category researcher_investigator); researcher confidence: high. Researcher notes: Known gap flagged by project owner; confirmed absent from registry. Editor's page confirms both roles. Additional sources: https://www.examinerlive.co.uk/news/west-yorkshire-news/detective-turned-ufo-hunter-gary-7572440
UP-0621,Gary Stephenson,,,,active,scientist_or_technical_expert,speaker|conference,,United States,,,,,Hughes/ITT/Raytheon/Boeing (former)|Scientific Coalition for UAP Studies,Aerospace engineer|Gravitational-field propulsion researcher,,,,"Veteran aerospace engineer (Hughes, Boeing, Collins, Wisk Aero) with published gravitational-wave physics work; SCU 2024 presenter on gravitational field propulsion research.",,,,,,,,,,SCU AAPC 2024 Presenter Abstracts (PDF),https://s3.amazonaws.com/uploads.webconnex.com/43130%2F1709335452229-Presenter+Abstracts+2024.pdf,primary_official,,,,1,added,,,,2026-09-14,,Added 2026-09-14 via research batch (conf_research_policy.json; category conf_research_policy); researcher confidence: medium.
UP-0622,Gene Greneker,,,,active,scientist_or_technical_expert,speaker|conference,,United States,,,,,Georgia Tech Research Institute (retired)|Scientific Coalition for UAP Studies,Former GTRI Principal Research Scientist|SCU contributing member,,,,Retired Georgia Tech Research Institute principal research scientist specializing in radar systems; SCU 2025 conference presenter.,,,,,,,,,,SCU Conference 2025 presenters,https://www.explorescu.org/conferences/scu-conference-2025,primary_official,,,,1,added,,,,2026-09-14,,Added 2026-09-14 via research batch (conf_research_policy.json; category conf_research_policy); researcher confidence: medium.
UP-0623,Gene Sticco,Infinity Disclosed|@InfinityDisclsd,,,active,military_intelligence_insider_or_claimant,x_account|author|researcher,,United States,,,,,Infinity Disclosed|Total Disclosure Podcast,"Author, former USAF intelligence officer; X UFO commentator",,,,USAF veteran and former intel officer behind the @InfinityDisclsd X account and Infinity Disclosed platform; author working on his Soviet-era UFO manuscript (Cernohajev Archive); frequent guest across UAP shows.,,,,,,,,,,Gene Sticco - 'The Cernohajev Archive and the Disclosure Machine' (Pi-Fi Show #119),https://www.youtube.com/watch?v=2-iw8Xv5n6A,secondary_reference,NewsNation: Gene Sticco on Soviet-era UFO manuscript,https://www.facebook.com/NewsNationNow/videos/gene-sticco-digs-into-his-father-in-laws-soviet-era-ufo-manuscript-he-reveals-ho/1572549123748532/,secondary_reference,3,added,,,,2026-09-14,,Added 2026-09-14 via research batch (independent_media.json; category independent_media); researcher confidence: high. Researcher notes: X handle @InfinityDisclsd; US-based; podcasts/Space X mentions confirm Total Disclosure Podcast production role. Additional sources: https://www.stage32.com/SSgtSticco
UP-0624,Geoff Dittman,,,,active,scientist_or_technical_expert,data_analyst|author,,Canada,,,,,Ufology Research|Canadian UFO Survey,"Co-author, The Canadian UFO Report: The Best Cases Revealed (Dundurn)|Canadian UFO Survey statistical analyst since 1994",,,,"Per overclassified.org's book study and Dundurn author bios, Dittman has compiled and statistically analyzed the Canadian UFO Survey since 1994 and co-wrote The Canadian UFO Report with Chris Rutkowski.",,,,,,,,,,The Canadian UFO Report - Essential Reading (OverClassified),https://overclassified.org/essential-reading/the-canadian-ufo-report,secondary_reference,The Canadian UFO Report (Amazon.ca author bios),http://amazon.ca/gp/product/1550026216?ie=UTF8,secondary_reference,2,added,,,,2026-09-14,,Added 2026-09-14 via research batch (international.json; category researcher_investigator); researcher confidence: medium. Researcher notes: Lower public profile than Rutkowski but central to the Canadian survey data pipeline.
UP-0625,George Howard,,,,active,journalist_host_or_filmmaker,organizer|speaker|blogger,,USA,,,,,Cosmic Summit|The Cosmic Tusk,Co-host of Cosmic Summit|Younger Dryas blogger,,,,Co-host/organizer of Cosmic Summit and author of The Cosmic Tusk blog on the Younger Dryas impact debate.,,,,,,,,,,Cosmic Summit (official site),https://www.cosmicsummit.com/,primary_official,,,,1,added,,,,2026-09-14,,Added 2026-09-14 via research batch (conf_us_consumer.json; category conf_us_consumer); researcher confidence: high. Researcher notes: Included as named organizer per task brief.
UP-0626,Gergo Szoboszlai,,,,active,,speaker|conference,,Hungary,,,,,Semmelweis University,MD candidate,,,,Medical student at Semmelweis University who presented at SCU 2026 on neurological and health effects associated with human encounters with UAP.,,,,,,,,,,SCU Conference 2026 speakers,https://www.explorescu.org/conferences/scu-conference-2026,primary_official,,,,1,added,,,,2026-09-14,,Added 2026-09-14 via research batch (conf_research_policy.json; category conf_research_policy); researcher confidence: medium.
UP-0627,Gilles Fernandez,,,,active,skeptic_or_critical_analyst,cognitive_psychologist|skeptic|author,,France,,,,,Sceptiques vs. les Soucoupes Volantes (blog)|French UFO-skeptic collective,"PhD, cognitive psychology|Author, L'invasion fantôme and other skeptical UFO analyses",,,,"Per badufos.blogspot.com and his own blog, Fernandez is a French cognitive psychologist re-investigating classic cases (Ariel School, Roswell slides, airship wave) with sociopsychological explanations; still publishing.",,,,,,,,,,"A New Investigation of the 1994 Ariel School Case (BadUFOs, citing Fernandez)",https://badufos.blogspot.com/2016/07/a-new-investigation-of-1994-ariel.html,secondary_reference,Sceptiques vs. les Soucoupes Volantes (Fernandez blog),http://skepticversustheflyingsaucers.blogspot.com/2015/01,secondary_reference,2,added,,,,2026-09-14,,"Added 2026-09-14 via research batch (international.json; category skeptic_debunker); researcher confidence: medium. Researcher notes: Complements skeptic set (registered: Klass, Sheaffer, West)."
UP-0628,Glen A. Robertson,,,,active,scientist_or_technical_expert,speaker|conference,,United States,,,,,NASA Marshall Space Flight Center (retired),Retired NASA physicist/mathematician|Journal editor,,,,Retired NASA-MSFC physicist and mathematics researcher; SCU 2026 speaker proposing warp-drive physics from quantum field energy.,,,,,,,,,,SCU Conference 2026 speakers,https://www.explorescu.org/conferences/scu-conference-2026,primary_official,,,,1,added,,,,2026-09-14,,Added 2026-09-14 via research batch (conf_research_policy.json; category conf_research_policy); researcher confidence: medium.
UP-0629,Gray Barker,,,,,author_or_cultural_figure,author|publisher,,US,,,,,Saucerian Publications,,,,,Classic-era ufologist whose 'They Knew Too Much About Flying Saucers' (1956) created the Men in Black mythos; still frequently cited in UFO history.,,,,,,,,,,Wikipedia – They Knew Too Much About Flying Saucers,https://en.wikipedia.org/wiki/They_Knew_Too_Much_About_Flying_Saucers,secondary_reference,Overclassified – They Knew Too Much,https://overclassified.org/essential-reading/they-knew-too-much-about-flying-saucers,secondary_reference,2,added,,,,2026-09-14,,Added 2026-09-14 via research batch (authors.json; category Published UAP/UFO book authors); researcher confidence: high. Researcher notes: Book: 'They Knew Too Much About Flying Saucers' (1956); died 1984.
UP-0630,Greg Bishop,,,,active,author_or_cultural_figure,author|podcaster,,US,,,,,Radio Misterioso,,,,,UFO author and podcaster; 'Project Beta' documents the Paul Bennewitz disinformation saga that created a modern UFO myth.,,,,,,,,,,Amazon – Project Beta,https://amazon.com/Project-Beta-Bennewitz-National-Security-ebook/dp/B000FCK0KI,secondary_reference,Overclassified – Project Beta,https://overclassified.org/essential-reading/project-beta,secondary_reference,2,added,,,,2026-09-14,,Added 2026-09-14 via research batch (authors.json; category Published UAP/UFO book authors); researcher confidence: high. Researcher notes: Book: 'Project Beta' (2005); also wrote 'Weird Scenes Inside the Canyon'.
UP-0631,Gretchen Stahlman,,,,active,scientist_or_technical_expert,speaker|conference,,United States,,,,,"Florida State University|Associated Universities, Inc. (co-organizer)",Professor of information science|Symposium co-organizer,,,,Information scientist at Florida State University; SUAPS 2024 plenary speaker on information ecosystems of UAP studies and co-organizer of the 2025 AARO-AUI academic UAP symposium.,,,,,,,,,,SUAPS 2024 online conference speakers (EINPresswire),https://www.einpresswire.com/article/729792417/the-society-for-uap-studies-hosts-an-online-conference-on-the-scope-of-contemporary-uap-studies,secondary_reference,SUAPS: AARO and AUI engage academia in UAP symposium (Aug 2025),https://societyforuapstudies.org/post/aaro-and-aui-engage-academia-in-uap-symposium,primary_organization,2,added,,,,2026-09-14,,Added 2026-09-14 via research batch (conf_research_policy.json; category conf_research_policy); researcher confidence: high.
UP-0632,Haim Eshed,,,,,whistleblower_or_official_witness,former_space_security_chief|author|controversial,,Israel,,,,,Israeli Ministry of Defense Space Directorate (fmr),"Former head, Israel Defense Ministry space directorate|Author, The Universe Beyond the Horizon (2020)",,,,"Per Wikipedia's sourced account and Yedioth Aharonot coverage, Eshed — Israel's former space security chief — claimed in December 2020 that a 'Galactic Federation' cooperates secretly with the US and Israel, sparking global headlines.",,,,,,,,,,Haim Eshed - Wikipedia (claims section with sources),https://en.wikipedia.org/wiki/Haim_Eshed,secondary_reference,Israel's former space security chief says there's a 'Galactic Federation' (The Forward),https://forward.com/culture/459898/israels-former-space-security-chief-says-theres-a-galactic-federation-we/,secondary_reference,2,added,,,,2026-09-14,,Added 2026-09-14 via research batch (international.json; category whistleblower_or_official_witness); researcher confidence: medium. Researcher notes: Claims widely characterized as unverified/contested; born 1936 so 'active today' questionable — status 2020 claims only.
UP-0633,Hansjürgen Köhler,Hansjurgen Kohler,,,active,skeptic_or_critical_analyst,field_investigator|hotline|skeptic,,Germany,,,,,CENAP (Central Research Network for Exceptional Celestial Phenomena),"CENAP hotline chief (Odenwald), 50+ years investigating UFO reports",,,,"Per DW (syndicated 2024-2025), Köhler has investigated German UFO reports for over 50 years through CENAP's 24-hour hotline, resolving cases via astronomy and analysis as a self-described 'space criminologist'.",,,,,,,,,,UFOs: 'Most are reported by people out for an evening smoke' (DW syndicated),https://news.yahoo.com/ufos-most-reported-people-evening-191900587.html,secondary_reference,,,,1,added,,,,2026-09-14,,Added 2026-09-14 via research batch (international.json; category skeptic_debunker); researcher confidence: high. Researcher notes: Skeptic/prosaic orientation but core to the German UAP-reporting ecosystem.
UP-0634,Henry Barlow,,,,,witness_or_experiencer,former Air Force missile maintenance technician|UAP witness,,United States,,,,,"U.S. Air Force|341st Missile Maintenance Squadron, Malmstrom AFB (1966-67)","Former Minuteman electro-mechanical maintenance technician, Malmstrom AFB",,,,Former missile maintenance technician who said in taped and filmed interviews that he was told UFOs caused the Echo Flight malfunctions and that crews repeatedly observed UFOs in the Malmstrom missile field in 1966-67.,,,,,,,,,,The Echo and Oscar Flight Incidents - UFO Chronicles,http://theufochronicles.com/2012/11/the-echo-and-oscar-flight-incidents.html,secondary_reference,UFOs and Nukes - Echo/Oscar Flight article,https://ufohastings.com/articles/the-echo-and-oscar-flight-incidents,primary_organization,2,added,,,,2026-09-14,,Added 2026-09-14 via research batch (military_intel.json; category military_intel); researcher confidence: medium. Researcher notes: Secondary witness; no evidence of recent public activity.
UP-0635,Heriberto Janosch,Heriberto Janosch Gonzalez,,,active,skeptic_or_critical_analyst,skeptic|case analyst,,Argentina,,,,,FOTOCAT Project collaborators,"Co-author, UFO Sightings in Antarctica in 1965",,,,"Argentine skeptic who co-authored the Antarctica 1965 UFO study (meteors, Echo II satellite, planets) and has offered balloon/aircraft explanations for classic Argentine cases like Chivilcoy.",,,,,,,,,,FOTOCAT Report #3 team,https://fotocat.blogspot.com/2013/06/20130612-en.html,secondary_reference,Chivilcoy case - Janosch's skeptical accounts,https://spookyvalley.com/events/1965-chivilcoy-ovni-encounter,secondary_reference,2,added,,,,2026-09-14,,Added 2026-09-14 via research batch (skeptics_critics.json; category Skeptics & Critics); researcher confidence: medium.
UP-0636,Howard Altman,,,,active,journalist_host_or_filmmaker,reporter|military affairs|UAP beat,,USA,,,,,The War Zone (TWZ)|Military Times (former)|Tampa Bay Times (former),"Senior Staff Writer, The War Zone",,,,TWZ senior staff writer and former Military Times editor whose reporting has tied mystery-drone episodes to UAP speculation at military sites.,,,,,,,,,,The War Zone - The Team (Howard Altman),https://twz.com/the-team,primary_organization,Mystery Drone Flaps archive (cites Altman TWZ quotes on UAP speculation),https://anomalyarchives.org/collections/file/mystery-drone-flaps,secondary_reference,2,added,,,,2026-09-14,,Added 2026-09-14 via research batch (mainstream_media.json; category mainstream_media); researcher confidence: medium. Researcher notes: Not in registry. Verified TWZ senior staff writer.
UP-0637,Hugh Newman,,,,active,scientist_or_technical_expert,speaker|author,,USA,,,,,Megatlithomanica (co-founder),Megalith researcher|author,,,,Megalithic-sites researcher who appears on History's The UnXplained; Cosmic Summit and AlienCon speaker.,,,,,,,,,,Cosmic Summit (official site),https://www.cosmicsummit.com/,primary_official,A+E's History to Showcase Series at AlienCon (GEMA),https://gema.org/brief/aes-history-to-showcase-series-at-aliencon,secondary_reference,2,added,,,,2026-09-14,,Added 2026-09-14 via research batch (conf_us_consumer.json; category conf_us_consumer); researcher confidence: medium.
UP-0638,Hussein Ali Agrama,,,,active,scientist_or_technical_expert,speaker|conference,,United States,,,,,University of Chicago,Associate professor of anthropology,,,,University of Chicago anthropologist; AOTI 2025 'Religion and the UFO' panelist at Rice University.,,,,,,,,,,Archives of the Impossible 2025: The UFO and the Impossible (program),https://impossiblearchives.rice.edu/ufo-and-impossible,primary_official,2025 Archives of the Impossible Conference (recap),https://anomalyarchives.org/events/opening-of-the-archives-of-the-impossible/2025-archives-of-the-impossible-conference,secondary_reference,2,added,,,,2026-09-14,,Added 2026-09-14 via research batch (conf_research_policy.json; category conf_research_policy); researcher confidence: medium.
UP-0639,Ian Porritt,,,,active,scientist_or_technical_expert,speaker|conference,,New Zealand,,,,,Scientific Coalition for UAP Studies|Galileo Project (affiliate),R&D analyst|SCU data analyst,,,,New Zealand-based analyst and amateur astronomer; SCU member who co-authored the UAP Pattern Recognition Study 1945-1975 linking UAP to US atomic-military sites; SCU 2024 presenter and Galileo Project affiliate.,,,,,,,,,,SCU AAPC 2024 Presenter Abstracts (PDF),https://s3.amazonaws.com/uploads.webconnex.com/43130%2F1709335452229-Presenter+Abstracts+2024.pdf,primary_official,,,,1,added,,,,2026-09-14,,Added 2026-09-14 via research batch (conf_research_policy.json; category conf_research_policy); researcher confidence: high.
UP-0640,Iya Whiteley,,,,active,scientist_or_technical_expert,speaker|conference,,United Kingdom,,,,,"Centre for Space Medicine, University College London","Director, Centre for Space Medicine|Aviation/cognitive psychologist",,,,Cognitive psychologist directing UCL's Centre for Space Medicine; Sol Foundation speaker (2023 and 2025) including work supporting UAP experiencers.,,,,,,,,,,Sol Foundation Inaugural Annual Conference speakers,https://thesolfoundation.org/events/the-inaugural-annual-conference-of-the-sol-foundation/,primary_official,2025 Sol Foundation Symposium agenda,https://thesolfoundation.org/the-2025-sol-foundation-symposium-provisional-agenda/,primary_official,2,added,,,,2026-09-14,,Added 2026-09-14 via research batch (conf_research_policy.json; category conf_research_policy); researcher confidence: high.
UP-0641,J.J. Hurtak,James J. Hurtak|Dr. JJ Hurtak,,,active,author_or_cultural_figure,speaker|author,,USA,,,,,Academy for Future Science,Author of The Keys of Enoch|futurist,,,,Futurist and author of The Keys of Enoch; longstanding contactee-research speaker appearing with Desiree Hurtak at Contact in the Desert 2026.,,,,,,,,,,Contact in the Desert 2026 Speakers,https://contactinthedesert.com/speakers/,primary_official,,,,1,added,,,,2026-09-14,,Added 2026-09-14 via research batch (conf_us_consumer.json; category conf_us_consumer); researcher confidence: high.
UP-0642,Jack Brewer,,,,active,skeptic_or_critical_analyst,skeptic|blogger|author,,United States,,,,,The UFO Trail (blog)|Expanding Frontiers Research,"Author, The Greys Have Been Framed (2015) and Wayward Sons (2021)",,,,"Author of The Greys Have Been Framed; writes The UFO Trail, critically examining UFO researchers, hypnosis-based abduction claims, intelligence-community deception and disclosure narratives.",,,,,,,,,,The UFO Trail blog,https://ufotrail.blogspot.com,secondary_reference,Expanding Frontiers: James Carrion (EFR profile page),https://expandingfrontiersresearch.org/items/expanding-frontiers%3A-james-carrion,primary_organization,2,added,,,,2026-09-14,,Added 2026-09-14 via research batch (skeptics_critics.json; category Skeptics & Critics); researcher confidence: high. Researcher notes: Co-founder of Expanding Frontiers Research with Erica Lukes.
UP-0643,Jack Conner,Cosmic Road,,,active,journalist_host_or_filmmaker,youtuber|podcaster|author,,Unknown,,,,,Cosmic Road YouTube channel,"Creator, Cosmic Road; UFO group co-founder",,,,"Author and creator of the Cosmic Road YouTube channel (founded 2021), publishing up to two daily UAP news/disclosure updates and interviewing figures like Sheehan, Bassett and Cameron.",,,,,,,,,,Jack Conner - Hollywood Disclosure Alliance,https://hollywooddisclosurealliance.org/jack-conner,secondary_reference,Cosmic Road UFO News Round-up - YouTube,https://youtube.com/watch?v=ATQohcXBYjM,primary_media_account,2,added,,,,2026-09-14,,"Added 2026-09-14 via research batch (independent_media.json; category independent_media); researcher confidence: high. Researcher notes: YouTube @cosmicroad (~21k per r/ufo list, growing); books via Amazon; X @road_mystery."
UP-0644,Jacob Haqq-Misra,,,,active,scientist_or_technical_expert,speaker|conference,,United States,,,,,Blue Marble Space Institute of Science,Senior research investigator and director|Astrobiologist,,,,"Astrobiologist at the Blue Marble Space Institute of Science; Sol 2025 speaker situating UAP within SETI, named (with Ravi Kopparapu) to the UAP Science Advisory Council, and Sol advisory board member.",,,,,,,,,,2025 Sol Foundation Symposium agenda,https://thesolfoundation.org/the-2025-sol-foundation-symposium-provisional-agenda/,primary_official,Harvard Crimson: Inside Avi Loeb's UAP Council,https://www.thecrimson.com/article/2026/7/11/avi-loeb-uap-council/,secondary_reference,3,added,,,,2026-09-14,,Added 2026-09-14 via research batch (conf_research_policy.json; category conf_research_policy); researcher confidence: high. Additional sources: https://thesolfoundation.org/people/
UP-0645,Jairus Victor Grove,,,,active,scientist_or_technical_expert,speaker|conference,,United States,,,,,University of Hawaii at Manoa,"Chair, Department of Political Science|Director, Hawaii Research Center for Future Studies",,,,Political scientist who chairs the University of Hawaii political science department; Sol Foundation 2023 inaugural conference speaker on UAP and future studies.,,,,,,,,,,Sol Foundation Inaugural Annual Conference speakers,https://thesolfoundation.org/events/the-inaugural-annual-conference-of-the-sol-foundation/,primary_official,,,,1,added,,,,2026-09-14,,Added 2026-09-14 via research batch (conf_research_policy.json; category conf_research_policy); researcher confidence: high.
UP-0646,James Beacham,,,,active,scientist_or_technical_expert,speaker|conference,,United States,,,,,CERN (Large Hadron Collider)|Ohio State University (former),Particle physicist,,,,Particle physicist who works on the Large Hadron Collider's ATLAS experiment; Sol Foundation 2024 speaker on the possible and impossible in UAP physics.,,,,,,,,,,Sol's 2024 Symposium program,https://thesolfoundation.org/events/sols-2024-symposium/,primary_official,,,,1,added,,,,2026-09-14,,Added 2026-09-14 via research batch (conf_research_policy.json; category conf_research_policy); researcher confidence: medium.
UP-0647,James Carrion,,,,active,skeptic_or_critical_analyst,skeptic|forensic researcher|former MUFON director,,United States,,,,,Mutual UFO Network (former International Director 2006-2009)|Expanding Frontiers Research,"Former US Army SIGINT analyst|author, The Roswell Deception",,,,Former MUFON international director and Army intelligence analyst whose Roswell Deception research and 2025 paper argue key 1946-47 UFO events were orchestrated intelligence-community deceptions.,,,,,,,,,,Expanding Frontiers: James Carrion,https://expandingfrontiersresearch.org/items/expanding-frontiers%3A-james-carrion,primary_organization,Wayward Suns interview with Carrion (2025 paper),https://youtube.com/watch?v=tnFDZe0ohQQ,secondary_reference,3,added,,,,2026-09-14,,Added 2026-09-14 via research batch (skeptics_critics.json; category Skeptics & Critics); researcher confidence: high. Additional sources: https://ufotrail.blogspot.com/2014/07
UP-0648,James Clarkson,Jim Clarkson,,,active,investigator_author_or_organization_leader,speaker|author|investigator,,USA,,,,,Washington MUFON (former State Director),UFO investigator|author of Tell My Story,,,,Veteran UFO investigator and former Washington State MUFON director; McMenamins UFO Fest 2025 speaker on the 1950 Trent sighting.,,,,,,,,,,Statesman Journal: Oregon's largest UFO festival is May 16-17,https://eu.statesmanjournal.com/story/life/2025/05/13/2025-oregon-ufo-festival-may-16-17/83543462007,secondary_reference,,,,1,added,,,,2026-09-14,,Added 2026-09-14 via research batch (conf_us_consumer.json; category conf_us_consumer); researcher confidence: high.
UP-0649,James Faulk,Neon Galactic,,,active,journalist_host_or_filmmaker,podcaster|interviewer,,Unknown,,,,,Neon Galactic with James Faulk,"Host, Neon Galactic podcast",,,,"Host of Neon Galactic, a UAP/consciousness interview podcast that sits down with researchers, experiencers and other UAP media figures (Pavel Ibarra Meda, Jeffrey Selver, Christopher Bache); active weekly through 2026.",,,,,,,,,,Neon Galactic with James Faulk - Apple Podcasts,https://podcasts.apple.com/us/podcast/neon-galactic-with-james-faulk/id1761471463,secondary_reference,MillionPodcasts best UFO podcasts listing,https://www.millionpodcasts.com/ufo-podcasts/,secondary_reference,2,added,,,,2026-09-14,,Added 2026-09-14 via research batch (independent_media.json; category independent_media); researcher confidence: medium. Researcher notes: Podcast: Neon Galactic with James Faulk; co-host David Stuss on some episodes.
UP-0650,James Keenan,,,,active,investigator_author_or_organization_leader,speaker|author|investigator,,USA,,,,,,Author|forbidden-archaeology and paranormal fieldwork presenter,,,,Author and field investigator who presents on anomalous sites and artifacts; speaker at PhenomeCon 2025 and Contact in the Desert 2026.,,,,,,,,,,Contact in the Desert 2026 Speakers,https://contactinthedesert.com/speakers/,primary_official,TheCarlaFoxBlog: PhenomeCon 2025 recap,https://thecarlafoxblog.blogspot.com/2025/09,secondary_reference,2,added,,,,2026-09-14,,Added 2026-09-14 via research batch (conf_us_consumer.json; category conf_us_consumer); researcher confidence: high.
UP-0651,James LaFleur,Jaymez|That Is Impossible,,,active,journalist_host_or_filmmaker,youtuber|commentator,,United States,,,,,Jaymez YouTube channel|That Is Impossible channel,UFO investigator/YouTuber,,,,"Creator behind the 441k-subscriber Jaymez channel, known for fast, on-the-fly UFO/UAP investigations of orb waves, skyquakes and leak footage; also narrates the That Is Impossible channel.",,,,,,,,,,Jaymez coverage - UAP Drop (July 2026),https://uapdrop.com/l/view/tm78dj6pAuA.html,secondary_reference,James LaFleur channel credit (Jaymez / That Is Impossible),https://wldfradio.com/unsolved-mystery-secret-entrance-to-inner-earth-and-other-mind-blowing-phenomena,secondary_reference,3,added,,,,2026-09-14,,Added 2026-09-14 via research batch (independent_media.json; category independent_media); researcher confidence: high. Researcher notes: YouTube @Jaymez (~441k subs); shorts channel + Instagram jameslafleurofficial. Additional sources: https://reddit.com/r/ufo/comments/1nw3hwg/the_best_ufouap_youtube_channels_keep_up_with
UP-0652,James Madden,,,,active,scientist_or_technical_expert,speaker|conference,,United States,,,,,Benedictine College,Professor of philosophy,,,,Philosophy professor at Benedictine College; AOTI 2025 'Religion and the UFO' panelist at Rice University.,,,,,,,,,,Archives of the Impossible 2025: The UFO and the Impossible (program),https://impossiblearchives.rice.edu/ufo-and-impossible,primary_official,2025 Archives of the Impossible Conference (recap),https://anomalyarchives.org/events/opening-of-the-archives-of-the-impossible/2025-archives-of-the-impossible-conference,secondary_reference,2,added,,,,2026-09-14,,Added 2026-09-14 via research batch (conf_research_policy.json; category conf_research_policy); researcher confidence: medium.
UP-0653,James McGaha,,,,active,skeptic_or_critical_analyst,skeptic|astronomer|investigator,,United States,,,,,Grasslands Observatory|Committee for Skeptical Inquiry|Tucson Skeptics,"Retired USAF major and pilot|director, Grasslands Observatory|CSI scientific consultant",,,,"Retired USAF pilot and astronomer, CSI scientific consultant, who has debunked UFO claims for 40+ years; explained Phoenix Lights and Stephenville sightings as celestial objects and aircraft.",,,,,,,,,,Center for Inquiry speaker bio,https://centerforinquiry.org/speakers/mcgaha_james,primary_organization,Skeptical Inquirer author page,https://skepticalinquirer.org/authors/james-mcgaha,secondary_reference,3,added,,,,2026-09-14,,Added 2026-09-14 via research batch (skeptics_critics.json; category Skeptics & Critics); researcher confidence: high. Researcher notes: Listed as conference chairman for the 'UFOs: The Space-Age Mythology' skeptical conference (ufocon.org). Additional sources: https://exchange.prx.org/pieces/376224-skeptic-check-pentagon-ufo-report
UP-0654,Jan Aldrich,Jan L. Aldrich,,,active,skeptic_or_critical_analyst,archivist|historian,,United States,,,,,Project 1947|Center for UFO Studies (CUFOS),"Founder and coordinator, Project 1947",,,,"Founder of Project 1947, which has screened thousands of 1947-era newspapers and archives to recover original UFO records; publishes trip reports and missing-files research (Keyhoe/NICAP files).",,,,,,,,,,CUFOS - Jan Aldrich profile,https://cufos.org/about-us/cufos-board-consultants-and-friends/jan-aldrich,primary_organization,Project 1947 - 2021 trip and archive report,http://project1947.com/articles/2021trip_report_JLA.pdf,secondary_reference,2,added,,,,2026-09-14,,Added 2026-09-14 via research batch (skeptics_critics.json; category Skeptics & Critics); researcher confidence: high. Researcher notes: Project continues to welcome data contributions for 1947 and early-UFO-era years.
UP-0655,Jasmine Crockett,,,,active,government_official,representative,,United States,,,,,Democratic Party|U.S. House|House Oversight Task Force on the Declassification of Federal Secrets,"U.S. Representative (D-TX, 2023-present)",,,,"Democratic member of the Oversight declassification task force; participated in the Sept 9, 2025 UAP whistleblower protection hearing.",,,,,,,,,,2025 House Oversight UAP Hearing - Overclassified Case File #313,https://overclassified.org/case-files/2025-house-oversight-uap-hearing.html,secondary_reference,,,,1,added,,,,2026-09-14,,Added 2026-09-14 via research batch (politics.json; category politics); researcher confidence: high.
UP-0656,Jason T. Wright,Jason Wright,,,active,scientist_or_technical_expert,astronomer|technosignatures|UAP testimony,,United States,,,,,Pennsylvania State University|Penn State Extraterrestrial Intelligence Center,Professor of Astronomy & Astrophysics|PSETI Center director,,,,Penn State astronomer and technosignature researcher who testified at the July 2026 Pennsylvania House UAP hearing on scientific inquiry into anomalous objects.,,,,,,,,,,Pennsylvania House holds hearing on UAP reporting and scientific inquiry,https://disclosure.org/news/pennsylvania-house-uap-hearing-2026,secondary_reference,Pa. lawmakers told of unexplained airborne craft (CNHI),https://cnhinews.com/cnhi/article_17eb637a-2b25-4deb-b80a-f4a3fd1af841.html,secondary_reference,2,added,,,,2026-09-14,,Added 2026-09-14 via research batch (science_academics.json; category Scientists & Academics); researcher confidence: high. Researcher notes: Check identity vs. other Jason Wrights; this is the Penn State PSETI director.
UP-0657,Jeff Meldrum,Dr. Jeff Meldrum,,,active,scientist_or_technical_expert,speaker|scientist,,USA,,,,,Idaho State University,Professor of anatomy|anthropologist,,,,Idaho State University anatomy professor and leading researcher of the Bigfoot phenomenon; listed PhenomeCon speaker.,,,,,,,,,,Basin Now: PhenomeCon to draw visitors from around world,https://basinnow.com/phenomecon-to-draw-visitors-from-around-world,secondary_reference,,,,1,added,,,,2026-09-14,,Added 2026-09-14 via research batch (conf_us_consumer.json; category conf_us_consumer); researcher confidence: medium. Researcher notes: UAP link via Phenomecon roster adjacency; primarily cryptid researcher.
UP-0658,Jenifer Strein,,,,active,journalist_host_or_filmmaker,speaker|filmmaker|investigator,,USA,,,,,MUFON Sedona,MUFON Sedona director|filmmaker,,,,Filmmaker and MUFON Sedona director presenting Travis Walton documentary material at Roswell UFO Festival 2025.,,,,,,,,,,Curious Realm Ep 188: Roswell UFO Festival 2025,https://curiousrealm.com/cr-ep-188-on-location-at-roswell-ufo-festival-2025,secondary_reference,,,,1,added,,,,2026-09-14,,Added 2026-09-14 via research batch (conf_us_consumer.json; category conf_us_consumer); researcher confidence: medium.
UP-0659,Jennifer Stein,,,,active,journalist_host_or_filmmaker,speaker|filmmaker|organizer,,USA,,,,,Main Line MUFON (PA)|OnWard Films,MUFON section director|documentary filmmaker,,,,Pennsylvania MUFON director and Travis Walton documentary filmmaker; Roswell UFO Festival 2025 speaker with Walton.,,,,,,,,,,Curious Realm Ep 188: Roswell UFO Festival 2025,https://curiousrealm.com/cr-ep-188-on-location-at-roswell-ufo-festival-2025,secondary_reference,,,,1,added,,,,2026-09-14,,Added 2026-09-14 via research batch (conf_us_consumer.json; category conf_us_consumer); researcher confidence: high. Researcher notes: Not in registry; distinct from registered persons.
UP-0660,Jesse Watters,,,,active,journalist_host_or_filmmaker,host|commentator|cable news,,USA,,,,,Fox News,"Host, Jesse Watters Primetime|co-host, The Five",,,,"Fox News primetime host who has made UAP a recurring topic, covering the Pentagon's UAP file releases and asserting 'we are not alone'.",,,,,,,,,,Jesse Watters dives into 'juicy' UFO files as he slams government 'gatekeeping' (The Mirror),https://themirror.com/entertainment/tv/jesse-watters-government-gatekeeping-ufos-1973786,secondary_reference,Same report (AOL syndication),https://www.aol.com/articles/jesse-watters-dives-juicy-ufo-014614000.html,secondary_reference,2,added,,,,2026-09-14,,"Added 2026-09-14 via research batch (mainstream_media.json; category mainstream_media); researcher confidence: medium. Researcher notes: Not in registry. Sensational framing noted by media critics, but the UAP coverage record is extensive and current (Aug 2026)."
UP-0661,Jessica Reed Kraus,House Inhabit,,,active,journalist_host_or_filmmaker,newsletter_writer|journalist,,United States,,,,,House Inhabit (Substack),Independent journalist; publisher of House Inhabit,,,,"Independent journalist (1.3M+ Instagram followers; ~452k Substack subscribers) whose House Inhabit newsletter now runs heavy UAP/disclosure coverage, including 'Disclosure Day' live reporting from DC and dead-scientists investigations.",,,,,,,,,,House Inhabit - Conspiracy/UAP tag archive,https://jessicareedkraus.substack.com/t/conspiracy,primary_media_account,Jessica Reed Kraus - Wikipedia,https://en.wikipedia.org/wiki/Jessica_Reed_Kraus,secondary_reference,3,added,,,,2026-09-14,,Added 2026-09-14 via research batch (independent_media.json; category independent_media); researcher confidence: high. Researcher notes: Substack: jessicareedkraus.substack.com; Instagram @houseinhabit ~1.34M; ~452k Substack subscribers. Additional sources: https://reletter.com/publications/house-inhabit
UP-0662,Jim Garrison,James Garrison,,,active,organization_leader_or_advocate,speaker|conference,,United States,,,,,State of the World Forum|Ubiquity University,"Founder, State of the World Forum|Founder/president, Ubiquity University",,,,Forum founder and educator; interviewed as a leading disclosure voice in New Paradigm Institute programming and partnered with NPI's multi-org drone-era panels.,,,,,,,,,,UFOs-Disclosure blog: New Paradigm Institute film voices,https://ufos-disclosure.blogspot.com/2025/09/the-new-paradigm.html,secondary_reference,,,,1,added,,,,2026-09-14,,Added 2026-09-14 via research batch (conf_research_policy.json; category conf_research_policy); researcher confidence: medium.
UP-0663,Jim Goodall,James C. Goodall|James Goodall,,,active,journalist_host_or_filmmaker,retired USAF master sergeant|aviation historian|author|UAP commentator,,United States,,,,,U.S. Air Force (retired)|Pearl Harbor Aviation Museum (former associate curator)|The Museum of Flight|AAWSAP-era Skunk Works contacts,Retired U.S. Air Force Master Sergeant|aviation historian and author of 29 books on military aircraft and submarines,,,,"Retired USAF master sergeant and respected aerospace historian who recounts Ben Rich's 'we can take ET home' Skunk Works remarks and Air Force intercept accounts, and remains active on UAP podcasts.",,,,,,,,,,James Goodall - ikwipedia profile,https://en.ikwipedia.org/wiki/James_Goodall,secondary_reference,Jim Goodall - UAP Disclosure Wiki,https://wikidisc.org/wiki/Jim_Goodall,primary_organization,2,added,,,,2026-09-14,,Added 2026-09-14 via research batch (military_intel.json; category military_intel); researcher confidence: medium. Researcher notes: Historian rather than program insider; value is his firsthand interviews with Ben Rich and Air Force intercept witnesses.
UP-0664,Jim Himes,James Andrew Himes,,,active,military_intelligence_insider_or_claimant,representative|intelligence committee,,United States,,,,,Democratic Party|U.S. House|House Permanent Select Committee on Intelligence,"U.S. Representative (D-CT, 2009-present)|HPSCI Ranking Member",,,,"On UAP disclosure push (2026) told Raw Story: 'I would love the public to see what I've seen,' signaling classified briefings on UAP files.",,,,,,,,,,Capitol Hill reactions to Trump's UFO disclosure push (Raw Story syndication),https://mexc.fm/tr-CT/news/1030183,secondary_reference,,,,1,added,,,,2026-09-14,,Added 2026-09-14 via research batch (politics.json; category politics); researcher confidence: medium. Researcher notes: Quote surfaced via Raw Story syndicated mirror; verify against rawstory.com original when possible.
UP-0665,Jim Moseley | James W. Moseley,,,,,author_or_cultural_figure,author|publisher,,US,,,,,Saucer Smear newsletter,,,,,Irreverent ufologist-publisher of Saucer Smear; memoir 'Shockingly Close to the Truth!' (with Karl Pflock) is a classic insider history of ufology.,,,,,,,,,,Goodreads – Shockingly Close to the Truth!,https://goodreads.com/en/book/show/1277161.Shockingly_Close_to_the_Truth_,secondary_reference,AbeBooks listing,https://abebooks.com/9781573929912/Shockingly-Close-Truth-Confessions-Grave-Robbing-1573929913/plp,secondary_reference,2,added,,,,2026-09-14,,"Added 2026-09-14 via research batch (authors.json; category Published UAP/UFO book authors); researcher confidence: medium. Researcher notes: Book: 'Shockingly Close to the Truth!' (1997, with Karl Pflock); died 2012."
UP-0666,Jim Sparks,,,,active,author_or_cultural_figure,author|contactee,,US,,,,,,,,,,Abduction experiencer and author of 'The Keepers: An Alien Message for the Human Race'; appeared alongside John Mack-era abduction research.,,,,,,,,,,Google Books – The Keepers,https://books.google.com/books/about/The_Keepers.html?hl=en&id=ljFYMgAACAAJ&output=html_text,secondary_reference,AlienJigsaw review of The Keepers,https://alienjigsaw.com/reviews-op-eds-interviews/Mack-Jim-Sparks-The-Keepers.html,secondary_reference,2,added,,,,2026-09-14,,Added 2026-09-14 via research batch (authors.json; category Published UAP/UFO book authors); researcher confidence: medium. Researcher notes: Book: 'The Keepers: An Alien Message for the Human Race' (2008).
UP-0667,Joaquim Fernandes,,,,active,scientist_or_technical_expert,historian|academic|fatima_research,,Portugal,,,,,"CTEC (Centro Transdisciplinar de Estudos da Consciência), Universidade Fernando Pessoa|CNIFO/CEAFI (historic)|Project MARIAN","Professor (ret.), Universidade Fernando Pessoa|Co-editor, Cons-ciences journal|Co-author, Fatima Trilogy",,,,"Per overclassified.org's Fatima Revisited study and Exopolitics Institute bios, Fernandes co-founded CEAFI/CNIFO, researches Fátima 1917 apparitions as anomalous phenomena, and led CTEC's Project MARIAN.",,,,,,,,,,Fatima Revisited - Essential Reading (OverClassified),https://overclassified.org/essential-reading/fatima-revisited,secondary_reference,Fatima Revisited author bios (Anomalist Books),https://anomalistbooks.com/book.cfm?id=27,secondary_reference,2,added,,,,2026-09-14,,Added 2026-09-14 via research batch (international.json; category researcher_investigator); researcher confidence: medium. Researcher notes: Retired professor but remains active in CTEC/lecture contexts per 2020s podcast appearances.
UP-0668,Joe Allen,,,,active,journalist_host_or_filmmaker,speaker|author|journalist,,USA,,,,,Solari Report,Author of domains of transhumanism research|AI and UAP commentator,,,,"Technology writer for the Solari Report covering transhumanism, AI and UAP disclosure; NephCon 2025 speaker.",,,,,,,,,,NephCon 2025 tickets (Alberino Events),https://tickettailor.com/events/alberinoevents/1481325,primary_official,,,,1,added,,,,2026-09-14,,Added 2026-09-14 via research batch (conf_us_consumer.json; category conf_us_consumer); researcher confidence: medium. Researcher notes: Common name; identity tied to Solari/NephCon speakership.
UP-0669,Joe Biscotto,UAP Reporting Center|The Contact Report,,,active,journalist_host_or_filmmaker,x_account|youtuber|aggregator,,United States,,,,,UAP Reporting Center (X)|The Contact Report website,"Founder, UAP Reporting Center; host, Beyond Top Secret",,,,"Former law-enforcement professional who launched the UAP Reporting Center on X in 2023; grew to 60k+ followers with millions of monthly views, runs The Contact Report sighting site and the Beyond Top Secret YouTube show.",,,,,,,,,,Podcast UFO Show 764 Notes: Joe Biscotto (UAP Reporting Center),https://podcastufo.com/show-764-notes-joe-biscotto,secondary_reference,,,,1,added,,,,2026-09-14,,Added 2026-09-14 via research batch (independent_media.json; category independent_media); researcher confidence: medium. Researcher notes: X: UAP Reporting Center (60k+ followers); Pennsylvania-based; book in progress per June 2026 interview.
UP-0670,John B. Alexander,John Alexander|Col. John Alexander,,,active,scientist_or_technical_expert,retired Army colonel|UFO researcher|author|non-lethal weapons pioneer,,United States,,,,,U.S. Army (retired)|Los Alamos National Laboratory (post-Army)|Advanced Theoretical Physics Project|National Institute for Discovery Science (NIDS circle),"Retired U.S. Army Colonel|Director, Advanced Systems Concepts Office, U.S. Army Laboratory Command|later Project Manager for Non-Lethal Defense, Los Alamos",,,,"Retired Army colonel and longtime UFO researcher who founded the Advanced Theoretical Physics Project of cleared officials probing a secret federal UFO program (finding none), and argues UAP are real but not government-hidden.",,,,,,,,,,John B. Alexander - Wikipedia,https://en.wikipedia.org/wiki/John_B._Alexander,secondary_reference,John B. Alexander official website,https://johnbalexander.com,primary_official,2,added,,,,2026-09-14,,"Added 2026-09-14 via research batch (military_intel.json; category military_intel); researcher confidence: high. Researcher notes: Dissenting voice: denies government cover-up conspiracies, which was jeered at MUFON 2011; valuable as a credentialed contrarian. Not in registry (checked)."
UP-0671,John Blitch,John G. Blitch|Lt. Col. John Blitch,,,active,whistleblower_or_official_witness,retired Army officer|former Delta Force troop commander|former DARPA program manager|roboticist|UAP whistleblower,,United States,,,,,U.S. Army (retired)|Combat Applications Group (Delta Force)|DARPA|CRASAR|U.S. Special Operations Command,Retired U.S. Army Lieutenant Colonel|Pershing II nuclear battery commander|DARPA robotics program manager|founder of CRASAR,,,,"Retired Army Lt. Col. (West Point, Delta Force, DARPA) who emerged in 2025 via Ross Coulthart's NewsNation as an informal UAP whistleblower vouching for Jake Barber and discussing alleged abduction patterns.",,,,,,,,,,John Blitch - UAP Disclosure Wiki,https://wikidisc.org/wiki/John_Blitch,primary_organization,Lt. Col. John Blitch - Ross Coulthart / NewsNation Reality Check interview (Jan 26 2025),https://ufopedia.fyi/raw/transcripts/blitch-coulthart-newsnation-2025-whisper,secondary_reference,3,added,,,,2026-09-14,,"Added 2026-09-14 via research batch (military_intel.json; category military_intel); researcher confidence: high. Researcher notes: Verifiable elite background (Pershing II, CAG, DARPA); abduction claims are personal, not corroborated. Additional sources: https://thegoodtroubleshow.com/episodes/former-special-forces-insider-talks-ufos"
UP-0672,John Michael Godier,JMG|Event Horizon,,,active,journalist_host_or_filmmaker,youtuber|podcaster|science_communicator,,United States,,,,,Event Horizon|John Michael Godier channel,"Host, Event Horizon; science writer",,,,"Science writer and host of Event Horizon, a narrative-driven science/space show that regularly covers UAP, SETI, Fermi paradox and anomaly topics; also runs his own large channel.",,,,,,,,,,Event Horizon - YouTube,https://www.youtube.com/@EventHorizonShow,primary_media_account,John Michael Godier's Event Horizon - Apple Podcasts,https://podcasts.apple.com/us/podcast/john-michael-godiers-event-horizon/id1590788152,secondary_reference,2,added,,,,2026-09-14,,Added 2026-09-14 via research batch (independent_media.json; category independent_media); researcher confidence: high. Researcher notes: YouTube @EventHorizonShow + main @JohnMichaelGodier channel (~400k range); podcast on Apple/Spotify.
UP-0673,John Ramirez,,,,active,military_intelligence_insider_or_claimant,former CIA officer|ballistic missile defense analyst|UAP commentator,,United States,,,,,Central Intelligence Agency (1984-2009)|Office of the Director of National Intelligence|Association of Former Intelligence Officers,Retired CIA officer (GS-15)|ballistic-missile-defense analyst|chief of CIA's Electronic Intelligence Analysis Branch,,,,"25-year CIA veteran whose analysis of Russian radar detections of anomalous craft near missile tests informs his public UAP commentary since 2021, including claims of an approaching 2027 disclosure inflection.",,,,,,,,,,John Ramirez - ufopedia source record,https://ufopedia.fyi/source/john-ramirez,secondary_reference,John Ramirez interviewed by George Knapp,https://ufos-scientificresearch.blogspot.com/2022/02/john-ramirez-interviewed-by-george-knapp.html,secondary_reference,3,added,,,,2026-09-14,,Added 2026-09-14 via research batch (military_intel.json; category military_intel); researcher confidence: high. Researcher notes: Missile-observation account is a credentialed analyst's direct account; his relayed 'CIA hybrid-DNA program' claims are secondhand and should be discounted. Additional sources: https://uapsp.podbean.com/e/former-cia-intelligence-officer-john-ramirez-on-the-uap-phenomenon-imminent-disclosure-events
UP-0674,Jon Majerowski,UFOs On The Level,,,active,scientist_or_technical_expert,podcast_host|author|researcher,,USA,,,,,UFOs On The Level (podcast)|Project Unity (collaborator),Author of Contact & Control|info-security specialist,,,,Host of the UFOs On The Level podcast and Project Unity Dream Team guest; author of Contact & Control on UAP and esoterics.,,,,,,,,,,UFOs On The Level - Dream Team #7 (Apple Podcasts),https://podcasts.apple.com/gb/podcast/ufos-on-the-level-dream-team-7-jay-project-unity-jean/id1560438806?i=1000703193371,secondary_reference,Rephonic: UFOs On The Level podcast,https://rephonic.com/podcasts/ufos-on-the-level,secondary_reference,2,added,,,,2026-09-14,,"Added 2026-09-14 via research batch (conf_us_consumer.json; category conf_us_consumer); researcher confidence: high. Researcher notes: Known gap; not in registry (Jay Anderson/Project Unity is registered, Majerowski is not)."
UP-0675,Jonathan Berte,,,,active,organization_leader_or_advocate,speaker|conference,,Belgium,,,,,Robovision|The Sol Foundation,"Founder and Chairman, Robovision|Co-founder, The Sol Foundation",,,,"AI entrepreneur, founder/chairman of Robovision and co-founder of the Sol Foundation; speaker at Sol's 2023, 2024 and 2025 symposia on AI and UAP disclosure.",,,,,,,,,,Sol Foundation Inaugural Annual Conference speakers,https://thesolfoundation.org/events/the-inaugural-annual-conference-of-the-sol-foundation/,primary_official,Sol's 2024 Symposium program,https://thesolfoundation.org/events/sols-2024-symposium/,primary_official,3,added,,,,2026-09-14,,Added 2026-09-14 via research batch (conf_research_policy.json; category conf_research_policy); researcher confidence: high. Additional sources: https://thesolfoundation.org/people/
UP-0676,Joni Ernst,Joni Kay Ernst|Joni K. Ernst,,,active,government_official,senator,,United States,,,,,Republican Party|U.S. Senate|Senate Armed Services Emerging Threats Subcommittee,"U.S. Senator (R-IA, 2015-2027)|Ranking Member, Emerging Threats Subcommittee",,,,Ranking member at the Nov 2024 and Jan 2026 Senate Armed Services AARO/UAP hearings alongside chairwoman Gillibrand; answered constituents on UAP objects.,,,,,,,,,,"Senate UAP Hearings: Whistleblowers, AARO, and Disclosure (LegalClarity)",https://legalclarity.org/senate-uap-hearings-whistleblowers-aaro-and-disclosure,secondary_reference,"Senate Hearing on Unidentified Aerial Phenomena (Jan 23, 2026 transcript)",https://www.rev.com/transcripts/senate-hearing-on-unidentified-aerial-phenomena,secondary_reference,2,added,,,,2026-09-14,,Added 2026-09-14 via research batch (politics.json; category politics); researcher confidence: medium. Researcher notes: Announced she will not seek re-election; serves through January 2027.
UP-0677,Joseph Buchman,Joe Buchman,,,active,organization_leader_or_advocate,speaker|advocate,,USA,,,,,,Former congressional candidate|UAP/extraterrestrial-communication advocate,,,,Libertarian-leaning UAP advocate and former congressional candidate; speaker at Roswell UFO Festival 2025.,,,,,,,,,,Curious Realm Ep 188: Roswell UFO Festival 2025,https://curiousrealm.com/cr-ep-188-on-location-at-roswell-ufo-festival-2025,secondary_reference,,,,1,added,,,,2026-09-14,,Added 2026-09-14 via research batch (conf_us_consumer.json; category conf_us_consumer); researcher confidence: medium.
UP-0678,Josh Boswell,Joshua Boswell,,,active,journalist_host_or_filmmaker,reporter|investigative|UAP beat,,USA,,,,,Daily Mail US|CBS News,Former Daily Mail US chief investigative reporter|CBS News investigative reporter-producer (2026),,,,"Chief investigative reporter who led Daily Mail's UAP reporting from 2023, co-authoring the CIA Office of Global Access crash-retrieval investigation.",,,,,,,,,,"Original Daily Mail CIA UFO retrieval investigation (Wayback archive, Boswell/Sharp/Ford bylines)",https://web.archive.org/web/20231128145327/https://www.dailymail.co.uk/news/article-12796167/CIA-secret-office-UFO-retrieval-missions-whistleblowers.html,secondary_reference,"Deadline: Boswell joins CBS News investigations, incl. UFO reports",https://deadline.com/print-article/1236957253,secondary_reference,3,added,,,,2026-09-14,,Added 2026-09-14 via research batch (mainstream_media.json; category mainstream_media); researcher confidence: high. Researcher notes: Not in registry. Now at CBS News per Deadline; Daily Mail deleted his UAP story in 2026 without retraction. Additional sources: https://ufouap.com/articles/daily-mail-removes-cia-uap-crash-retrieval-article-2026
UP-0679,Joshua Cutchin,,,,active,author_or_cultural_figure,speaker|author,,USA,,,,,,Author of A Trojan Feast and Thieves in the Timeless Night,,,,"Author comparing UFO abduction, fairy lore and food-offering traditions; Contact in the Desert 2026 speaker.",,,,,,,,,,Contact in the Desert 2026 Speakers,https://contactinthedesert.com/speakers/,primary_official,,,,1,added,,,,2026-09-14,,Added 2026-09-14 via research batch (conf_us_consumer.json; category conf_us_consumer); researcher confidence: medium.
UP-0680,Joshua Pierson,,,,active,,speaker|conference,,United States,,,,,Society for UAP Studies|National American University (DSS),"Strategic security expert|Conference communications coordinator, SUAPS",,,,Doctorate-holding strategic-security expert whose dissertation on detectable UAP signatures anchored SCU 2024 presentations; now SUAPS conference communications coordinator.,,,,,,,,,,SCU AAPC 2024 Presenter Abstracts (PDF),https://s3.amazonaws.com/uploads.webconnex.com/43130%2F1709335452229-Presenter+Abstracts+2024.pdf,primary_official,SUAPS 2024 online conference speakers (EINPresswire),https://www.einpresswire.com/article/729792417/the-society-for-uap-studies-hosts-an-online-conference-on-the-scope-of-contemporary-uap-studies,secondary_reference,2,added,,,,2026-09-14,,Added 2026-09-14 via research batch (conf_research_policy.json; category conf_research_policy); researcher confidence: high.
UP-0681,Julia Mossbridge,,,,active,scientist_or_technical_expert,speaker|conference,,United States,,,,,University of San Diego|TILT: The Institute for Love and Time,Affiliate professor of biophysics and physics|Cognitive neuroscientist,,,,Cognitive neuroscientist and University of San Diego affiliate professor; SCU 2024 speaker on managing taboo and fear in UAP research.,,,,,,,,,,SCU AAPC 2024 Presenter Abstracts (PDF),https://s3.amazonaws.com/uploads.webconnex.com/43130%2F1709335452229-Presenter+Abstracts+2024.pdf,primary_official,,,,1,added,,,,2026-09-14,,Added 2026-09-14 via research batch (conf_research_policy.json; category conf_research_policy); researcher confidence: high.
UP-0682,Julian Dorey,JDP|Julian Dorey Podcast,,,active,journalist_host_or_filmmaker,podcaster|youtuber,,United States,,,,,Julian Dorey Podcast (Daylight Media),"Host, Julian Dorey Podcast",,,,"NYC-based podcaster whose interview show has become a top venue for UAP whistleblowers, researchers and skeptics (Jesse Michels, Danny Sheehan, Darcy Weir, Sean Hazlett and many more).",,,,,,,,,,Julian Dorey Podcast - Apple Podcasts,https://podcasts.apple.com/mx/podcast/julian-dorey-podcast/id1531416289,secondary_reference,Julian Dorey Podcast RSS (UAP episode lineup),https://anchor.fm/s/a281ee88/podcast/rss,secondary_reference,2,added,,,,2026-09-14,,Added 2026-09-14 via research batch (independent_media.json; category independent_media); researcher confidence: high. Researcher notes: X @juliandorey; YouTube main + clips channels; producer Alessi Allaman.
UP-0683,Julian E. Barnes,,,,active,military_intelligence_insider_or_claimant,reporter|intelligence|national security,,USA,,,,,The New York Times|Los Angeles Times|The Wall Street Journal|U.S. News & World Report,"Correspondent covering the U.S. intelligence community, NYT Washington bureau (since 2018)",,,,New York Times intelligence-community correspondent whose byline has anchored the paper's government UAP coverage since the 2021 ODNI report.,,,,,,,,,,Julian E. Barnes - The New York Times,https://www.nytimes.com/by/julian-e-barnes,secondary_reference,The Non-Disclosure Disclosure Grinds On (cites Barnes/Cooper NYT UAP reporting),https://readmedium.com/nyt-uap-report-leak-98ce1eaa223a,secondary_reference,2,added,,,,2026-09-14,,Added 2026-09-14 via research batch (mainstream_media.json; category mainstream_media); researcher confidence: high. Researcher notes: Not in registry. NYT author page confirms he covers the intelligence community including ODNI; verified byline on UAP report and shootdown stories.
UP-0684,Kai-Uwe Schrogl,,,,active,,speaker|conference,,Germany,,,,,European Space Agency (former)|European Space Policy Institute (founder),Space policy expert|Former ESA Chief Strategy Officer,,,,"European space-policy expert (founder of ESPI, former ESA chief strategy officer); IFEX 2025 co-speaker presenting ESA's positions on UAP.",,,,,,,,,,IFEX SETI & UAP Conference 2025 speakers (Grenzwissenschaft Aktuell),https://grenzwissenschaft-aktuell.de/ifex-seti-uap-conference-2025-at-the-university-of-wuerzburg,secondary_reference,,,,1,added,,,,2026-09-14,,Added 2026-09-14 via research batch (conf_research_policy.json; category conf_research_policy); researcher confidence: high.
UP-0685,Karin Austin,,,,active,investigator_author_or_organization_leader,speaker|conference,,United States,,,,,Rice University Fondren Library,"Project Manager, Archives of the Impossible",,,,Project manager of Rice University's Archives of the Impossible; co-presented 'Introducing the Archives of the Impossible' with Jeffrey Kripal at the Sol Foundation 2024 symposium and co-convened AOTI 2025.,,,,,,,,,,Sol's 2024 Symposium program,https://thesolfoundation.org/events/sols-2024-symposium/,primary_official,Archives of the Impossible 2025: The UFO and the Impossible (program),https://impossiblearchives.rice.edu/ufo-and-impossible,primary_official,2,added,,,,2026-09-14,,Added 2026-09-14 via research batch (conf_research_policy.json; category conf_research_policy); researcher confidence: high.
UP-0686,Karl Svozil,,,,active,scientist_or_technical_expert,speaker|conference,,Austria,,,,,TU Wien (Vienna University of Technology),Professor of theoretical physics (retired),,,,"Austrian theoretical physicist, professor at TU Wien; Sol Foundation 2025 speaker proposing looser scientific norms for studying non-human intelligence.",,,,,,,,,,2025 Sol Foundation Symposium agenda,https://thesolfoundation.org/the-2025-sol-foundation-symposium-provisional-agenda/,primary_official,,,,1,added,,,,2026-09-14,,Added 2026-09-14 via research batch (conf_research_policy.json; category conf_research_policy); researcher confidence: high.
UP-0687,Karl T. Pflock,,,,,author_or_cultural_figure,author|researcher,,US,,,,,,Former Deputy Assistant Secretary of the Navy (legislative),,,,"Government veteran and Roswell skeptic-author, co-author of 'Shockingly Close to the Truth!' and author of 'Roswell: Inconvenient Facts and the Will to Believe'.",,,,,,,,,,Goodreads – Shockingly Close to the Truth!,https://goodreads.com/en/book/show/1277161.Shockingly_Close_to_the_Truth_,secondary_reference,,,,1,added,,,,2026-09-14,,"Added 2026-09-14 via research batch (authors.json; category Published UAP/UFO book authors); researcher confidence: medium. Researcher notes: Books: 'Roswell: Inconvenient Facts and the Will to Believe' (2001), 'Shockingly Close to the Truth!' (1997); died 2006."
UP-0688,Karla Turner,,,,,author_or_cultural_figure,author|researcher,,US,,,,,,,,,,Abduction researcher whose 'Taken: Inside the Alien-Human Abduction Agenda' (1994) remains heavily cited in abduction research.,,,,,,,,,,Grokipedia – Karla Turner,https://grokipedia.com/page/Karla_Turner,secondary_reference,Archive.org – Taken,https://archive.org/download/taken-inside-the-alien-human-abduction-agenda/Karla%20Turner%20-%20Taken%20Inside%20the%20Alien-Human%20Abduction%20Agenda.pdf,secondary_reference,2,added,,,,2026-09-14,,"Added 2026-09-14 via research batch (authors.json; category Published UAP/UFO book authors); researcher confidence: medium. Researcher notes: Books: 'Taken' (1994), 'Masquerade of Angels'; died 1996."
UP-0689,Kathy Hochul,Kathleen Hochul,,,active,government_official,governor,,United States,,,,,Democratic Party,Governor of New York (2021-present),,,,"Publicly addressed the 2024 unidentified-drone sightings over New York, saying the state was investigating and coordinating with FBI and DHS.",,,,,,,,,,"As drone sightings continue, Murphy sends letter to Biden; Hochul statement (CBS News)",https://cbsnews.com/amp/newyork/news/drones-over-staten-island-new-york-new-jersey,secondary_reference,,,,1,added,,,,2026-09-14,,Added 2026-09-14 via research batch (politics.json; category politics); researcher confidence: low. Researcher notes: UAP link is the drone-wave response; weaker than legislative UAP action.
UP-0690,Katie Miller,,,,active,journalist_host_or_filmmaker,host|podcast|commentator,,USA,,,,,The Katie Miller Podcast,"Host, The Katie Miller Podcast",,,,Podcast host who secured Secretary of State Marco Rubio's 2026 on-record UAP comments about objects over US military installations.,,,,,,,,,,Marco Rubio says objects on US military installations need to be investigated (Katie Miller Podcast),https://en.noticiasufologicas.com.br/marco-rubio-diz-que-objetos-sobre-instalacoes-militares-dos-eua-precisam-ser-investigados,secondary_reference,Strange and Unexplained episode citing Katie Miller Podcast UAP interview,https://podscan.fm/podcasts/strange-and-unexplained/episodes/every-box-is-being-checked-before-a-major-ufo-announcement,secondary_reference,2,added,,,,2026-09-14,,Added 2026-09-14 via research batch (mainstream_media.json; category mainstream_media); researcher confidence: medium. Researcher notes: Not in registry (distinct from registered 'Katie Paige'). Wife of White House deputy chief of staff Stephen Miller; her UAP record is the Rubio interview coverage.
UP-0691,Kei Endo,,,,active,government_official,MP,,Japan,,,,,National Diet,"Diet member, UAP Clarification Parliamentary League",,,,Japanese MP who told reporters at the May 2024 league launch press conference that he had personally witnessed a UAP.,,,,,,,,,,Japan to study UFO threat (Big News Network),https://bignewsnetwork.com/news/274390087/japan-to-study-ufo-threat-media,secondary_reference,,,,1,added,,,,2026-09-14,,Added 2026-09-14 via research batch (politics.json; category politics); researcher confidence: medium. Researcher notes: Party affiliation not specified in English sources.
UP-0692,Keith Duffield,,,,,witness_or_experiencer,US Air Force veteran|UAP witness,,United States,,,,,"U.S. Air Force|81st Security Police Squadron, RAF Bentwaters/Woodbridge (1980)","Former USAF security policeman on patrol at RAF Woodbridge, February 1980",,,,"Bentwaters security policeman who with Lori Rehfeldt witnessed a UFO breach military airspace flying about 25 feet off the RAF Woodbridge runway in February 1980, months before the Rendlesham incident.",,,,,,,,,,Lori Rehfeldt - International UFO Congress (Duffield co-witness),https://ufocongress.com/lori-rehfeldt,primary_organization,,,,1,added,,,,2026-09-14,,Added 2026-09-14 via research batch (military_intel.json; category military_intel); researcher confidence: low. Researcher notes: Known only through Rehfeldt's accounts and appearances; no independent recent activity found.
UP-0693,Keith Seland,,,,active,author_or_cultural_figure,speaker|author,,USA,,,,,,Author of the Humaniverse series,,,,Researcher/author of the Humaniverse books who spoke on Peruvian petroglyphs at the Roswell UFO Festival 2025 conference.,,,,,,,,,,Curious Realm Ep 188: Roswell UFO Festival 2025,https://curiousrealm.com/cr-ep-188-on-location-at-roswell-ufo-festival-2025,secondary_reference,,,,1,added,,,,2026-09-14,,Added 2026-09-14 via research batch (conf_us_consumer.json; category conf_us_consumer); researcher confidence: low.
UP-0694,Keith Taylor,,,,active,scientist_or_technical_expert,speaker|conference,,United States,,,,,John Jay College of Criminal Justice,Adjunct assistant professor,,,,Adjunct assistant professor at John Jay College of Criminal Justice; SCU 2025 presenter who also presented alongside the Tedesco brothers at 2025 UAP symposia.,,,,,,,,,,SCU Conference 2025 presenters,https://www.explorescu.org/conferences/scu-conference-2025,primary_official,,,,1,added,,,,2026-09-14,,Added 2026-09-14 via research batch (conf_research_policy.json; category conf_research_policy); researcher confidence: medium.
UP-0695,Kenny Biddle,Kenneth Biddle,,,active,skeptic_or_critical_analyst,skeptic|investigator|columnist|podcast host,,United States,,,,,Committee for Skeptical Inquiry (CSI)|Skeptical Inquirer 'A Closer Look' column|Skeptical Help Bar podcast,"Chief Investigator of Paranormal Claims, Committee for Skeptical Inquiry",,,,"Chief investigator of paranormal claims for CSI; writes Skeptical Inquirer's 'A Closer Look' column, debunking UFO photos and videos such as the 2023 Las Vegas backyard 'aliens' incident.",,,,,,,,,,Skeptical Inquirer - A Closer Look column,https://skepticalinquirer.org/category/a_closer_look,secondary_reference,EverybodyWiki - Kenny Biddle,https://en.everybodywiki.com/Kenny_Biddle,secondary_reference,2,added,,,,2026-09-14,,Added 2026-09-14 via research batch (skeptics_critics.json; category Skeptics & Critics); researcher confidence: high. Researcher notes: Former ghost hunter turned skeptic; influenced by Nickell and Radford.
UP-0696,Kentaro Mori,,,,active,skeptic_or_critical_analyst,skeptic|analyst|blogger,,Brazil,,,,,Ceticismo Aberto (blog)|Trindade Island case research,"Author, Ceticismo Aberto|Lead analyst, Trindade Island UFO photographs re-investigation",,,,"Per ceticismoaberto.com's Trindade directory and skeptic press, Mori is Brazil's leading UFO skeptic, whose photo-analyses of the 1958 Trindade Island case and battles with Brazilian ufologists are widely cited.",,,,,,,,,,Trindade Island case directory (Ceticismo Aberto — Kentaro Mori),https://ceticismoaberto.com/research/trindade,secondary_reference,Honoring Carl Sagan - Skeptimedia (Mori vs Gevaerd episode),https://skepdic.com/skeptimedia/skeptimedia23.html,secondary_reference,2,added,,,,2026-09-14,,"Added 2026-09-14 via research batch (international.json; category skeptic_debunker); researcher confidence: high. Researcher notes: Balances registry's Brazilian proponent set (Gevaerd, Petit, Zerpa)."
UP-0697,Kevin Wright,Kevin A. Wright,,,active,journalist_host_or_filmmaker,speaker|conference,,United States,,,,,Solve Advocacy|Roswell Daily Record,"Founder, Solve Advocacy|Columnist, Roswell Daily Record",,,,"UAP advocacy organizer, founder of Solve Advocacy; featured voice in New Paradigm Institute disclosure programming and communications coordinator for SUAPS press outreach.",,,,,,,,,,UFOs-Disclosure blog: New Paradigm Institute film voices,https://ufos-disclosure.blogspot.com/2025/09/the-new-paradigm.html,secondary_reference,SUAPS 2024 online conference speakers (EINPresswire),https://www.einpresswire.com/article/729792417/the-society-for-uap-studies-hosts-an-online-conference-on-the-scope-of-contemporary-uap-studies,secondary_reference,2,added,,,,2026-09-14,,Added 2026-09-14 via research batch (conf_research_policy.json; category conf_research_policy); researcher confidence: medium.
UP-0698,Klaus Stähle,Klaus Staehle,,,active,author_or_cultural_figure,speaker|conference,,Germany,,,,,Independent (Berlin),"Lawyer|Author, Legal Issues in Contact with Extraterrestrials",,,,Berlin lawyer and author of Legal Issues in Contact with Extraterrestrials; IFEX 2025 speaker on the legal status of Earth in the event of contact with non-human intelligence.,,,,,,,,,,IFEX SETI & UAP Conference 2025 speakers (Grenzwissenschaft Aktuell),https://grenzwissenschaft-aktuell.de/ifex-seti-uap-conference-2025-at-the-university-of-wuerzburg,secondary_reference,,,,1,added,,,,2026-09-14,,Added 2026-09-14 via research batch (conf_research_policy.json; category conf_research_policy); researcher confidence: high.
UP-0699,Krystal Ball,,,,active,journalist_host_or_filmmaker,host|commentator|podcast|political analysis,,USA,,,,,"Breaking Points|iHeartPodcasts|The Hill (Rising, former)|MSNBC (former)","Co-host, Breaking Points with Krystal and Saagar",,,,"Co-host of Breaking Points; the show's UAP segments (file drops, retrieval claims) air under her and Saagar Enjeti's banner.",,,,,,,,,,Breaking Points with Krystal and Saagar - Castbox channel,https://castbox.fm/channel/Breaking-Points-with-Krystal-and-Saagar-id5652247,secondary_reference,Breaking Points 8/27/26: Recovered UFOs? (transcript),https://podscripts.co/podcasts/breaking-points-with-krystal-and-saagar/82726-putin-escalates-war-in-ukraine-cia-secret-cartel-war-in-mexico-recovered-ufos,secondary_reference,2,added,,,,2026-09-14,,Added 2026-09-14 via research batch (mainstream_media.json; category mainstream_media); researcher confidence: medium. Researcher notes: Not in registry. Distinct from any registered person; verified via show episode listings.
UP-0700,Larry Maguire,,,,active,government_official,speaker|conference,,Canada,,,,,House of Commons of Canada,Member of Parliament (Brandon-Souris)|All-party UAP caucus member,,,,"Canadian Member of Parliament; speaker at the Sol Foundation's 2023 inaugural UAP conference, discussing parliamentary engagement with the UAP issue.",,,,,,,,,,Sol Foundation Inaugural Annual Conference speakers,https://thesolfoundation.org/events/the-inaugural-annual-conference-of-the-sol-foundation/,primary_official,,,,1,added,,,,2026-09-14,,Added 2026-09-14 via research batch (conf_research_policy.json; category conf_research_policy); researcher confidence: high.
UP-0701,Lawrence Fawcett,,,,,author_or_cultural_figure,author|researcher,,US,,,,,Citizens Against UFO Secrecy (CAUS),,,,,"Former nuclear-submarine officer and CAUS figure; lead author of 'Clear Intent', the classic government UFO cover-up study.",,,,,,,,,,Goodreads – Clear Intent,https://goodreads.com/book/show/1606342.Clear_Intent,secondary_reference,Amazon – Clear Intent,http://amazon.com/Clear-Intent-Government-Coverup-Experience/dp/0131366491,secondary_reference,2,added,,,,2026-09-14,,"Added 2026-09-14 via research batch (authors.json; category Published UAP/UFO book authors); researcher confidence: high. Researcher notes: Book: 'Clear Intent' (1984, with Barry Greenwood); died 2007."
UP-0702,Lee Dines,,,,active,scientist_or_technical_expert,criminologist|investigator|MUFON veteran,,United Kingdom,,,,,Scientific Coalition for UAP Studies|MUFON (former National Director),Senior Instructor in Policing Education|SCU European Advisor,,,,"Former police sergeant and ex-MUFON National Director with 24 years of UAP research, now SCU's European Advisor and a policing-education instructor focused on CE cases and methodology.",,,,,,,,,,SCU Team: Lee Dines,https://www.explorescu.org/team,secondary_reference,,,,1,added,,,,2026-09-14,,Added 2026-09-14 via research batch (science_academics.json; category Scientists & Academics); researcher confidence: high.
UP-0703,Lennart Neuhaus,,,,active,,speaker|conference,,Germany,,,,,Julius-Maximilians-Universität Würzburg,Scientific associate,,,,Scientific associate at the University of Würzburg; SCU 2025 conference presenter from the group behind Würzburg's IFEX SETI/UAP research.,,,,,,,,,,SCU Conference 2025 presenters,https://www.explorescu.org/conferences/scu-conference-2025,primary_official,,,,1,added,,,,2026-09-14,,Added 2026-09-14 via research batch (conf_research_policy.json; category conf_research_policy); researcher confidence: medium.
UP-0704,Liberty Vittert,Liberty Vittert Capito,,,active,scientist_or_technical_expert,speaker|conference,,United States,,,,,Washington University in St. Louis (Olin Business School)|Harvard Data Science Review (editor),Professor of practice in data science|UAPSAC member,,,,Data-science professor and Harvard Data Science Review editor who joined the UAP Science Advisory Council after Loeb's June 2026 announcement.,,,,,,,,,,Harvard Crimson: Inside Avi Loeb's UAP Council,https://www.thecrimson.com/article/2026/7/11/avi-loeb-uap-council/,secondary_reference,Avi Loeb (Medium): More Details on the UAP Science Advisory Council,https://avi-loeb.medium.com/more-details-on-the-uap-science-advisory-council-825bd250d23c,primary_media_account,2,added,,,,2026-09-14,,Added 2026-09-14 via research batch (conf_research_policy.json; category conf_research_policy); researcher confidence: high.
UP-0705,Loren Gross,,,,,author_or_cultural_figure,author|historian,,US,,,,,,,,,,Historian whose self-published 'UFOs: A History' series (1947 onward) is the standard year-by-year chronicle used by nearly all later UAP historians.,,,,,,,,,,Signs of the Past archive – UFOs: A History PDF,https://sohp.us/collections/ufos-a-history/pdf/GROSS-1947-1948-Revision.pdf,secondary_reference,,,,1,added,,,,2026-09-14,,Added 2026-09-14 via research batch (authors.json; category Published UAP/UFO book authors); researcher confidence: medium. Researcher notes: Series: 'UFOs: A History' (1953–1973 volumes); died 2024; heavily cited by researchers.
UP-0706,Lori Rehfeldt,Major Lori Rehfeldt,,,active,witness_or_experiencer,US Air Force veteran|US Army Reserve officer|UAP witness|author|podcast host,,United States,,,,,"U.S. Air Force|81st Security Police Squadron, RAF Bentwaters|U.S. Army Reserve (17 years)","Former USAF Security Police airman at RAF Bentwaters|later Major, U.S. Army Reserve",,,,Former Bentwaters security policewoman who witnessed a February 1980 East Gate UFO incursion months before Rendlesham; author of 'Rendlesham Lone Ranger' and active speaker through 2026.,,,,,,,,,,Lori Rehfeldt - International UFO Congress speaker page,https://ufocongress.com/lori-rehfeldt,primary_organization,678. Lori Rehfeldt | Precursor to the Rendlesham Forest Incident - Podcast UFO,https://spreaker.com/episode/678-lori-rehfeldt-precursor-to-the-rendlesham-forest-incident--66991468,secondary_reference,3,added,,,,2026-09-14,,"Added 2026-09-14 via research batch (military_intel.json; category military_intel); researcher confidence: high. Researcher notes: Active 2025-2026 speaking circuit; not in registry (registry has Halt, Penniston, Burroughs, Warren). Additional sources: https://meetup.com/phoenix-mufon/events/315035315"
UP-0707,Lorien Fenton,,,,active,journalist_host_or_filmmaker,organizer|producer|speaker,,USA,,,,,Lorien Fenton Productions|Conscious Community Events,Producer of UFO Con|host of The Fenton Perspective,,,,Bay Area UAP event producer who runs UFO Con (Make Contact on the Bay); named organizer and presenter.,,,,,,,,,,UFO Con 2025: Make Contact on the Bay (EIN Presswire),https://news10.com/business/press-releases/ein-presswire/788737614/ufo-con-2025-make-contact-on-the-bay/,secondary_reference,,,,1,added,,,,2026-09-14,,Added 2026-09-14 via research batch (conf_us_consumer.json; category conf_us_consumer); researcher confidence: high. Researcher notes: Included as named organizer per task brief.
UP-0708,Luc Dini,,,,active,organization_leader_or_advocate,speaker|conference,,France,,,,,3AF SIGMA2,"Chairman, SIGMA2 (Association Aeronautique et Astronautique de France)",,,,"Chairman of SIGMA2, the French aerospace society's UAP study commission; Sol Foundation 2025 speaker on physical observables of UAP and the 3AF/Sigma2 approach.",,,,,,,,,,2025 Sol Foundation Symposium agenda,https://thesolfoundation.org/the-2025-sol-foundation-symposium-provisional-agenda/,primary_official,Danish Network for UAP Studies: Sol 2025 talks,https://dnus.dk/attended-events,primary_organization,2,added,,,,2026-09-14,,Added 2026-09-14 via research batch (conf_research_policy.json; category conf_research_policy); researcher confidence: high.
UP-0709,Luis Burgos,,,,active,scientist_or_technical_expert,organization_founder|field_investigator,,Argentina,,,,,"FAO (Fundación Argentina de Ovnilogía), La Plata","Founder and director, FAO",,,,"Per Radio Nacional and press interviews (2025-2026), Burgos founded and directs Argentina's FAO, commenting on Trump-era declassification and Argentine sighting waves from the group's La Plata base.",,,,,,,,,,"Luis Burgos, ufólogo y titular de la FAO (Radio Nacional AM870, YouTube)",https://www.youtube.com/watch?v=_TL6YWy5vnM,secondary_reference,"Desclasificación de archivos vinculados a OVNIs - Luis Burgos (Spotify, 2026)",https://open.spotify.com/episode/4wV3Usfca1J9EQfHg7Xbis,secondary_reference,2,added,,,,2026-09-14,,Added 2026-09-14 via research batch (international.json; category researcher_investigator); researcher confidence: high. Researcher notes: 2025-2026 interviews confirm current activity.
UP-0710,Luis Cayetano,Luis Cayetano Simmari,,,active,skeptic_or_critical_analyst,skeptic|researcher|essayist,,United States,,,,,Ufology Is Corrupt (website)|co-author with V.J. Ballester-Olmos,"Evolutionary ecologist (Gavilan College, Gilroy, CA)|owner of UfologyIsCorrupt.com",,,,Skeptic who runs UfologyIsCorrupt.com and co-authored papers with Ballester-Olmos on the AAWSAP/AATIP confusion and UFO report reliability; critiques disclosure politics and right-wing currents in ufology.,,,,,,,,,,AAWSAP/AATIP paper (with Ballester-Olmos),https://scribd.com/document/749718453/On-the-AAWSAP-AATIP-Confusion,secondary_reference,Ufology Is Corrupt - interview with Ballester-Olmos,https://ufologyiscorrupt.com/post/an-interview-with-vicente-juan-ballester-olmos,secondary_reference,2,added,,,,2026-09-14,,Added 2026-09-14 via research batch (skeptics_critics.json; category Skeptics & Critics); researcher confidence: high.
UP-0711,Luis Eduardo Valle,Luis Valle,,,active,scientist_or_technical_expert,telecommunications engineer|Latin American UAP|advisor,,Argentina,,,,,Scientific Coalition for UAP Studies|University of Palermo (former),"Retired telecommunications engineer (M.Sc., ITBA)|SCU Latin American Advisor",,,,"Retired telecom engineer and former University of Palermo postgraduate director serving as SCU's Latin American Advisor, engaged in UAP strategic analysis and emerging-technology assessment.",,,,,,,,,,SCU Team: Luis Eduardo Valle,https://www.explorescu.org/team,secondary_reference,,,,1,added,,,,2026-09-14,,Added 2026-09-14 via research batch (science_academics.json; category Scientists & Academics); researcher confidence: medium. Researcher notes: Distinct from Jacques Vallee and Michael Vaillant; retired 2020 but remains SCU advisor.
UP-0712,MJ Banias,M.J. Banias,,,active,journalist_host_or_filmmaker,journalist|speaker,,Canada,,,,,"The Debrief (co-founder, editor-in-chief)",Science and security journalist|UAP conference speaker,,,,Co-founder and editor of The Debrief who covered and spoke at the International UFO Congress and Film Festival.,,,,,,,,,,Superstitious Times: The Debrief team at 30th Annual International UFO Congress,https://superstitioustimes.com/tag/uap/,secondary_reference,,,,1,added,,,,2026-09-14,,Added 2026-09-14 via research batch (conf_us_consumer.json; category conf_us_consumer); researcher confidence: medium.
UP-0713,Madalyn K. Shaw,,,,active,scientist_or_technical_expert,speaker|conference,,United States,,,,,Independent,Photography researcher,,,,"Speaker in the Society for UAP Studies seminar series (Sept 2026) on 'Photography, Evidence, and Imagination'.",,,,,,,,,,Society for UAP Studies events portal (seminars),https://www.societyforuapstudies.org/,primary_official,,,,1,added,,,,2026-09-14,,Added 2026-09-14 via research batch (conf_research_policy.json; category conf_research_policy); researcher confidence: low.
UP-0714,Malcolm Robinson,,,,active,scientist_or_technical_expert,researcher|author|field_investigator,,United Kingdom,,,,,Strange Phenomena Investigations (SPI)|Outer Limits Magazine,"Founder, SPI (1979)|Assistant Editor, Outer Limits Magazine|Author, The Dechmont Woods UFO Incident (2019) and The Bonnybridge UFO Enigma (2025)",,,,"Per overclassified.org case files and publisher bios, Robinson founded Scotland's SPI in 1979 and is its leading UFO author, with 2025 and 2019 books on Dechmont Woods and the Bonnybridge flap.",,,,,,,,,,The Dechmont Woods UFO Incident - Essential Reading (OverClassified),https://overclassified.org/essential-reading/dechmont-woods-ufo-incident,secondary_reference,The Bonnybridge UFO Enigma - Essential Reading (OverClassified),https://overclassified.org/essential-reading/the-bonnybridge-ufo-enigma,secondary_reference,3,added,,,,2026-09-14,,"Added 2026-09-14 via research batch (international.json; category researcher_investigator); researcher confidence: high. Researcher notes: Active through 2025 (new book, cruise-ship lectures 2023). Additional sources: https://buch7.de/produkt/the-bonnybridge-ufo-enigma-a-modern-day-mystery-malcolm-robinson/1051023947?ean=9781917778022"
UP-0715,Manuel Borraz,Manuel Borraz Aymerich,,,active,skeptic_or_critical_analyst,researcher|case analyst,,Spain,,,,,FOTOCAT Project|Fundacion Anomalia,Independent researcher|co-author of Antarctica 1965 UFO sightings study,,,,"Spanish researcher and Ballester-Olmos collaborator whose case studies (Antarctica 1965, Jaca 1976, 'Impossible Portrait') showed celebrated UFO incidents were Moon, meteors and satellite misidentifications.",,,,,,,,,,"FOTOCAT Report #3 (Antarctica 1965, with Borraz)",https://fotocat.blogspot.com/2013/06/20130612-en.html,secondary_reference,Papers d'Ovnis Borraz articles,https://ufomagazines.com/2a-epoca-papers-dovnis-2a-epoca-no-29,secondary_reference,2,added,,,,2026-09-14,,Added 2026-09-14 via research batch (skeptics_critics.json; category Skeptics & Critics); researcher confidence: high.
UP-0716,Manuel Borraz Aymerich,Manuel Borraz,,,active,skeptic_or_critical_analyst,researcher|analyst|author,,Spain,,,,,Fundación Anomalía|Anomalía/Papers d'OVNIs publications|FOTOCAT project collaborator,"Co-author, Antarctic 1965 UFO sightings research report|Author on Jaca 1976 and Spanish case analyses",,,,"Per FOTOCAT blog and ufomagazines archives, Borraz co-authored the six-year Antarctic 1965 sightings study and publishes prosaic case analyses in Cuadernos de Ufología and Papers d'OVNIs.",,,,,,,,,,UFO FOTOCAT BLOG: Antarctic 1965 report announcement (with Borraz),http://fotocat.blogspot.com/2013/06/20130612-en.html,secondary_reference,Papers d'Ovnis - Jaca incident update by Manuel Borraz,https://ufomagazines.com/2a-epoca-papers-dovnis-2a-epoca-no-29,secondary_reference,2,added,,,,2026-09-14,,Added 2026-09-14 via research batch (international.json; category skeptic_debunker); researcher confidence: high. Researcher notes: Surname is Aymerich (not Ayberbe); spelling verified in FOTOCAT authorship.
UP-0717,Marc D'Antonio,Marc DAntonio,,,active,scientist_or_technical_expert,speaker|scientist|astronomer,,USA,,,,,MUFON (photo/video analyst)|FX Models,MUFON chief photo/video analyst|astronomer,,,,Astronomer and MUFON photographic analyst; appears on The Proof Is Out There and spoke at AlienCon Pasadena and Contact in the Desert 2026.,,,,,,,,,,Contact in the Desert 2026 Speakers,https://contactinthedesert.com/speakers/,primary_official,A+E's History to Showcase Series at AlienCon (GEMA),https://gema.org/brief/aes-history-to-showcase-series-at-aliencon,secondary_reference,2,added,,,,2026-09-14,,Added 2026-09-14 via research batch (conf_us_consumer.json; category conf_us_consumer); researcher confidence: high.
UP-0718,Marc St-Germain,Marc St. Germain,,,active,author_or_cultural_figure,speaker|author,,Canada,,,,,MUFON Canada,"National Director Emeritus, MUFON Canada",,,,"MUFON Canada director emeritus and author (The Paul Bennewitz Affair, Le Projet Magnet); MUFON Symposium 2026 speaker.",,,,,,,,,,MUFON Symposium 2026 Speakers,https://mufonsymposium.com/speakers/,primary_official,,,,1,added,,,,2026-09-14,,Added 2026-09-14 via research batch (conf_us_consumer.json; category conf_us_consumer); researcher confidence: high.
UP-0719,Marcia Dunn,,,,active,journalist_host_or_filmmaker,reporter|aerospace|science,,USA,,,,,Associated Press,"AP Aerospace Writer, Cape Canaveral",,,,AP's longtime Cape Canaveral aerospace writer who authored the wire service's coverage of NASA's UAP study and 2023 UAP report.,,,,,,,,,,"NASA says more science and less stigma are needed to understand UFOs (AP, by Marcia Dunn)",https://newsnationnow.com/science/ap-nasa-releases-ufo-report-says-new-science-techniques-needed-to-better-understand-them,secondary_reference,AP Science: NASA releases UFO report (by Marcia Dunn),https://digital-stage.thehill.com/homenews/ap/ap-science/ap-nasa-releases-ufo-report-says-new-science-techniques-needed-to-better-understand-them,secondary_reference,2,added,,,,2026-09-14,,Added 2026-09-14 via research batch (mainstream_media.json; category mainstream_media); researcher confidence: medium. Researcher notes: Not in registry. UAP record is NASA/UAP-report-focused wire coverage (2023) rather than an ongoing dedicated beat.
UP-0720,Marie-Thérèse de Brosses,Marie Therese de Brosses,,,,journalist_host_or_filmmaker,journalist|author|abduction_research,,France,,,,,Paris Match|SOBEPS collaborator (historic),"Paris Match science/UFO journalist|Author, Enquête sur les Enlèvements Extraterrestres (1997)",,,,"Per ufologie.patrickgross.org archives, de Brosses covered the Belgian UFO wave for Paris Match (F-16 radar scoop, 1990) with SOBEPS and authored the major French book on alien-abduction research.",,,,,,,,,,Belgium UFO wave: Paris Match article by Marie-Thérèse De Brosses (ufologie.patrickgross.org),http://ufologie.patrickgross.org/htm/belpre01.htm,secondary_reference,Belgian wave 1989-1993 - de Brosses with SOBEPS/de Brouwer (ufologie.patrickgross.org),https://ufologie.patrickgross.org/be/f16radarnx.htm,secondary_reference,2,added,,,,2026-09-14,,Added 2026-09-14 via research batch (international.json; category journalist_media); researcher confidence: medium. Researcher notes: Historic but foundational French figure; activity 2020-2026 not confirmed — include as legacy researcher.
UP-0721,Mark Kelly,Mark Edward Kelly,,,active,government_official,senator|former astronaut|former Navy pilot,,United States,,,,,Democratic Party|U.S. Senate|Senate Armed Services Committee,"U.S. Senator (D-AZ, 2020-present)",,,,Told Ask a Pol UAP (2026) he had staff print out the Pentagon's UFO files; earlier urged thorough investigation of 'compelling' Navy pilot UAP testimony.,,,,,,,,,,"Astronaut, Senator Mark Kelly mocks Pentagon's UFO files - Ask a Pol UAP",https://askapoluaps.com/p/mark-kelly-pentagon-ufo-files-not-impressed,secondary_reference,Retired NASA Astronaut Urges Government to Investigate 'Compelling' UFO Claims (GZero interview),https://news.yahoo.com/retired-nasa-astronaut-urges-government-201058828.html,secondary_reference,2,added,,,,2026-09-14,,"Added 2026-09-14 via research batch (politics.json; category politics); researcher confidence: medium. Researcher notes: Registry has twin Scott Kelly; this is Sen. Mark Kelly (D-AZ). Known-gap check requested; link is statements/interviews, not legislation."
UP-0722,Mary Rodwell,,,,active,author_or_cultural_figure,author|researcher|counselor,,Australia,,,,,ACERN (Australian Close Encounter Resource Network),ACERN Founder,,,,"Australian former nurse and counselor, principal researcher of the 'new human'/star-child phenomenon; author of 'Awakening' and 'The New Human'.",,,,,,,,,,Amazon – Awakening,https://amazon.com/Awakening-Contact-Transform-Your-Life/dp/0973844205,secondary_reference,,,,1,added,,,,2026-09-14,,"Added 2026-09-14 via research batch (authors.json; category Published UAP/UFO book authors); researcher confidence: high. Researcher notes: Books: 'Awakening: How Extraterrestrial Contact Can Transform Your Life', 'The New Human'."
UP-0723,Matthew (Sun of Abramelin),Invisible Frontiers|@sunofabramelin,,,active,journalist_host_or_filmmaker,newsletter_writer,,Unknown,,,,,Invisible Frontiers (Substack),Substack writer on disclosure politics,,,,"Pseudonymous Substack author ('Invisible Frontiers') writing essays on the disclosure process, UAP politics and post-disclosure citizenship; first name Matthew per platform profile.",,,,,,,,,,"The Sleeping Dog Wakes - by Matthew, Invisible Frontiers (Substack)",https://substack.com/@sunofabramelin/note/p-198594484,primary_media_account,,,,1,added,,,,2026-09-14,,Added 2026-09-14 via research batch (independent_media.json; category independent_media); researcher confidence: low. Researcher notes: Substack: @sunofabramelin / Invisible Frontiers; pseudonymous but public identity of the newsletter; audience size unknown.
UP-0724,Matthew Bowman,,,,active,scientist_or_technical_expert,speaker|conference,,United States,,,,,Claremont Graduate University,Howard W. Hunter Chair of Mormon Studies,,,,Historian of American religion holding the Hunter Chair of Mormon Studies at Claremont; AOTI 2025 'Religion and the UFO' panelist.,,,,,,,,,,Archives of the Impossible 2025: The UFO and the Impossible (program),https://impossiblearchives.rice.edu/ufo-and-impossible,primary_official,2025 Archives of the Impossible Conference (recap),https://anomalyarchives.org/events/opening-of-the-archives-of-the-impossible/2025-archives-of-the-impossible-conference,secondary_reference,2,added,,,,2026-09-14,,Added 2026-09-14 via research batch (conf_research_policy.json; category conf_research_policy); researcher confidence: medium.
UP-0725,Matthew Sullivan,Quake (call sign),,,,whistleblower_or_official_witness,former Air Force intelligence officer|UAP whistleblower (deceased),,United States,,,,,"U.S. Air Force|17th Training Wing, Goodfellow AFB|1st Fighter Wing / 27th Fighter Squadron, Langley",Former U.S. Air Force intelligence officer (call sign 'Quake')|scheduled whistleblower witness who died in 2024,,,,Former USAF intelligence officer named in 2026 by Rep. Eric Burlison as a UAP whistleblower scheduled for a congressional interview who died suspiciously two weeks beforehand; his case was deemed credible and urgent by the ICIG.,,,,,,,,,,THE WITNESS: A UFO Whistleblower Was Scheduled to Testify... - The Sentinel Network (via ufopedia),https://ufopedia.fyi/raw/articles/sullivan-sentinel-the-witness,secondary_reference,,,,1,added,,,,2026-09-14,,"Added 2026-09-14 via research batch (military_intel.json; category military_intel); researcher confidence: medium. Researcher notes: Single-source chain (Sentinel Network reporting of Burlison's on-record statement); include with caution, flagged as disputed-by-lack-of-corroboration."
UP-0726,Maura Mindrila,,,,active,organization_leader_or_advocate,speaker|conference,,Romania,,,,,The Sol Foundation,"Director of Strategy, Sol Foundation|Entrepreneur",,,,Entrepreneur and polymath serving as the Sol Foundation's Director of Strategy; Sol 2025 symposium speaker on 'Unfinished Sky: The European Moment'.,,,,,,,,,,2025 Sol Foundation Symposium agenda,https://thesolfoundation.org/the-2025-sol-foundation-symposium-provisional-agenda/,primary_official,Danish Network for UAP Studies: Sol 2025 talks,https://dnus.dk/attended-events,primary_organization,2,added,,,,2026-09-14,,Added 2026-09-14 via research batch (conf_research_policy.json; category conf_research_policy); researcher confidence: high.
UP-0727,Maya Cowan,Maya Celeste Cowan,,,active,,speaker|conference,,United States,,,,,Binghamton University,PhD candidate in anthropology,,,,Anthropology PhD candidate at Binghamton University; SCU 2026 speaker on emerging cultures of expertise in UAP science.,,,,,,,,,,SCU Conference 2026 speakers,https://www.explorescu.org/conferences/scu-conference-2026,primary_official,,,,1,added,,,,2026-09-14,,Added 2026-09-14 via research batch (conf_research_policy.json; category conf_research_policy); researcher confidence: medium.
UP-0728,Michael Barkun,,,,active,author_or_cultural_figure,author|academic,,US,,,,,Syracuse University,Professor Emeritus of Political Science,,,,Political scientist and leading academic analyst of conspiracy culture; 'A Culture of Conspiracy' devotes major sections to UFO/UAP belief systems.,,,,,,,,,,UC Press – A Culture of Conspiracy,https://ucpress.edu/books/a-culture-of-conspiracy/epub-pdf,secondary_reference,Journal review (J. Religion),https://journals.uchicago.edu/doi/10.1086/509680,secondary_reference,2,added,,,,2026-09-14,,Added 2026-09-14 via research batch (authors.json; category Published UAP/UFO book authors); researcher confidence: high. Researcher notes: Book: 'A Culture of Conspiracy: Apocalyptic Visions in Contemporary America' (2003; 2nd ed. 2013).
UP-0729,Michael Bohlander,,,,active,scientist_or_technical_expert,speaker|conference,,United Kingdom,,,,,Durham University,Chair in Global Law and SETI Policy|Former judge,,,,"Durham University professor holding the Chair in Global Law and SETI Policy; Sol Foundation 2025 speaker on UAP secrecy, disclosure and political realism.",,,,,,,,,,2025 Sol Foundation Symposium agenda,https://thesolfoundation.org/the-2025-sol-foundation-symposium-provisional-agenda/,primary_official,Danish Network for UAP Studies: Sol 2025 talks,https://dnus.dk/attended-events,primary_organization,2,added,,,,2026-09-14,,Added 2026-09-14 via research batch (conf_research_policy.json; category conf_research_policy); researcher confidence: high.
UP-0730,Michael C. Cifone,Mike Cifone|Michael Christian Cifone,,,active,scientist_or_technical_expert,philosopher|journal founder|society president,,United States,,,,,Society for UAP Studies|Limina: The Journal of UAP Studies|St. John's University|Rice University Archives of the Impossible,"Founder, CEO & President, SUAPS|Founding Editor-in-Chief, Limina",,,,Philosopher of science who founded the Society for UAP Studies and the peer-reviewed journal Limina (2022); coined 'the empirical weird' and co-authored the 194-page 'New Science of UAP' review (2025).,,,,,,,,,,"Mike Cifone, Rice University Archives of the Impossible",https://impossiblearchives.rice.edu/mike-cifone,secondary_reference,Limina: The Journal of UAP Studies,https://limina.uapstudies.org,secondary_reference,3,added,,,,2026-09-14,,Added 2026-09-14 via research batch (science_academics.json; category Scientists & Academics); researcher confidence: high. Additional sources: https://volswire.usatoday.com/story/news/nation/2025/12/06/scientists-study-ufo-uap/87602420007
UP-0731,Michael P. Masters,,,,active,scientist_or_technical_expert,speaker|conference,,United States,,,,,Montana Technological University,"Professor of biological anthropology|Author, Identified Flying Objects",,,,Biological anthropologist at Montana Tech and author of Identified Flying Objects; leads SUAPS community reading circle on his book (Aug 2026) and speaks in UAP academic venues.,,,,,,,,,,Society for UAP Studies events portal (seminars),https://www.societyforuapstudies.org/,primary_official,,,,1,added,,,,2026-09-14,,Added 2026-09-14 via research batch (conf_research_policy.json; category conf_research_policy); researcher confidence: high.
UP-0732,Michael Phillip,,,,active,journalist_host_or_filmmaker,speaker|podcast_host,,USA,,,,,Third Eye Drops (podcast),Host of Third Eye Drops podcast,,,,"Podcaster exploring consciousness, psychedelia and the unexplained; Contact in the Desert 2026 speaker.",,,,,,,,,,Contact in the Desert 2026 Speakers,https://contactinthedesert.com/speakers/,primary_official,,,,1,added,,,,2026-09-14,,Added 2026-09-14 via research batch (conf_us_consumer.json; category conf_us_consumer); researcher confidence: medium.
UP-0733,Michael Schratt,Mike Schratt,,,active,investigator_author_or_organization_leader,speaker|historian|illustrator,,USA,,,,,Open Minds Magazine (former),Aerospace historian|crash-retrieval case illustrator,,,,Aerospace historian continuing Leonard Stringfield's crash-retrieval research; Ozark Mountain 2025 and MUFON Symposium 2025 speaker.,,,,,,,,,,Ozark Mountain 2025 UFO Conference speaker list,https://ozarkmt.com/product/2025-ozark-mountain-ufo-conference-dvd-set,primary_official,The Official MUFON Podcast Ep 42: Michael Schratt,https://podcasts.apple.com/us/podcast/the-official-mufon-podcast/id1530748329,secondary_reference,2,added,,,,2026-09-14,,Added 2026-09-14 via research batch (conf_us_consumer.json; category conf_us_consumer); researcher confidence: high.
UP-0734,Michael Stacy Smith,Stacy Smith,,,,witness_or_experiencer,US Air Force veteran|UAP witness (secondhand disclosure),,United States,,,,,U.S. Air Force|RAF Bentwaters/Woodbridge (1980),"Former Airman First Class, USAF, stationed at RAF Bentwaters during the December 1980 Rendlesham events",,,,"Bentwaters airman who passed forward testimony that a female security officer fired her weapon at a UFO during the December 1980 Rendlesham events, with missing armory rounds confirming the discharge.",,,,,,,,,,UFOs shot at over UK by US Air Force in 'British Roswell incident' says ex-cop,https://pressway.net/news/57496-ufoc_shot_at_over_uk_by_us_air_force_in_british_roswell_incident_says_ex-cop/print,secondary_reference,,,,1,added,,,,2026-09-14,,Added 2026-09-14 via research batch (military_intel.json; category military_intel); researcher confidence: low. Researcher notes: Known only through Heseltine's reporting; single source.
UP-0735,Michio Kaku,,,,active,scientist_or_technical_expert,theoretical physicist|3I/ATLAS commentary,,United States,,,,,City University of New York (CUNY),Professor of Theoretical Physics (CUNY),,,,CUNY theoretical physicist who publicly speculated in 2025 that interstellar object 3I/ATLAS showing extra energy on its solar flyby 'would clinch' extraterrestrial intelligence involvement.,,,,,,,,,,US Subjects: Michio Kaku says 3I/ATLAS may be an extraterrestrial craft,https://usubjects.com/article/3iatlas-an-alien-craft-prof-michio-kaku-says-interstellar-object-may-be-extraterritorial-visitors-180,secondary_reference,Official website of Dr. Michio Kaku,https://mkaku.org,secondary_reference,2,added,,,,2026-09-14,,Added 2026-09-14 via research batch (science_academics.json; category Scientists & Academics); researcher confidence: medium. Researcher notes: Science communicator; not a UAP field researcher.
UP-0736,Mike Cifone,Michael Cifone,,,active,journalist_host_or_filmmaker,speaker|conference,,United States,,,,,Society for UAP Studies,"Founder, President & Executive Director, Society for UAP Studies|Editor-in-Chief, Limina",,,,Philosopher of science and founder/president of the Society for UAP Studies (SUAPS); SCU 2026 speaker on building a science of UAP; organizer of SUAPS annual conferences.,,,,,,,,,,SCU Conference 2026 speakers,https://www.explorescu.org/conferences/scu-conference-2026,primary_official,SUAPS 2024 online conference speakers (EINPresswire),https://www.einpresswire.com/article/729792417/the-society-for-uap-studies-hosts-an-online-conference-on-the-scope-of-contemporary-uap-studies,secondary_reference,2,added,,,,2026-09-14,,Added 2026-09-14 via research batch (conf_research_policy.json; category conf_research_policy); researcher confidence: high.
UP-0737,Mitch Randall,,,,active,scientist_or_technical_expert,radar engineer|SkyWatch|Galileo Project,,United States,,,,,"Galileo Project, Harvard CfA","Lead engineer, SkyWatch multistatic radar",,,,Engineer leading Galileo Project's SkyWatch passive multistatic radar network measuring UAP position and velocity; co-author on Galileo's peer-reviewed observatory papers.,,,,,,,,,,SkyWatch: A Passive Multistatic Radar Network (Galileo),https://galileo.hsites.harvard.edu/sites/g/files/omnuum6371/files/galileo/files/s2251171723400044.pdf,secondary_reference,,,,1,added,,,,2026-09-14,,Added 2026-09-14 via research batch (science_academics.json; category Scientists & Academics); researcher confidence: medium.
UP-0738,Nathan Cross,,,,active,author_or_cultural_figure,author,,US,,,,,,,,,,"Author of 'UAP Disclosure: From Mass UFO Sightings to the UAP Files of 2026', a 2026 primer on the disclosure era.",,,,,,,,,,Bookshop.org – UAP Disclosure,https://bookshop.org/p/books/uap-disclosure-from-mass-ufo-sightings-to-the-uap-files-of-2026-nathan-cross/67fac95407f8ea54,secondary_reference,,,,1,added,,,,2026-09-14,,Added 2026-09-14 via research batch (authors.json; category Published UAP/UFO book authors); researcher confidence: medium. Researcher notes: Book: 'UAP Disclosure' (2026).
UP-0739,Nick Begich,Nicholas Begich III,,,active,government_official,representative,,United States,,,,,Republican Party|U.S. House,"U.S. Representative (R-AK, 2025-present)",,,,"Alaska freshman waived onto the Oversight declassification task force to question witnesses at the Sept 9, 2025 House UAP hearing.",,,,,,,,,,"Restoring Public Trust Through UAP Transparency and Whistleblower Protection (Hearing, Sept 9 2025)",https://govinfo.gov/content/pkg/CHRG-119hhrg61718/html/CHRG-119hhrg61718.htm,primary_official,,,,1,added,,,,2026-09-14,,Added 2026-09-14 via research batch (politics.json; category politics); researcher confidence: medium.
UP-0740,Nick Cook,,,,active,author_or_cultural_figure,author|journalist,,UK,,,,,Jane's Defence Weekly,"Former Aviation Editor, Jane's",,,,Former Jane's Defence Weekly editor whose 'The Hunt for Zero Point' (2001) examined antigravity and classified propulsion research in the UAP context.,,,,,,,,,,Overclassified – The Hunt for Zero Point,https://overclassified.org/essential-reading/the-hunt-for-zero-point,secondary_reference,,,,1,added,,,,2026-09-14,,Added 2026-09-14 via research batch (authors.json; category Published UAP/UFO book authors); researcher confidence: high. Researcher notes: Book: 'The Hunt for Zero Point' (2001).
UP-0741,Nigel Watson,,,,active,author_or_cultural_figure,author|researcher,,UK,,,,,,,,,,"British ufologist and historian, author of Haynes' 'UFO Investigations Manual' and works on ghost rockets and early contactee history.",,,,,,,,,,Amazon – UFO Investigations Manual,https://amazon.com/UFO-Investigations-Manual-investigations-present/dp/085733400X,secondary_reference,,,,1,added,,,,2026-09-14,,"Added 2026-09-14 via research batch (authors.json; category Published UAP/UFO book authors); researcher confidence: high. Researcher notes: Books: 'UFO Investigations Manual', 'Captured by Aliens? A History and Analysis of American Abduction Claims'."
UP-0742,Oliver Parken,Oli Parken,,,active,journalist_host_or_filmmaker,reporter|editor|military history|UAP beat,,USA,,,,,The War Zone (TWZ),"Associate Editor, The War Zone (since early 2022)|PhD, University of Kent",,,,"TWZ associate editor covering contemporary military aerospace topics and breaking news, including the outlet's UFO/UAP reporting.",,,,,,,,,,"Oliver Parken - author page, The War Zone",https://twz.com/authors/oliver-parken,secondary_reference,The War Zone - The Team,https://twz.com/the-team,primary_organization,2,added,,,,2026-09-14,,Added 2026-09-14 via research batch (mainstream_media.json; category mainstream_media); researcher confidence: medium. Researcher notes: Not in registry. Distinct from registered 'Shane Ryan'. Verified TWZ team member; UAP coverage within TWZ's UFO tag.
UP-0743,Olivier Hainaut,,,,active,scientist_or_technical_expert,astronomer|interstellar objects|VLT,,Chile,,,,,European Southern Observatory (ESO),"Astronomer, ESO",,,,"ESO astronomer in Chile who co-led Very Large Telescope composition work on 3I/ATLAS, finding the interstellar comet likely older than the Sun and formed in an old star system's outskirts.",,,,,,,,,,Older than the Sun: astronomers find new clues to origin of 3I/ATLAS (citing Hainaut/ESO),https://hjkc.de/_blog/27612-astronomie-older-than-the-sun-astronomers-find-new-clues-to-the-origin-of-interstellar-comet-3i-atla,secondary_reference,Interstellar Comet 3I/ATLAS likely formed in outskirts of old star system (ESO VLT),https://friendsofnasa.org/2026/07/interstellar-comet-3iatlas-likely.html,secondary_reference,2,added,,,,2026-09-14,,Added 2026-09-14 via research batch (science_academics.json; category Scientists & Academics); researcher confidence: medium. Researcher notes: Belgian astronomer at ESO La Silla/Paranal.
UP-0744,Omer Eldadi,,,,active,scientist_or_technical_expert,speaker|conference,,Israel,,,,,UAP Science Advisory Council|Weizmann Institute (researcher),Researcher|UAPSAC member,,,,"Researcher covering data management, AI and human psychology; named by Avi Loeb as a founding member of the UAP Science Advisory Council (2026).",,,,,,,,,,UFO Feed: UAP Science Advisory Council roster,https://ufofeed.com/261351/new-science-advisory-council-forms-to-help-us-government-resolve-the-uap-mystery,secondary_reference,Avi Loeb (Medium): More Details on the UAP Science Advisory Council,https://avi-loeb.medium.com/more-details-on-the-uap-science-advisory-council-825bd250d23c,primary_media_account,2,added,,,,2026-09-14,,Added 2026-09-14 via research batch (conf_research_policy.json; category conf_research_policy); researcher confidence: medium.
UP-0745,Paolo Toselli,,,,active,skeptic_or_critical_analyst,researcher|bibliographer|editor,,Italy,,,,,CISU (Centro Italiano Studi Ufologici)|CeRaVoLC (Italian Center for Rumours and Contemporary Legends),"Founding member and fmr president, CISU (1996-98)|Coordinator, Science.Cat bibliography project|Editor, UFO - Rivista di informazione ufologica",,,,"Per EuroUFO's bio, Toselli co-founded CISU, edits its journal, runs the Science.Cat international UFO-theses bibliography, and writes critical analyses of Italian UFO waves and abduction claims.",,,,,,,,,,"Toselli, Paolo (Italy) - EuroUFO bio",https://euroufo.net/2011/12/paolo-toselli-italy,secondary_reference,"Paolo Toselli | EuroUFO (Science.Cat, 2019 update)",https://euroufo.net/tag/paolo-toselli,secondary_reference,2,added,,,,2026-09-14,,Added 2026-09-14 via research batch (international.json; category skeptic_debunker); researcher confidence: high. Researcher notes: CISU remains Italy's main research association; counterpart to registered Edoardo Russo.
UP-0746,Pascal Michael,Dr. Pascal Michael,,,active,scientist_or_technical_expert,speaker|researcher,,USA,,,,,,Psychedelics researcher|DMT entity-contact researcher,,,,Researcher on psychedelic entity encounters (DMT beings) as NHI contact; Contact in the Desert 2026 speaker.,,,,,,,,,,Contact in the Desert 2026 Speakers,https://contactinthedesert.com/speakers/,primary_official,,,,1,added,,,,2026-09-14,,Added 2026-09-14 via research batch (conf_us_consumer.json; category conf_us_consumer); researcher confidence: medium.
UP-0747,Patrick Ferryn,,,,active,scientist_or_technical_expert,co-founder|catalog_curator|field_investigator,,Belgium,,,,,"COBEPS (Belgian Committee for the Study of Space Phenomena)|SOBEPS (co-founder, 1971)","Chairman, COBEPS|Co-founder, SOBEPS|Curator, Catalogue des Observations Belges (COB)",,,,"Per cobeps.org and SOBEPS-era archives, Ferryn co-founded SOBEPS in 1971, now chairs successor COBEPS, and maintains the Belgian sightings catalogue built on the 1989-91 wave files.",,,,,,,,,,About COBEPS (re-founded by Patrick Ferryn and Léon Brenig),https://cobeps.org/en/home.html,secondary_reference,Belgian wave COB catalogue document (Ferryn),https://cobeps.org/pdf/belgian_wave_130310.pdf,secondary_reference,3,added,,,,2026-09-14,,Added 2026-09-14 via research batch (international.json; category researcher_investigator); researcher confidence: high. Researcher notes: COBEPS reassembles former SOBEPS investigators; Ferryn named chairman. Additional sources: https://euroufo.net/2011/12/ferryn-patrick-belgium
UP-0748,Patrick Huyghe,The Anomalist,,,active,journalist_host_or_filmmaker,editor|publisher|writer,,United States,,,,,The Anomalist (anomalist.com)|Anomalist Books|EdgeScience (SSE),"Editor, Anomalist.com; Publisher, Anomalist Books",,,,"Veteran science journalist (ex-Omni, Science Digest) editing The Anomalist, the daily review of UFO and maverick-science news since 1995, and publishing Anomalist Books.",,,,,,,,,,"Patrick Huyghe - Writer, Editor, Publisher (official bio)",https://patrickhuyghe.wordpress.com/,secondary_reference,THE ANOMALIST: World News on UFOs,https://www.anomalist.com/,primary_official,3,added,,,,2026-09-14,,"Added 2026-09-14 via research batch (independent_media.json; category independent_media); researcher confidence: high. Researcher notes: Sites: anomalist.com, anomalist books catalog; based in Putnam Valley, NY. Additional sources: https://anomalyarchives.org/collections/file/huyghe-patrick/"
UP-0749,Paul Devereux,,,,active,author_or_cultural_figure,author|researcher,,UK,,,,,,,,,,Author of the earth-lights theory books ('Earth Lights Revelation') proposing natural anomalous-light explanations for UAP; still cited in UAP-origins debates.,,,,,,,,,,Wikipedia – Paul Devereux,https://en.wikipedia.org/wiki/Paul%20Devereux,secondary_reference,Overclassified – Earth Lights Revelation,https://overclassified.org/essential-reading/earth-lights-revelation,secondary_reference,2,added,,,,2026-09-14,,"Added 2026-09-14 via research batch (authors.json; category Published UAP/UFO book authors); researcher confidence: medium. Researcher notes: Books: 'Earth Lights' (1982), 'Earth Lights Revelation' (1989)."
UP-0750,Paul Hynek,,,,active,scientist_or_technical_expert,speaker|media_figure,,USA,,,,,Wharton/Pepperdine (faculty),Entrepreneur and professor|son of J. Allen Hynek,,,,"Entrepreneur and futurist, son of Project Blue Book's J. Allen Hynek; recurring speaker at Contact in the Desert including the 2026 edition.",,,,,,,,,,Contact in the Desert 2026 Speakers,https://contactinthedesert.com/speakers/,primary_official,,,,1,added,,,,2026-09-14,,Added 2026-09-14 via research batch (conf_us_consumer.json; category conf_us_consumer); researcher confidence: high. Researcher notes: Not in registry (registry lists J. Allen Hynek only).
UP-0751,Paul Smith,,,,active,government_official,speaker|conference,,United States,,,,,U.S. Army (retired),"Retired Major|Former member, Army remote viewing (Stargate) program",,,,Retired US Army Major and former military remote-viewing program member; AOTI 2025 fireside-chat speaker at Rice University.,,,,,,,,,,Archives of the Impossible 2025: The UFO and the Impossible (program),https://impossiblearchives.rice.edu/ufo-and-impossible,primary_official,2025 Archives of the Impossible Conference (recap),https://anomalyarchives.org/events/opening-of-the-archives-of-the-impossible/2025-archives-of-the-impossible-conference,secondary_reference,2,added,,,,2026-09-14,,Added 2026-09-14 via research batch (conf_research_policy.json; category conf_research_policy); researcher confidence: medium.
UP-0752,Paul Thigpen,,,,active,scientist_or_technical_expert,speaker|conference,,United States,,,,,Retired academia,Retired professor of theology|Author,,,,Retired theology professor and author; Sol Foundation 2023 speaker on religious and theological implications of UAP.,,,,,,,,,,Sol Foundation Inaugural Annual Conference speakers,https://thesolfoundation.org/events/the-inaugural-annual-conference-of-the-sol-foundation/,primary_official,,,,1,added,,,,2026-09-14,,Added 2026-09-14 via research batch (conf_research_policy.json; category conf_research_policy); researcher confidence: high.
UP-0753,Pavel Ibarra Meda,Psicoactivo|Pavelanche,,,active,journalist_host_or_filmmaker,podcaster|youtuber|journalist,,Mexico,,,,,Psicoactivo Podcast|KGRA Digital Broadcasting,"Host, Psicoactivo Podcast; sports journalist",,,,"Tijuana-based journalist hosting the daily Psicoactivo Podcast/YouTube show (1,100+ episodes), a leading Spanish-English source for UAP news, lore and interviews; active daily in 2026.",,,,,,,,,,Psicoactivo Podcast - host bio & episodes,https://pod.wave.co/podcast/psicoactivo-podcast,secondary_reference,Pavel Ibarra Meda interview on Neon Galactic,https://podcasts.apple.com/us/podcast/pavel-ibarra-meda-psicoactivo-host-on-the-quest-for/id1761471463?i=1000775169427,secondary_reference,3,added,,,,2026-09-14,,Added 2026-09-14 via research batch (independent_media.json; category independent_media); researcher confidence: high. Researcher notes: YouTube @psicoactivopodcast (~41k); X @PsicoactivoPod / @pavelibarrameda; KGRA home. Additional sources: https://www.youtube.com/@psicoactivopodcast
UP-0754,Payne Lindsey,High Strange,,,active,journalist_host_or_filmmaker,podcaster|investigative_journalist,,United States,,,,,High Strange (Tenderfoot TV)|Up and Vanished|Radio Rental,"Host, High Strange podcast; founder, Tenderfoot TV",,,,"Investigative podcaster (creator of Up and Vanished) who launched High Strange, a Tenderfoot TV investigative series on UAPs covering Pentagon admissions, Roswell and Rendlesham with documentary production values.",,,,,,,,,,High Strange - official site,https://highstrange.com,primary_official,High Strange - Apple Podcasts,https://podcasts.apple.com/us/podcast/high-strange/id1677004614,secondary_reference,3,added,,,,2026-09-14,,Added 2026-09-14 via research batch (independent_media.json; category independent_media); researcher confidence: high. Researcher notes: Podcast: High Strange (Tenderfoot TV/Oddball); 2023-2024 seasons; producers Mike and Dylan. Additional sources: https://findthatpod.com/best-alien-ufo-uap-podcasts/
UP-0755,Penny Kelly,,,,active,author_or_cultural_figure,speaker|author,,USA,,,,,Lilypad Ranch,Author of Walking the World as a New Human|consciousness teacher,,,,Consciousness teacher and author on accelerated perception; speaker at the 2025 Ozark Mountain UFO Conference.,,,,,,,,,,Ozark Mountain 2025 UFO Conference speaker list,https://ozarkmt.com/product/2025-ozark-mountain-ufo-conference-dvd-set,primary_official,,,,1,added,,,,2026-09-14,,Added 2026-09-14 via research batch (conf_us_consumer.json; category conf_us_consumer); researcher confidence: medium.
UP-0756,Peter Levenda,,,,active,author_or_cultural_figure,author,,US,,,,,To The Stars Academy (contributor),,,,,Prolific author of occult and conspiracy history; co-author with Tom DeLonge of the 'Sekret Machines' non-fiction series on UFO secrecy.,,,,,,,,,,Wikipedia – Peter Levenda,https://wikipedia.org/wiki/Peter%20Levenda,secondary_reference,Simon & Schuster – Sekret Machines: Man,https://simonandschuster.com/books/Sekret-Machines-Man/Tom-DeLonge/Sekret-Machines/9781943272426,secondary_reference,2,added,,,,2026-09-14,,"Added 2026-09-14 via research batch (authors.json; category Published UAP/UFO book authors); researcher confidence: high. Researcher notes: Books: 'Sekret Machines: Gods, Man & War' series (with Tom DeLonge)."
UP-0757,Peter Maxwell Slattery,Pete Slattery|Jaya Sanctuary,,,active,witness_or_experiencer,youtuber|author|experiencer,,Australia,,,,,Jaya Sanctuary (Australia's 'UFO ranch'),"Author, contact experiencer, YouTube creator",,,,Australian contactee/author with his own YouTube channel documenting CE-5 sky-watch footage from Jaya Sanctuary; appeared on Ancient Aliens and Paranormal Caught On Camera; referenced in Ross Coulthart's Reality Check reporting.,,,,,,,,,,Jeff Mara Podcast: Peter Maxwell Slattery (channel links),https://podcasts.apple.com/ee/podcast/face-to-face-with-aliens-real-ufos-caught-on-camera/id1512621273?i=1000736370455,secondary_reference,Peter Maxwell Slattery overview - ikwipedia,https://en.ikwipedia.org/wiki/Peter_Maxwell_Slattery,secondary_reference,3,added,,,,2026-09-14,,"Added 2026-09-14 via research batch (independent_media.json; category independent_media); researcher confidence: medium. Researcher notes: YouTube @PeterMaxwellSlattery1111; site petermaxwellslattery.com; Victoria, Australia. Additional sources: https://videohighlight.com/v/Tm9iYDRqHuM"
UP-0758,Peter Whish-Wilson,Peter Stuart Whish-Wilson,,,active,government_official,senator,,Australia,,,,,Australian Greens|Australian Senate,Australian Senator (TAS),,,,Asked repeated Senate Estimates UAP questions (2021-2024) that forced Australia to admit attending AARO's Five Eyes UAP Caucus working group in May 2023.,,,,,,,,,,Senator Whish-Wilson asks another UAP related question of the Australian DOD (UFOs Scientific Research),https://ufos-scientificresearch.blogspot.com/2024/12/senator-whish-wilson-asks-another-uap.html,secondary_reference,Grant Lavac on Australia's Five Eyes UAP briefings (UAP Drop),https://uapdrop.com/l/view/YRksUE0ZQKY.html,secondary_reference,2,added,,,,2026-09-14,,Added 2026-09-14 via research batch (politics.json; category politics); researcher confidence: medium.
UP-0759,Phil Murphy,Philip Dunton Murphy,,,,government_official,governor,,United States,,,,,Democratic Party,Governor of New Jersey (2018-2026),,,,Led state response to the 2024 NJ mystery-drone wave: DHS briefings and a letter to President Biden demanding more federal resources and public answers.,,,,,,,,,,"As drone sightings continue, N.J. Gov. Phil Murphy sends letter to President Biden (CBS News)",https://cbsnews.com/amp/newyork/news/drones-over-staten-island-new-york-new-jersey,secondary_reference,,,,1,added,,,,2026-09-14,,"Added 2026-09-14 via research batch (politics.json; category politics); researcher confidence: medium. Researcher notes: Term-limited; left office January 2026. Object wave officially drones, but central to UAP discourse (Schumer bill context)."
UP-0760,Philipp Ailleris,Philippe Ailleris,,,active,scientist_or_technical_expert,speaker|conference,,France,,,,,UAP Check (founder)|ESA-related UAP engagement,"UAP researcher|Founder, UAP Check",,,,European UAP researcher who presented ESA's current positions on UAP at the IFEX SETI & UAP Conference 2025 at the University of Würzburg.,,,,,,,,,,IFEX SETI & UAP Conference 2025 speakers (Grenzwissenschaft Aktuell),https://grenzwissenschaft-aktuell.de/ifex-seti-uap-conference-2025-at-the-university-of-wuerzburg,secondary_reference,University of Wuerzburg IFEX SETI & UAP Conference 2025,https://uni-wuerzburg.de/en/ifex/events/ifex-seti-uap-conference-2025,primary_official,2,added,,,,2026-09-14,,Added 2026-09-14 via research batch (conf_research_policy.json; category conf_research_policy); researcher confidence: medium.
UP-0761,Philippe Ailleris,,,,active,scientist_or_technical_expert,ESA project controller|European UAP liaison|author,,Netherlands,,,,,European Space Agency ESTEC|Center for UFO Studies (board)|UAP Summit,"Senior Project Controller, ESA ESTEC|CUFOs board member",,,,"ESA ESTEC senior project controller who leads ESA-perspective UAP satellite-detection inquiries, sits on the Center for UFO Studies board, and co-authored the 2025 'New Science of UAP' review.",,,,,,,,,,CUFOs board: Philippe Ailleris,https://cufos.org/about-us/cufos-board-consultants-and-friends/philippe-ailleris/,secondary_reference,The UAP Observer: UAP-related inquiries - an ESA perspective (Ailleris),https://theuapobserver.com/article/12-en-uap-related-inquiries-an-esa-perspective-on-satellite-detection-and-european-context,secondary_reference,3,added,,,,2026-09-14,,Added 2026-09-14 via research batch (science_academics.json; category Scientists & Academics); researcher confidence: high. Additional sources: https://uapsummit.org/speaker/phillip-ailleris
UP-0762,Pia Knudsen,,,,active,witness_or_experiencer,researcher|national_cases,,Denmark,,,,,UFO Denmark (fmr Exopolitics Denmark),"Co-founder, Exopolitics Denmark (2009)|Danish UFO witness-case investigator",,,,"Per Robbie Graham's interview series and IMDb credits, Knudsen co-founded Exopolitics Denmark, investigates classic Danish cases (e.g., the Evald Maarup 1970 police encounter), and appears in National Geographic documentaries.",,,,,,,,,,UFOs Around the World: Denmark - interview with Pia Knudsen (ExoNews/Graham),https://exonews.org/ufos-around-the-world-denmark,secondary_reference,UFO Europe: The Untold Stories credits (IMDb Pro),https://pro.imdb.com/title/tt14271936,secondary_reference,2,added,,,,2026-09-14,,Added 2026-09-14 via research batch (international.json; category researcher_investigator); researcher confidence: medium. Researcher notes: Also listed in Heseltine's 2010s UK conference lineup as 'Danish researcher'.
UP-0763,Pierre Bescond,,,,active,government_official,speaker|conference,,France,,,,,French Armed Forces (retired)|3AF SIGMA2,General (ret.)|SIGMA2 member,,,,Retired French Armed Forces general and SIGMA2 member; Sol Foundation 2025 speaker revisiting the COMETA report and France's role in European UAP research.,,,,,,,,,,2025 Sol Foundation Symposium agenda,https://thesolfoundation.org/the-2025-sol-foundation-symposium-provisional-agenda/,primary_official,Danish Network for UAP Studies: Sol 2025 talks,https://dnus.dk/attended-events,primary_organization,2,added,,,,2026-09-14,,Added 2026-09-14 via research batch (conf_research_policy.json; category conf_research_policy); researcher confidence: high.
UP-0764,Rainer Haseitl,,,,active,scientist_or_technical_expert,speaker|conference,,Germany,,,,,Hessdalen Project (Norway),"Data acquisition/software engineer|CIO, Hessdalen Project",,,,German data-acquisition engineer and CIO of the Hessdalen Project; SCU 2026 speaker on instrumental UAP research at the Hessdalen anomaly hotspot.,,,,,,,,,,SCU Conference 2026 speakers,https://www.explorescu.org/conferences/scu-conference-2026,primary_official,,,,1,added,,,,2026-09-14,,Added 2026-09-14 via research batch (conf_research_policy.json; category conf_research_policy); researcher confidence: high.
UP-0765,Raja Krishnamoorthi,Raja G. Krishnamoorthi,,,active,military_intelligence_insider_or_claimant,representative|intelligence committee,,United States,,,,,Democratic Party|U.S. House|House Oversight Task Force on the Declassification of Federal Secrets,"U.S. Representative (D-IL, 2017-present)",,,,"Democratic task force member and Intelligence Committee figure listed for the Sept 9, 2025 House UAP transparency hearing.",,,,,,,,,,2025 House Oversight UAP Hearing - Overclassified Case File #313,https://overclassified.org/case-files/2025-house-oversight-uap-hearing.html,secondary_reference,,,,1,added,,,,2026-09-14,,Added 2026-09-14 via research batch (politics.json; category politics); researcher confidence: medium.
UP-0766,Randall Carlson,,,,active,scientist_or_technical_expert,speaker|researcher|educator,,USA,,,,,Sacred Geometry International,Geomythologist|Catastrophist,,,,"Geomythologist and catastrophic-climate researcher, featured keynote figure at Cosmic Summit 2025.",,,,,,,,,,Cosmic Summit (official site),https://www.cosmicsummit.com/,primary_official,,,,1,added,,,,2026-09-14,,Added 2026-09-14 via research batch (conf_us_consumer.json; category conf_us_consumer); researcher confidence: medium. Researcher notes: Not in registry; not to be confused with anyone registered.
UP-0767,Randy Bostick,,,,active,scientist_or_technical_expert,speaker|conference,,United States,,,,,"Former Science Advisor, AARO (U.S. DoD)",Physicist|Former AARO Science Advisor,,,,Physicist and former Science Advisor to the Pentagon's All-domain Anomaly Resolution Office (AARO); featured speaker at the SCU 2026 annual conference in Toronto on scientific rigor in UAP study.,,,,,,,,,,SCU Conference 2026 speakers,https://www.explorescu.org/conferences/scu-conference-2026,primary_official,,,,1,added,,,,2026-09-14,,Added 2026-09-14 via research batch (conf_research_policy.json; category conf_research_policy); researcher confidence: high.
UP-0768,Ravi Kopparapu,,,,active,scientist_or_technical_expert,speaker|conference,,United States,,,,,NASA Goddard Space Flight Center,Research scientist (astrobiology)|UAPSAC member (added),,,,NASA Goddard astrobiologist studying habitable zones; confirmed by Loeb as a newly added member of the UAP Science Advisory Council (2026).,,,,,,,,,,Harvard Crimson: Inside Avi Loeb's UAP Council,https://www.thecrimson.com/article/2026/7/11/avi-loeb-uap-council/,secondary_reference,,,,1,added,,,,2026-09-14,,Added 2026-09-14 via research batch (conf_research_policy.json; category conf_research_policy); researcher confidence: high.
UP-0769,Raymond Szymanski,Ray Szymanski,,,active,author_or_cultural_figure,speaker|author,,USA,,,,,,Author of Fifty Shades of Greys|Wright-Patterson AFB veteran,,,,38-year Wright-Patterson AFB engineer and author on its alleged ET artifacts; MUFON Symposium 2026 speaker.,,,,,,,,,,MUFON Symposium 2026 Speakers: Raymond Szymanski,https://mufonsymposium.com/speakers/raymond-szymanski/,primary_official,,,,1,added,,,,2026-09-14,,Added 2026-09-14 via research batch (conf_us_consumer.json; category conf_us_consumer); researcher confidence: high.
UP-0770,Rebecca Charbonneau,Dr. Rebecca Charbonneau,,,active,investigator_author_or_organization_leader,speaker|historian,,USA,,,,,Harvard-Smithsonian Center for Astrophysics (former),Historian of science|author on SETI/UFO history,,,,Historian of science specializing in the history of SETI and UFO narratives; McMenamins UFO Fest speaker in both 2025 and 2026.,,,,,,,,,,Portland Tribune: There's something out there — UFO Festival in McMinnville,https://portlandtribune.com/2025/05/15/theres-something-out-there-yes-its-the-ufo-festival-in-mcminnville,secondary_reference,26th Annual McMenamins UFO Fest (2026),https://happeningnext.com/event/26th-annual-mcmenamins-ufo-fest-eid3a0dg6nrk5,secondary_reference,2,added,,,,2026-09-14,,Added 2026-09-14 via research batch (conf_us_consumer.json; category conf_us_consumer); researcher confidence: high.
UP-0771,Red Panda Koala,RPK,,,active,journalist_host_or_filmmaker,youtuber|ufo_historian,,Unknown,,,,,Red Panda Koala YouTube channel,Pseudonymous UFO-history YouTuber,,,,"Pseudonymous creator of acclaimed UFO-history documentaries (Blue Book era, Colares, CIA stigma); ~37k YouTube subs and ~104k X followers; praised for non-sensational archival storytelling.",,,,,,,,,,Red Panda Koala - YouTube,https://www.youtube.com/channel/UCvSbzThCfsiETLp3eOdVkNw,primary_media_account,Red Panda Koala on X (104K followers),https://sotwe.twstalker.com/RedPandaKoala,primary_media_account,3,added,,,,2026-09-14,,Added 2026-09-14 via research batch (independent_media.json; category independent_media); researcher confidence: high. Researcher notes: YouTube @RedPandaKoala (~36.8k subs) + X @RedPandaKoala (~104k followers); identity kept pseudonymous. Additional sources: https://www.reddit.com/r/UFOB/comments/1cwiof7/red_panda_koala_this_guy_makes_absolutely/
UP-0772,Regina Sarmiento,,,,active,scientist_or_technical_expert,astrophysicist|camera triangulation|UAP observatory,,United States,,,,,"Galileo Project, Harvard CfA|Instituto de Astrofisica de Canarias (former)|UAP Science Advisory Council",Galileo Project postdoctoral researcher,,,,"Galileo Project postdoc from the Instituto de Astrofisica de Canarias who built the dual-camera triangulation ranging UAP candidates to within ten percent, and exposed a 'zig-zag UAP' as a software artifact.",,,,,,,,,,The Sentinel Network: Avi Loeb's UAP Science Advisory Council full roster,https://thesentinel.network/p/loeb-uap-science-advisory-council,secondary_reference,Commissioning an All-Sky Infrared Camera Array (arXiv:2411.07956),https://arxiv.org/pdf/2411.07956v2,secondary_reference,2,added,,,,2026-09-14,,Added 2026-09-14 via research batch (science_academics.json; category Scientists & Academics); researcher confidence: medium.
UP-0773,Reinerio (Rey) Hernandez,Rey Hernandez,,,active,author_or_cultural_figure,author|researcher,,US,,,,,FREE (Foundation for Research into Extraterrestrial Encounters),FREE Co-Founder,,,,"Attorney and FREE co-founder; lead author of 'Beyond UFOs: The Science of Consciousness & Contact with Non Human Intelligence', a large academic-survey-based study of contact experiencers.",,,,,,,,,,Amazon – Beyond UFOs,https://amazon.com/Beyond-UFOs-Science-Consciousness-Intelligence/dp/1721088652,secondary_reference,Books-A-Million – Beyond UFOs listing,https://booksamillion.com/p/Beyond-UFOs-Science-Consciousness-Contact/Reinerio-Hernandez-J-D/9781721088652,secondary_reference,2,added,,,,2026-09-14,,Added 2026-09-14 via research batch (authors.json; category Published UAP/UFO book authors); researcher confidence: high. Researcher notes: Book: 'Beyond UFOs' (2018); FREE Foundation survey research.
UP-0774,Rey Hernandez,Reinerio Hernandez|Dr. Rey Hernandez,,,active,scientist_or_technical_expert,speaker|researcher|organizer,,USA,,,,,FREE (Foundation for Research into Extraterrestrial Encounters),Co-founder of FREE|attorney and academic researcher,,,,Co-founder of the FREE foundation studying ET-contact experiencers; speaker at the 2025 Ozark Mountain UFO Conference.,,,,,,,,,,Ozark Mountain 2025 UFO Conference speaker list,https://ozarkmt.com/product/2025-ozark-mountain-ufo-conference-dvd-set,primary_official,,,,1,added,,,,2026-09-14,,Added 2026-09-14 via research batch (conf_us_consumer.json; category conf_us_consumer); researcher confidence: high.
UP-0775,Ricardo Bermúdez,General Ricardo Bermúdez,,,active,government_official,retired_general|cefaa_director|official_investigator,,Chile,,,,,CEFAA (Comité de Estudios de Fenómenos Aéreos Anómalos)|Chilean Air Force (fmr)|DGAC,"Director, CEFAA (1997-2016; advisor thereafter)|Chilean Air Force general (ret.)",,,,"Per HuffPost/Leslie Kean and Universe Today coverage, Bermúdez directed Chile's official CEFAA from its 1997 founding, oversaw the 2014 Navy helicopter FLIR case ('we know what it was not'), and remains a public commentator.",,,,,,,,,,"Groundbreaking UFO Video Just Released By Chilean Navy (HuffPost, Kean — Bermúdez quotes)",https://www.huffpost.com/entry/groundbreaking-ufo-video-just-released-from-chilean_b_586d37bce4b014e7c72ee56b,secondary_reference,Chile's CEFAA: Military UAP Files & 2014 Helicopter Footage (The Exclusion Zone),https://theexclusionzone.com/chiles-military-declassified-uap-files-cefaas-groundbreaking-investigation-of-unexplained-aerial-phenomena,secondary_reference,2,added,,,,2026-09-14,,Added 2026-09-14 via research batch (international.json; category government_official); researcher confidence: high. Researcher notes: CEFAA renamed SEFAA in Oct 2021; Bermúdez remains its best-documented public figure. Note: distinct from registered Parviz Jafari (Iran).
UP-0776,Richard Belzer,,,,,author_or_cultural_figure,author|actor,,US,,,,,,Actor (Law & Order: SVU),,,,"Actor-comedian who co-wrote the UFO/conspiracy bestseller 'UFOs, JFK and Elvis: Conspiracies You Don't Have to Be Crazy to Believe' (1999).",,,,,,,,,,"Barnes & Noble – UFOs, JFK and Elvis",https://barnesandnoble.com/w/ufos-jfk-and-elvis-richard-belzer/1100618430,secondary_reference,,,,1,added,,,,2026-09-14,,"Added 2026-09-14 via research batch (authors.json; category Published UAP/UFO book authors); researcher confidence: medium. Researcher notes: Book: 'UFOs, JFK, and Elvis' (1999); died 2023."
UP-0777,Richard Bertolino,,,,,witness_or_experiencer,US Air Force veteran|UAP witness,,United States,,,,,U.S. Air Force|RAF Bentwaters security police,"Former Bentwaters security policeman (Airman), on duty during the December 1980 Rendlesham events",,,,Bentwaters security policeman who came forward on Coast to Coast AM (2009) describing a football-field-sized globe of eerie white light over Rendlesham Forest while on the radio with Staff Sgt. Jim Penniston.,,,,,,,,,,"Bentwaters UFO Case - Coast to Coast AM (Sep 24, 2009)",https://coasttocoastam.com/show/2009/09/24,secondary_reference,,,,1,added,,,,2026-09-14,,Added 2026-09-14 via research batch (military_intel.json; category military_intel); researcher confidence: medium. Researcher notes: Came forward once via Linda Moulton Howe; no evidence of ongoing public activity.
UP-0778,Richard Cloete,,,,active,scientist_or_technical_expert,speaker|conference,,United States,,,,,Center for Astrophysics | Harvard & Smithsonian|Galileo Project,Laukien-'Oumuamua Postdoctoral Research Fellow|UAPSAC member,,,,Computer scientist from Cape Town and Laukien-'Oumuamua postdoctoral fellow at Harvard's Center for Astrophysics; UAPSAC member for data analysis and AI tools.,,,,,,,,,,UFO Feed: UAP Science Advisory Council roster,https://ufofeed.com/261351/new-science-advisory-council-forms-to-help-us-government-resolve-the-uap-mystery,secondary_reference,Harvard Crimson: Inside Avi Loeb's UAP Council,https://www.thecrimson.com/article/2026/7/11/avi-loeb-uap-council/,secondary_reference,2,added,,,,2026-09-14,,Added 2026-09-14 via research batch (conf_research_policy.json; category conf_research_policy); researcher confidence: high.
UP-0779,Richard Griffiths,,,,active,scientist_or_technical_expert,speaker|conference,,United States,,,,,University of Hawaii,Professor of physics and astronomy,,,,Professor of physics and astronomy at the University of Hawaii; SCU 2026 speaker on using gravitational lensing to constrain spacetime-bubble propulsion for ET craft.,,,,,,,,,,SCU Conference 2026 speakers,https://www.explorescu.org/conferences/scu-conference-2026,primary_official,,,,1,added,,,,2026-09-14,,Added 2026-09-14 via research batch (conf_research_policy.json; category conf_research_policy); researcher confidence: medium.
UP-0780,Richard Moissl,,,,active,scientist_or_technical_expert,planetary scientist|planetary defence|3I/ATLAS,,Germany,,,,,European Space Agency (ESA/ESOC),Head of ESA Planetary Defence Office,,,,ESA's planetary defence head who used 3I/ATLAS observations as a 'test case' for planetary defence and briefed global media on the third interstellar object through 2025-2026.,,,,,,,,,,Newsweek: Comet 3I/ATLAS unusual observation is 'test case' for planetary defense,https://www.newsweek.com/comet-3i-atlas-unusual-observation-mars-test-case-planetary-defense-11059212,secondary_reference,,,,1,added,,,,2026-09-14,,Added 2026-09-14 via research batch (science_academics.json; category Scientists & Academics); researcher confidence: high.
UP-0781,Rizwan Virk,,,,active,author_or_cultural_figure,speaker|conference,,United States,,,,,Play Labs at MIT|Bayview Labs,"Entrepreneur and investor|Author, The Simulation Hypothesis",,,,"Entrepreneur, founder of MIT's Play Labs and author of The Simulation Hypothesis; Sol Foundation 2024 speaker on investment potential in UAP-related ventures.",,,,,,,,,,Sol's 2024 Symposium program,https://thesolfoundation.org/events/sols-2024-symposium/,primary_official,,,,1,added,,,,2026-09-14,,Added 2026-09-14 via research batch (conf_research_policy.json; category conf_research_policy); researcher confidence: high.
UP-0782,Rob McConnell,The 'X' Zone Radio Show|XZBN,,,active,journalist_host_or_filmmaker,radio_host|podcaster,,Canada,,,,,REL-MAR McConnell Media|X' Zone Broadcast Network,"Host/executive producer, The 'X' Zone Radio & TV shows",,,,"Long-running Canadian paranormal/UFO broadcaster hosting The 'X' Zone Radio Show and XZBN syndication, interviewing UAP researchers (e.g., Frank Warren) for decades and syndicating UFO programming.",,,,,,,,,,Rob McConnell Investigates - Frank Warren UFO Chronicles (XZBN),https://spreaker.com/episode/rob-mcconnell-investigates-frank-warren-ufo-chronicles--49770395,secondary_reference,,,,1,added,,,,2026-09-14,,"Added 2026-09-14 via research batch (independent_media.json; category independent_media); researcher confidence: low. Researcher notes: St. Catharines, ON, Canada; sites xzbn.net; Feedspot podcaster table lists him active."
UP-0783,Robert Schoch,Dr. Robert Schoch,,,active,scientist_or_technical_expert,speaker|scientist|author,,USA,,,,,Boston University,Geologist known for redating the Sphinx,,,,Boston University geologist famous for re-dating the Sphinx; Cosmic Summit 2025 speaker roster.,,,,,,,,,,Cosmic Summit (official site),https://www.cosmicsummit.com/,primary_official,,,,1,added,,,,2026-09-14,,Added 2026-09-14 via research batch (conf_us_consumer.json; category conf_us_consumer); researcher confidence: medium.
UP-0784,Roberto Labanti,,,,active,skeptic_or_critical_analyst,skeptic|historian of ufology,,Italy,,,,,CICAP|CISU (collaborator),CICAP collaborator|historian of ufology,,,,"Italian historian of ufology and CICAP collaborator who traces how UFO myths (Tunguska spaceship, ancient astronauts) formed and contributes skeptical entries to CICAP's Encyclopedia of Mysteries.",,,,,,,,,,CICAP article crediting Labanti's Tunguska-UFO origin study,https://www.cicap.org/n/articolo.php?id=1800566,secondary_reference,CICAP encyclopedia collaborators incl. Labanti,https://www.massimopolidoro.com/blog/misteri-arriva-lenciclopedia-del-cicap.html,secondary_reference,2,added,,,,2026-09-14,,Added 2026-09-14 via research batch (skeptics_critics.json; category Skeptics & Critics); researcher confidence: high.
UP-0785,Robin Hanson,,,,active,scientist_or_technical_expert,speaker|conference,,United States,,,,,George Mason University,Professor of economics|UAPSAC member,,,,George Mason University economics professor and futurist; named to the UAP Science Advisory Council (2026) for statistics and economics.,,,,,,,,,,UFO Feed: UAP Science Advisory Council roster,https://ufofeed.com/261351/new-science-advisory-council-forms-to-help-us-government-resolve-the-uap-mystery,secondary_reference,Avi Loeb (Medium): More Details on the UAP Science Advisory Council,https://avi-loeb.medium.com/more-details-on-the-uap-science-advisory-council-825bd250d23c,primary_media_account,2,added,,,,2026-09-14,,Added 2026-09-14 via research batch (conf_research_policy.json; category conf_research_policy); researcher confidence: high.
UP-0786,Rodrigo Fuenzalida,,,,active,scientist_or_technical_expert,sociologist|organization_director|field_investigator,,Chile,,,,,AION (Agrupación de Investigaciones Ovniológicas de Chile),"Director, AION",,,,"Per EFE/Inexplicata and Sott.net interviews, Fuenzalida, a sociologist, directs AION, Chile's main civilian UFO research group, investigates Patagonia abduction clusters, and worked with Chilean military on released recordings.",,,,,,,,,,UFO Sightings Have Become Commonplace in Patagonia (Inexplicata/EFE — Fuenzalida),http://inexplicata.blogspot.com/2018/07/source-rcnradio-chile-date-06.html,secondary_reference,Chile: An Interview with Rodrigo Fuenzalida of AION (Sott.net),https://sott.net/article/209012-Chile-An-Interview-with-Rodrigo-Fuenzalida-of-AION,secondary_reference,2,added,,,,2026-09-14,,Added 2026-09-14 via research batch (international.json; category researcher_investigator); researcher confidence: medium. Researcher notes: Most recent sourced quotes 2018; ongoing AION activity presumed — verify recency at merge.
UP-0787,Roger Glassel,,,,active,skeptic_or_critical_analyst,researcher|image analyst,,Sweden,,,,,Roswell Slides Research Group|Puerto Rico Research Group (Aguadilla video),IT architect and independent UFO researcher,,,,"Swedish researcher who helped expose the Roswell Slides as a mummified child, and co-authored Blue Blurry Lines analyses of the AATIP/DOPSR Navy video release chain and the Aguadilla video.",,,,,,,,,,Blue Blurry Lines - AATIP/DOPSR article (Glassel profile),http://blueblurrylines.com/2018/04/the-aatip-targeting-pod-videos-and.html,secondary_reference,roswellslides.com - RSRG findings,https://roswellslides.com/the-roswell-slides,secondary_reference,2,added,,,,2026-09-14,,Added 2026-09-14 via research batch (skeptics_critics.json; category Skeptics & Critics); researcher confidence: medium. Researcher notes: RSRG member list confirms his participation; also part of Puerto Rico Research Group.
UP-0788,Rolf Mowatt-Larssen,,,,active,military_intelligence_insider_or_claimant,former CIA officer|former DOE intelligence director|national security expert|author,,United States,,,,,Central Intelligence Agency (23 years)|U.S. Department of Energy|Harvard Kennedy School Belfer Center|U.S. Military Academy at West Point,"Former Chief of Europe Division and WMD Department, CIA Counterterrorist Center|Director of Intelligence and Counterintelligence, DOE|Senior Fellow, Belfer Center",,,,Former senior CIA operations officer (Moscow station chief) and DOE intelligence director who said publicly in 2026 that the Department of Energy holds classified knowledge of UAP incursions over nuclear sites.,,,,,,,,,,Rolf Mowatt-Larssen - UAP Disclosure Wiki,https://wikidisc.org/wiki/Rolf_Mowatt-Larssen,primary_organization,CIA Chief: I Know How to Time Travel! - American Alchemy with Jesse Michels (Feb 2026),https://podscan.fm/podcasts/american-alchemy-with-jesse-michels/episodes/cia-chief-i-know-how-to-time-travel,secondary_reference,2,added,,,,2026-09-14,,"Added 2026-09-14 via research batch (military_intel.json; category military_intel); researcher confidence: medium. Researcher notes: Credible intelligence career (WMD counterterrorism); UAP claims made on podcast, not under oath."
UP-0789,Ron Janix,Capt. Ron Janix|Captain Ron,,,active,journalist_host_or_filmmaker,organizer|host,,USA,,,,,Contact in the Desert,"Co-owner, producer and host of Contact in the Desert",,,,"Co-owner and host of Contact in the Desert, the largest annual US UFO conference, and a named founder-level organizer.",,,,,,,,,,Contact in the Desert 2026 Speakers,https://contactinthedesert.com/speakers/,primary_official,,,,1,added,,,,2026-09-14,,Added 2026-09-14 via research batch (conf_us_consumer.json; category conf_us_consumer); researcher confidence: high. Researcher notes: Included as named organizer per task brief.
UP-0790,Ron Westrum,,,,active,scientist_or_technical_expert,speaker|conference,,United States,,,,,Eastern Michigan University (retired),Emeritus professor of sociology,,,,Emeritus sociology professor famed for organizational-culture typologies; keynote at the SUAPS 2025 conference on institutions processing anomalous information.,,,,,,,,,,SUAPS 2025 Conference keynotes (vfairs),https://uapstudies2025.vfairs.com/,primary_official,,,,1,added,,,,2026-09-14,,Added 2026-09-14 via research batch (conf_research_policy.json; category conf_research_policy); researcher confidence: high.
UP-0791,Rudy Schild,,,,active,author_or_cultural_figure,author|astrophysicist,,US,,,,,Harvard-Smithsonian Center for Astrophysics,"Emeritus Professor of Astrophysics, Harvard",,,,"Harvard astrophysicist who co-authored 'Beyond UFOs' with Rey Hernandez and serves as FREE's research director, arguing consciousness-linked contact phenomena merit scientific study.",,,,,,,,,,Books-A-Million – Beyond UFOs (Schild listed),https://booksamillion.com/p/Beyond-UFOs-Science-Consciousness-Contact/Reinerio-Hernandez-J-D/9781721088652,secondary_reference,,,,1,added,,,,2026-09-14,,"Added 2026-09-14 via research batch (authors.json; category Published UAP/UFO book authors); researcher confidence: high. Researcher notes: Book: 'Beyond UFOs' (2018, co-author)."
UP-0792,Saagar Enjeti,,,,active,journalist_host_or_filmmaker,host|commentator|podcast|political analysis,,USA,,,,,"Breaking Points|iHeartPodcasts|The Hill (Rising, former)","Co-host, Breaking Points with Krystal and Saagar",,,,"Co-host of Breaking Points who regularly covers UAP disclosure on the show, including breakdowns of the Trump PURSUE UAP file releases.",,,,,,,,,,Breaking Points 8/27/26: Recovered UFOs? (transcript),https://podscripts.co/podcasts/breaking-points-with-krystal-and-saagar/82726-putin-escalates-war-in-ukraine-cia-secret-cartel-war-in-mexico-recovered-ufos,secondary_reference,Breaking Points with Krystal and Saagar episode list (UFO Files Breakdown),https://castbox.fm/channel/Breaking-Points-with-Krystal-and-Saagar-id5652247,secondary_reference,2,added,,,,2026-09-14,,Added 2026-09-14 via research batch (mainstream_media.json; category mainstream_media); researcher confidence: medium. Researcher notes: Not in registry. Independent but widely syndicated news show; UAP covered as recurring national-security segment.
UP-0793,Sam Osmanagich,Semir Osmanagich|Dr. Sam Osmanagich,,,active,author_or_cultural_figure,speaker|author,,USA,,,,,Archaeological Park: Bosnian Pyramid of the Sun Foundation,Discoverer of the 'Bosnian pyramids|keynote at Ozark 2025,,,,Researcher of the claimed Bosnian pyramids; dual keynote speaker at the 2025 Ozark Mountain UFO Conference.,,,,,,,,,,Ozark Mountain 2025 UFO Conference speaker list,https://ozarkmt.com/product/2025-ozark-mountain-ufo-conference-dvd-set,primary_official,,,,1,added,,,,2026-09-14,,Added 2026-09-14 via research batch (conf_us_consumer.json; category conf_us_consumer); researcher confidence: medium. Researcher notes: UAP link is via ancient-civilization programming at UFO conference.
UP-0794,Scott Perry,Scott Gordon Perry,,,active,government_official,representative|veteran,,United States,,,,,Republican Party|U.S. House|UAP Caucus,"U.S. Representative (R-PA, 2013-2027)",,,,"Brigadier general and Freedom Caucus figure who joined the June 9, 2026 Capitol steps UAP disclosure press conference with Grusch and UAP Caucus lawmakers.",,,,,,,,,,'Reality Should Not be Classified.' - UAP Caucus press event coverage,https://the-residium.com/p/reality-should-not-be-classified,secondary_reference,,,,1,added,,,,2026-09-14,,Added 2026-09-14 via research batch (politics.json; category politics); researcher confidence: medium. Researcher notes: Announced he will not seek re-election in 2026; still serving. Registry's 'Mike Rogers' etc. unaffected; no name collision found.
UP-0795,Scott Ramsey,,,,active,author_or_cultural_figure,author|researcher,,US,,,,,,,,,,"Lead author of 'The Aztec UFO Incident: The Case, Evidence, and Elaborate Cover-up of One of the Most Perplexing Crashes in History' (2016).",,,,,,,,,,Google Books – The Aztec UFO Incident,https://books.google.com/books/about/The_Aztec_UFO_Incident.html?id=x99EDwAAQBAJ,secondary_reference,The Aztec Incident site,https://theaztecincident.com,secondary_reference,2,added,,,,2026-09-14,,Added 2026-09-14 via research batch (authors.json; category Published UAP/UFO book authors); researcher confidence: high. Researcher notes: Book: 'The Aztec UFO Incident' (with Suzanne Ramsey and Frank Thayer).
UP-0796,Sean Cahill,,,,active,witness_or_experiencer,US Navy veteran|UAP witness|public speaker,,United States,,,,,U.S. Navy (retired)|USS Princeton (CG-59)|USS Nimitz Carrier Strike Group,"Retired Chief Master-at-Arms, U.S. Navy|top security officer aboard USS Princeton in 2004",,,,"Retired Navy Chief Master-at-Arms who witnessed the 2004 USS Princeton/Nimitz Tic-Tac radar and visual events; featured on History's Unidentified, NewsNation and multiple UAP podcasts through 2025.",,,,,,,,,,Sean Cahill on The Alien Perspective - NewsNation Reality Check (2025),https://ufopedia.fyi/raw/transcripts/cahill-alien-perspective-newsnation-2025,secondary_reference,"Sean Cahill, Navy UFO Encounter and Guadalupe Island Investigation - Spreaker",https://www.spreaker.com/episode/sean-cahill-navy-ufo-encounter-and-guadalupe-island-investigation--59669335,secondary_reference,2,added,,,,2026-09-14,,"Added 2026-09-14 via research batch (military_intel.json; category military_intel); researcher confidence: high. Researcher notes: Distinct from registered Nimitz witnesses (Fravor, Day, Voorhis, Dietrich, Underwood, Kurth); Chief Master-at-Arms on Princeton bridge crew."
UP-0797,Sean Grosvenor,,,,active,,speaker|conference,,United States,,,,,University of Illinois Chicago|Scientific Coalition for UAP Studies,"Retired crime-scene investigation field supervisor|Adjunct instructor, UIC Master of Forensic Science Program",,,,Retired crime-scene supervisor and UIC forensic-science adjunct; SCU contributing member presenting SCU case investigations at the 2025 and 2026 SCU conferences.,,,,,,,,,,SCU Conference 2026 speakers,https://www.explorescu.org/conferences/scu-conference-2026,primary_official,SCU Conference 2025 presenters,https://www.explorescu.org/conferences/scu-conference-2025,primary_official,2,added,,,,2026-09-14,,Added 2026-09-14 via research batch (conf_research_policy.json; category conf_research_policy); researcher confidence: high.
UP-0798,Sean Raasch,Witness Citizen,,,active,witness_or_experiencer,youtuber|researcher|x_account,,United States,,,,,Witness Citizen,"Founder, Witness Citizen (YouTube/Twitter)",,,,"UFO researcher and experiencer who founded Witness Citizen after a 2020 encounter, producing daily YouTube interviews and UAP updates; recognized in UFOTwitter directories.",,,,,,,,,,"Rabbit Hole Conversations Ep 2: Sean Raasch, Witness Citizen",https://spreaker.com/episode/ep-2-sean-raasch-witness-citizen--52378302,secondary_reference,Disclosure Team #69 with Sean Raasch - Zencastr/That UFO Podcast,https://zencastr.com/z/LkD2M04D,secondary_reference,3,added,,,,2026-09-14,,Added 2026-09-14 via research batch (independent_media.json; category independent_media); researcher confidence: medium. Researcher notes: YouTube: Witness Citizen (UCscu8PT7kcdzULAEFhjF81Q); X @WitnessCitizen; site witnesscitizen.com. Additional sources: https://cosmic-pluralism-studies.academy/ufotwitter-directory-of-some-with-most-active-voices-efforts
UP-0799,Sergio Gutiérrez Luna,Sergio Gutierrez Luna,,,,government_official,deputy|legislator,,Mexico,,,,,Morena|Chamber of Deputies,"Coordinator, Morena bloc in the Chamber of Deputies (2023)",,,,"Convened Mexico's first congressional UAP hearing (Sept 12, 2023) in which Maussan presented purported 'non-human' specimens; framed it as Latin America's first such forum.",,,,,,,,,,The Mexican Congress UAP Hearing (2023) - Overclassified Case File #315,https://overclassified.org/case-files/mexican-congress-uap-hearing.html,secondary_reference,Researcher shows bodies of purported 'non-human' beings to Mexican congress (CBS News),https://cbsnews.com/amp/news/mexico-ufo-researcher-shows-purported-non-human-being-bodies-to-congress,secondary_reference,2,added,,,,2026-09-14,,Added 2026-09-14 via research batch (politics.json; category politics); researcher confidence: high. Researcher notes: Chamber term ended 2024; role dated to the hearing period.
UP-0800,Shane Harris,,,,active,military_intelligence_insider_or_claimant,reporter|intelligence|national security,,USA,,,,,The Washington Post|The Atlantic|Lawfare,"Staff writer covering national security and intelligence (Washington Post, now The Atlantic per 2023 Lawfare bio)",,,,"Award-winning intelligence reporter who has closely followed the UAP debate for years at the Washington Post and The Atlantic, including Grusch-era hearings.",,,,,,,,,,The Lawfare Podcast: Making Sense of the UFO Hearing with Shane Harris,https://lawfaremedia.org/podcasts-multimedia/the-lawfare-podcast-making-sense-of-the-ufo-hearing-with-shane-harris,secondary_reference,What Next TBD transcript: It's Time to Talk About UFOs (with Shane Harris),https://slate.com/transcripts/L0ZER3FFMGJMUm9NcDQrQlNKbmw4eGd3aE52bUhnQjNJNnFDZCtOYW9yWT0=,secondary_reference,2,added,,,,2026-09-14,,Added 2026-09-14 via research batch (mainstream_media.json; category mainstream_media); researcher confidence: high. Researcher notes: Not in registry. 2022 Pulitzer (Public Service) team member at WaPo.
UP-0801,Shigeru Ishiba,,,,active,government_official,politician|former_prime_minister,,Japan,,,,,House of Representatives (Japan)|UAP Parliamentary League (Supreme Advisor),"Former Prime Minister of Japan (2024-25)|Supreme Advisor, UAP Parliamentary League",,,,"Per the caucus's own live-streamed general meeting and Disclosdex, Ishiba served as supreme advisor to Japan's UAP parliamentary league and attended its 2025 general meeting after his premiership.",,,,,,,,,,[UFO Parliamentary League] 4th General Meeting - Former PM Ishiba attended (YouTube/NicoNico live),https://youtube.com/live/Ar539XyENps,secondary_reference,UAP Clarification Parliamentary League (Disclosdex),https://disclosdex.com/organizations/japan-uap-parliamentary-league,secondary_reference,2,added,,,,2026-09-14,,Added 2026-09-14 via research batch (international.json; category government_official); researcher confidence: medium. Researcher notes: Advisory role rather than active advocacy; include for registry completeness of Japan caucus leadership.
UP-0802,Shinjiro Koizumi,,,,active,government_official,politician|defense_minister|caucus_secretary_general,,Japan,,,,,Ministry of Defense (Japan)|UAP Parliamentary League,"Secretary-General, UAP Parliamentary League (since June 2024)|Defense Minister of Japan",,,,"Per uaptimes.com, Koizumi has been secretary-general of Japan's Diet UAP caucus since June 2024 while serving as defense minister — simultaneously running the national UFO lobby and the defense ministry.",,,,,,,,,,Japan UAP Disclosure: Koizumi and the Diet's UFO Caucus (UAP Times),http://uaptimes.com/articles/japan-uap-disclosure-koizumi-defence-minister/,secondary_reference,UAP Clarification Parliamentary League (Disclosdex),https://disclosdex.com/organizations/japan-uap-parliamentary-league,secondary_reference,2,added,,,,2026-09-14,,Added 2026-09-14 via research batch (international.json; category government_official); researcher confidence: high. Researcher notes: Caucus role confirmed by multiple sources; positions may shift with cabinet changes — reverify at merge.
UP-0803,Silvano Colombano,,,,active,scientist_or_technical_expert,speaker|conference,,United States,,,,,NASA Ames Research Center (former)|Scientific Coalition for UAP Studies,Former NASA research scientist|SCU contributing member,,,,Former NASA Ames scientist (biophysics/physics PhD) and SCU contributing member; presented at the SCU 2025 conference in Huntsville.,,,,,,,,,,SCU Conference 2025 presenters,https://www.explorescu.org/conferences/scu-conference-2025,primary_official,,,,1,added,,,,2026-09-14,,Added 2026-09-14 via research batch (conf_research_policy.json; category conf_research_policy); researcher confidence: high.
UP-0804,Silvia Pérez Simondini,Silvia Simondini,,,active,scientist_or_technical_expert,organization_director|museum_founder|field_investigator,,Argentina,,,,,Visión OVNI|Museo del Ovni de Victoria (Entre Ríos),"Director, Visión OVNI|Founder, UFO Museum of Victoria",,,,"Per Inexplicata/Vision OVNI articles and 2026 game-consulting credits, Simondini directs Visión OVNI, runs Argentina's UFO museum in Victoria (Entre Ríos), and investigated the Victoria/Entre Ríos waves since 1991.",,,,,,,,,,Argentina: UFOs in Victoria - by Andrea and Silvia Pérez Simondini (Inexplicata),http://inexplicata.blogspot.com/2013/09/argentina-ufos-in-victoria-theres.html,secondary_reference,"Who Are You!? credits (Silvia & Andrea Pérez Simondini consulting, 2026)",https://pressengine.games/who-are-you,secondary_reference,2,added,,,,2026-09-14,,Added 2026-09-14 via research batch (international.json; category researcher_investigator); researcher confidence: medium. Researcher notes: Runs weekly radio show (FM Puente) on UFO research.
UP-0805,Simeon Hein,Dr. Simeon Hein,,,active,scientist_or_technical_expert,speaker|author|researcher,,USA,,,,,Institute for Resonance,Author of Opening Minds|remote-viewing instructor,,,,Author and remote-viewing instructor studying anomalous phenomena and frontier physics; CITD 2026 speaker.,,,,,,,,,,Contact in the Desert 2026 Speakers,https://contactinthedesert.com/speakers/,primary_official,,,,1,added,,,,2026-09-14,,Added 2026-09-14 via research batch (conf_us_consumer.json; category conf_us_consumer); researcher confidence: medium.
UP-0806,Stacey Wright,,,,active,investigator_author_or_organization_leader,speaker|investigator|organizer,,USA,,,,,MUFON Arizona,Arizona MUFON State Director|Phoenix MUFON director,,,,"Arizona MUFON State Director, Phoenix Lights exhibit designer and Field Investigator Boot Camp organizer; MUFON Symposium 2026 speaker.",,,,,,,,,,MUFON Symposium 2026 Speakers,https://mufonsymposium.com/speakers/,primary_official,,,,1,added,,,,2026-09-14,,Added 2026-09-14 via research batch (conf_us_consumer.json; category conf_us_consumer); researcher confidence: high.
UP-0807,Stanley Milford Jr.,,,,active,author_or_cultural_figure,speaker|author,,USA,,,,,Navajo Nation Rangers (former),Former Navajo Ranger|author of The Paranormal Ranger,,,,Former Navajo Nation Ranger who officially investigated UFO and paranormal cases; McMenamins UFO Fest 2025 speaker.,,,,,,,,,,Statesman Journal: Oregon's largest UFO festival is May 16-17,https://eu.statesmanjournal.com/story/life/2025/05/13/2025-oregon-ufo-festival-may-16-17/83543462007,secondary_reference,,,,1,added,,,,2026-09-14,,Added 2026-09-14 via research batch (conf_us_consumer.json; category conf_us_consumer); researcher confidence: high.
UP-0808,Stephen Bruehl,,,,active,scientist_or_technical_expert,speaker|conference,,United States,,,,,Vanderbilt University School of Medicine,Professor of anesthesiology,,,,Vanderbilt anesthesiology professor and SCU contributing member; publishes peer-reviewed research linking UAP reports to nuclear weapons activity; SCU 2025 and 2026 conference speaker.,,,,,,,,,,SCU Conference 2026 speakers,https://www.explorescu.org/conferences/scu-conference-2026,primary_official,SCU Conference 2025 presenters,https://www.explorescu.org/conferences/scu-conference-2025,primary_official,2,added,,,,2026-09-14,,Added 2026-09-14 via research batch (conf_research_policy.json; category conf_research_policy); researcher confidence: high.
UP-0809,Stephen C. Finley,,,,active,scientist_or_technical_expert,speaker|conference,,United States,,,,,Louisiana State University,"Chair, African and African American Studies|Professor of religious studies",,,,LSU religious-studies scholar chairing African and African American Studies; Sol Foundation 2024 speaker on religion and UAP.,,,,,,,,,,Sol's 2024 Symposium program,https://thesolfoundation.org/events/sols-2024-symposium/,primary_official,,,,1,added,,,,2026-09-14,,Added 2026-09-14 via research batch (conf_research_policy.json; category conf_research_policy); researcher confidence: high.
UP-0810,Steve Fuller,,,,active,scientist_or_technical_expert,speaker|conference,,United Kingdom,,,,,University of Warwick,Auguste Comte Professor of Social Epistemology,,,,Pioneering sociologist of science at Warwick; keynote speaker at the SUAPS 2025 conference on how academic structures can accommodate UAP research.,,,,,,,,,,SUAPS 2025 Conference keynotes (vfairs),https://uapstudies2025.vfairs.com/,primary_official,,,,1,added,,,,2026-09-14,,Added 2026-09-14 via research batch (conf_research_policy.json; category conf_research_policy); researcher confidence: high.
UP-0811,Steve LaPlume,Steven LaPlume,,,active,witness_or_experiencer,US Air Force veteran|UAP witness,,United States,,,,,"U.S. Air Force|81st Security Police Squadron, RAF Bentwaters/Woodbridge","Former USAF security policeman (Security Specialist), RAF Bentwaters",,,,Former USAF security policeman who with Airman Wendal Palmer saw a large cigar-shaped craft over Rendlesham Forest near RAF Bentwaters in January 1981; tells his story on current podcasts.,,,,,,,,,,Rendlesham Forest UFO Witness Speaks | Steve LaPlume Tells His Story - The Disclosure Lounge,https://podscan.fm/podcasts/the-disclosure-lounge/episodes/rendlesham-forest-ufo-witness-speaks-steve-laplume-tells-his-story,secondary_reference,Phenomainon case record: LaPlume/Palmer Jan 1981 sighting,https://phenomainon.com/cases/PCF-098321,secondary_reference,2,added,,,,2026-09-14,,"Added 2026-09-14 via research batch (military_intel.json; category military_intel); researcher confidence: high. Researcher notes: Sighting also covered by Coast to Coast AM/Linda Moulton Howe; distinct from registered Rendlesham witnesses (Halt, Penniston, Burroughs, Warren)."
UP-0812,Steve Mera,Stephen Mera,,,active,scientist_or_technical_expert,investigator|editor|trainer,,United Kingdom,,,,,MAPIT (Manchester Aerial Phenomena Investigation Team)|Phenomena Magazine|BUFORA (fmr regional coordinator)|Scientific Coalition for UAP Studies (associate),"CEO/Editor, Phenomena Magazine|Head tutor, British Investigators Training Course (BITC/UITC)",,,,"Per his TVGuide/podcast bios and Phenomena Magazine, Mera runs Manchester's MAPIT and edits Phenomena Magazine, a large UFO/supernatural e-zine, and trains UK and US investigators in ufology.",,,,,,,,,,"Steve Mera - TVGuide bio (MAPIT, BITC, Phenomena)",https://no.zaptv.com/personer/241668/steve-mera,secondary_reference,Interview: Paranormal Mechanics with Steve Mera (Haunted History Chronicles),https://castbox.fm/episode/Paranormal-Mechanics%2C-The-Rochdale-Poltergeist-and-Beyond%3A-A-Conversation-With-Steve-Mera-id3426043-id755829623,secondary_reference,2,added,,,,2026-09-14,,Added 2026-09-14 via research batch (international.json; category researcher_investigator); researcher confidence: medium. Researcher notes: Self-promotional bios; include BUFORA lineage relevant to the BUFORA lead.
UP-0813,Summer Lee,Summer Kunj L. Lee,,,active,government_official,representative,,United States,,,,,Democratic Party|U.S. House|House Oversight Task Force on the Declassification of Federal Secrets,"U.S. Representative (D-PA, 2023-present)",,,,"Democratic task force member (minority) at the Sept 9, 2025 House UAP transparency and whistleblower protection hearing.",,,,,,,,,,2025 House Oversight UAP Hearing - Overclassified Case File #313,https://overclassified.org/case-files/2025-house-oversight-uap-hearing.html,secondary_reference,"Hearing record, Sept 9 2025 (congress.gov)",https://congress.gov/event/119th-congress/house-event/118584/text,primary_official,2,added,,,,2026-09-14,,Added 2026-09-14 via research batch (politics.json; category politics); researcher confidence: high.
UP-0814,Susan Gough,Sue Gough,,,active,government_official,Pentagon public affairs officer|UAP spokesperson,,United States,,,,,U.S. Department of Defense (Office of the Assistant to the Secretary of Defense for Public Affairs)|AARO public affairs portfolio,"Department of Defense spokesperson whose portfolio includes UAP, AARO, and OUSD(I&S)",,,,"Pentagon public affairs spokesperson who has been the on-record face of official UAP messaging since 2019, confirming Navy videos authentic and denying Grusch's retrieval-program and harm allegations.",,,,,,,,,,Pentagon 'unable' to confirm or deny... Susan Gough statements (Liberation Times via Sott),https://sott.net/article/481573-Pentagon-unable-to-confirm-or-deny-discovery-of-materials-originating-from-non-human-intelligences-or-unknown-origin-within-secretive-programs,secondary_reference,Pentagon UFO videos - Wikipedia (Gough confirmations),https://en.wikipedia.org/wiki/Pentagon_UFO_videos,primary_official,2,added,,,,2026-09-14,,"Added 2026-09-14 via research batch (military_intel.json; category military_intel); researcher confidence: high. Researcher notes: Government spokesperson, not a whistleblower; represents the official-denial side of UAP discourse."
UP-0815,Susan Manewich,,,,active,organization_leader_or_advocate,speaker|organizer,,USA,,,,,New Energy Movement,"President, New Energy Movement",,,,"President of New Energy Movement, working on suppressed/advanced energy technology; Contact in the Desert 2026 speaker.",,,,,,,,,,Contact in the Desert 2026 Speakers,https://contactinthedesert.com/speakers/,primary_official,,,,1,added,,,,2026-09-14,,Added 2026-09-14 via research batch (conf_us_consumer.json; category conf_us_consumer); researcher confidence: medium.
UP-0816,Suzanne Hansen,Suzy Hansen,,,active,witness_or_experiencer,researcher|author|experiencer|aviation_cases,,New Zealand,,,,,UFOCUS NZ Research Network|ICER (International Coalition for Extraterrestrial Research),"Founding Director, UFOCUS NZ (2000)|ICER NZ Representative and Australasian Continental Director|Author, The Dual Soul Connection",,,,"Per Ufocus NZ's about page and RNZ reporting, Hansen founded UFOCUS NZ, holds a 10,000+ report archive, lobbied for NZ Defence UFO file releases (2010-11), and represents Australasia for ICER.",,,,,,,,,,About Ufocus NZ - Suzy Hansen,https://ufocusnz.org.nz/about-us-2,secondary_reference,Sightings of UFOs and strange phenomena increasing over New Zealand (RNZ via Sott),https://sott.net/article/403929-Sightings-of-UFOs-and-strange-phenomena-increasing-over-New-Zealand,secondary_reference,2,added,,,,2026-09-14,,Added 2026-09-14 via research batch (international.json; category researcher_investigator); researcher confidence: high. Researcher notes: Still lecturing/interviewing (Space Out Radio 2026 event).
UP-0817,Suzanne Ramsey,,,,active,author_or_cultural_figure,author|researcher,,US,,,,,,,,,,"Co-author with Scott Ramsey of 'The Aztec UFO Incident' (2016), the standard book on the 1948 Aztec crash case.",,,,,,,,,,Google Books – The Aztec UFO Incident,https://books.google.com/books/about/The_Aztec_UFO_Incident.html?id=x99EDwAAQBAJ,secondary_reference,,,,1,added,,,,2026-09-14,,Added 2026-09-14 via research batch (authors.json; category Published UAP/UFO book authors); researcher confidence: high. Researcher notes: Book: 'The Aztec UFO Incident' (with Scott Ramsey and Frank Thayer).
UP-0818,Ted Peters,Ted Peter,,,active,scientist_or_technical_expert,speaker|conference,,United States,,,,,Pacific Lutheran Theological Seminary / Graduate Theological Union (retired),"Emeritus professor of theology|Editor, Theology and Science",,,,Emeritus theology professor and editor of Theology and Science; Sol Foundation 2024 speaker (remote) on religion and UAP.,,,,,,,,,,Sol's 2024 Symposium program,https://thesolfoundation.org/events/sols-2024-symposium/,primary_official,,,,1,added,,,,2026-09-14,,Added 2026-09-14 via research batch (conf_research_policy.json; category conf_research_policy); researcher confidence: high.
UP-0819,Tejin Cai,,,,active,scientist_or_technical_expert,particle physicist|data analysis,,United States,,,,,Scientific Coalition for UAP Studies|York University (postdoc),"SCU Science Publication Advisor|experimental particle physicist (PhD, Rochester)",,,,Experimental particle physicist (MINERvA/Fermilab; Physics World Top-10 breakthrough 2023) serving as SCU's science publication advisor and co-authoring the 2025 'New Science of UAP' review.,,,,,,,,,,SCU Team: Tejin Cai,https://www.explorescu.org/team,secondary_reference,The New Science of UAP (arXiv:2502.06794),https://arxiv.org/abs/2502.06794,secondary_reference,2,added,,,,2026-09-14,,Added 2026-09-14 via research batch (science_academics.json; category Scientists & Academics); researcher confidence: high.
UP-0820,Terry Hansen,,,,active,author_or_cultural_figure,author|journalist,,US,,,,,,,,,,"Science journalist, author of 'The Missing Times: News Media Complicity in the UFO Cover-Up', a frequently cited study of press handling of UAP.",,,,,,,,,,Amazon – The Missing Times,https://amazon.com/Missing-Times-Terry-Hansen/dp/0738836125,secondary_reference,UFO Evidence bookstore listing,http://ufoevidence.org/books/book76.htm,secondary_reference,2,added,,,,2026-09-14,,Added 2026-09-14 via research batch (authors.json; category Published UAP/UFO book authors); researcher confidence: high. Researcher notes: Book: 'The Missing Times' (2000); still cited in UAP-media discussions.
UP-0821,Thiago Luiz Ticchetti,Thiago Ticchetti,,,active,scientist_or_technical_expert,editor|organization_leader|mufon,,Brazil,,,,,Revista UFO (Brazilian UFO Magazine)|CBU (Brazilian Commission of Ufologists)|MUFON Brazil|EBE-ET (fmr)|ICER,"Editor, Revista UFO (since 2023)|National Director, MUFON Brazil (2021-)|Fmr president, CBU",,,,"Per ICER's representative page and podcast bios, Ticchetti edits Revista UFO since 2023, directs MUFON Brazil, and led the Brazilian Commission of Ufologists — the hub of contemporary Brazilian ufology.",,,,,,,,,,Thiago Ticchetti – Brazil | ICER representative page,https://icer.pt/representatives-2/thiago-ticchetti-brazil,secondary_reference,Thiago Luiz Ticchetti podcast bio (Apple Podcasts / Here on Earth),https://podcasts.apple.com/us/podcast/thiago-luiz-ticchetti-this-is-what-over-30-years-in-ufos-gets-you/id1725350438?i=1000735309999,secondary_reference,2,added,,,,2026-09-14,,Added 2026-09-14 via research batch (international.json; category researcher_investigator); researcher confidence: high. Researcher notes: Successor-generation figure distinct from registered A. J. Gevaerd.
UP-0822,Thibaut Canuti,,,,active,scientist_or_technical_expert,engineer|French UAP research|co-author,,France,,,,,Knuth et al. UAP review collaboration,UAP researcher,,,,French engineer and UAP researcher listed among the 34 authors of the 2025 arXiv/Progress in Aerospace Sciences review 'The New Science of Unidentified Aerospace-Undersea Phenomena'.,,,,,,,,,,"The New Science of UAP (arXiv:2502.06794, author list)",https://arxiv.org/pdf/2502.06794v1,secondary_reference,,,,1,added,,,,2026-09-14,,Added 2026-09-14 via research batch (science_academics.json; category Scientists & Academics); researcher confidence: low. Researcher notes: Role beyond co-authorship not independently verified; keep unless better source found.
UP-0823,Thom Reed,Thomas Reed,,,active,witness_or_experiencer,speaker|experiencer,,USA,,,,,UFO Park (founder)|The Know (host),UFO experiencer|founder of UFO Park,,,,Berkshires UFO experiencer whose family case is commemorated in Massachusetts; Roswell UFO Festival 2025 speaker.,,,,,,,,,,Curious Realm Ep 188: Roswell UFO Festival 2025,https://curiousrealm.com/cr-ep-188-on-location-at-roswell-ufo-festival-2025,secondary_reference,,,,1,added,,,,2026-09-14,,Added 2026-09-14 via research batch (conf_us_consumer.json; category conf_us_consumer); researcher confidence: high.
UP-0824,Thomas R. Wilson,Vice Admiral Thomas Wilson|Thomas Wilson,,,,military_intelligence_insider_or_claimant,retired Navy vice admiral|former DIA director|named in UAP crash-retrieval disclosure,,United States,,,,,"U.S. Navy (retired)|Defense Intelligence Agency (Director, 1999-2002)|Joint Chiefs of Staff J-2 (1997-1999)","Vice Admiral, U.S. Navy (ret.)|Director, Defense Intelligence Agency 1999-2002|J-2, Joint Chiefs of Staff",,,,"Retired Vice Admiral and former DIA director central to the Wilson-Davis memo, which alleges he was denied access to a contractor-run crash-retrieval SAP in 1997; Wilson has disputed the memo's account.",,,,,,,,,,Wilson-Davis memo - ikwipedia,https://en.ikwipedia.org/wiki/Wilson%E2%80%93Davis_memo,secondary_reference,Wilson-Davis Notes - UAP Disclosure Wiki,https://wikidisc.org/wiki/Wilson-Davis_Notes,primary_organization,2,added,,,,2026-09-14,,Added 2026-09-14 via research batch (military_intel.json; category military_intel); researcher confidence: medium. Researcher notes: He did not publish UAP material himself and has denied the memo's substance; included because the memo centers on him.
UP-0825,Tim Printy,,,,active,skeptic_or_critical_analyst,skeptic|newsletter editor|case analyst,,United States,,,,,SUNlite (Skeptical UFO Newsletter),"Editor/publisher of SUNlite, successor to Phil Klass's Skeptical UFO Newsletter",,,,"Publishes SUNlite, the skeptical UFO newsletter he founded in 2009 as successor to Phil Klass's SUN, critically reviewing Roswell 'crashology', the Belgian wave, TTSA and specific sighting cases.",,,,,,,,,,SUNlite official site,https://astronomyufo.com/UFO/SUNlite.htm,secondary_reference,SUNlite archive index (ufomagazines),https://ufomagazines.com/category/sunlite--tim-printy,secondary_reference,2,added,,,,2026-09-14,,Added 2026-09-14 via research batch (skeptics_critics.json; category Skeptics & Critics); researcher confidence: high. Researcher notes: SUNlite issues continue through Vol. 15; direct descendant of Klass's SUN.
UP-0826,Tim Spuck,,,,active,organization_leader_or_advocate,speaker|conference,,United States,,,,,"Associated Universities, Inc.",Director of education and public engagement (AUI)|Symposium co-organizer,,,,"AUI education lead who co-organized the August 2025 AARO-AUI academic UAP symposium in Vienna, Virginia, convening academia with the Pentagon's UAP office.",,,,,,,,,,SUAPS: AARO and AUI engage academia in UAP symposium (Aug 2025),https://societyforuapstudies.org/post/aaro-and-aui-engage-academia-in-uap-symposium,primary_organization,,,,1,added,,,,2026-09-14,,Added 2026-09-14 via research batch (conf_research_policy.json; category conf_research_policy); researcher confidence: high.
UP-0827,Tim Ventura,APEC (Alternative Propulsion Engineering Conference),,,active,journalist_host_or_filmmaker,writer|podcaster|conference_organizer,,United States,,,,,Medium (@timventura)|APEC,Tech writer and futurist; founder/moderator of APEC,,,,"Futurist and top Medium writer in Space/Science/Technology who publishes detailed UAP analyses and interviews (Kevin Knuth, Jack Sarfatti, Sonny White); founded the APEC propulsion conference covered by Popular Mechanics and The Debrief.",,,,,,,,,,Tim Ventura - Flux Space profile,https://fluxspace.com/portfolio/tim-ventura,secondary_reference,Tim Ventura - Medium (UAP articles),https://medium.com/@timventura,primary_media_account,3,added,,,,2026-09-14,,Added 2026-09-14 via research batch (independent_media.json; category independent_media); researcher confidence: medium. Researcher notes: Medium @timventura; APEC conference; X @timventura; Seattle-area tech executive. Additional sources: https://medium.com/@timventura/uap-science-speculation-are-they-advanced-non-human-craft-48cb01701c0f
UP-0828,Timothy Alberino,,,,active,journalist_host_or_filmmaker,speaker|author|filmmaker|organizer,,USA,,,,,GenSix Productions,Author of Birthright|founder of NephCon,,,,"Explorer, filmmaker and author of Birthright who hosts NephCon 2025 in Bozeman, covering UAP disclosure and transhumanism.",,,,,,,,,,NephCon 2025 tickets (Alberino Events),https://tickettailor.com/events/alberinoevents/1481325,primary_official,The Alberino Analysis - NephCon 2025,https://thealberinoanalysis.com/programs/nephcon-25_trailer,primary_official,2,added,,,,2026-09-14,,Added 2026-09-14 via research batch (conf_us_consumer.json; category conf_us_consumer); researcher confidence: high. Researcher notes: Known gap; verified via his own conference listing.
UP-0829,Timothy Green Beckley,,,,,author_or_cultural_figure,author|publisher,,US,,,,,Global Communications/Inner Light Publications,Publisher,,,,Prolific UFO author-publisher of hundreds of titles including 'Mystery of the Men in Black'; a fixture of ufology publishing from the 1960s until his death.,,,,,,,,,,Amazon – Mystery of the Men in Black,https://amazon.com/Mystery-Men-Black-UFO-Silencers/dp/0938294873,secondary_reference,WorldCat – UFO Hostilities,https://search.worldcat.org/isbn/1892062984,secondary_reference,2,added,,,,2026-09-14,,Added 2026-09-14 via research batch (authors.json; category Published UAP/UFO book authors); researcher confidence: medium. Researcher notes: Books: 'Mystery of the Men in Black' (with John Keel intro); died 2021; titles still in print and cited.
UP-0830,Todd Young,Todd Christopher Young,,,active,government_official,senator,,United States,,,,,Republican Party|U.S. Senate,"U.S. Senator (R-IN, 2017-present)",,,,"Republican senator who co-sponsored the UAP Disclosure Act of 2023 with Schumer, Rounds, Rubio, Gillibrand and Heinrich (S.Amdt.797).",,,,,,,,,,"Schumer, Rounds Introduce New Legislation To Declassify Government Records Related To UAP & UFOs",https://www.democrats.senate.gov/newsroom/press-releases/schumer-rounds-introduce-new-legislation-to-declassify-government-records-related-to-unidentified-anomalous-phenomena-and-ufos_modeled-after-jfk-assassination-records-collection-act--as-an-amendment-to-ndaa,primary_official,The UAP Disclosure Act (Schumer-Rounds) - Overclassified Case File #352,https://overclassified.org/case-files/the-uap-disclosure-act-schumer-rounds.html,secondary_reference,2,added,,,,2026-09-14,,Added 2026-09-14 via research batch (politics.json; category politics); researcher confidence: high. Researcher notes: Named in Senate Democratic caucus release and multiple UAPDA histories as one of six bipartisan original backers.
UP-0831,Tom Danheiser,,,,active,journalist_host_or_filmmaker,producer|speaker,,USA,,,,,Coast to Coast AM,Senior producer of Coast to Coast AM,,,,"Senior producer of Coast to Coast AM, the flagship paranormal/UFO radio show; Contact in the Desert 2026 speaker.",,,,,,,,,,Contact in the Desert 2026 Speakers,https://contactinthedesert.com/speakers/,primary_official,,,,1,added,,,,2026-09-14,,Added 2026-09-14 via research batch (conf_us_consumer.json; category conf_us_consumer); researcher confidence: high.
UP-0832,Tom Tulien,Thomas Tulien,,,active,skeptic_or_critical_analyst,historian|oral history archivist,,United States,,,,,Sign Oral History Project|Sign Historical Group|CUFOS,Documentary filmmaker|founder of the Sign Oral History Project,,,,"Founded the Sign Oral History Project, preserving interviews and radar-visual case records (Lakenheath 1956, Minot AFB 1968) with exacting documentary standards; active on Academia.edu through 2022.",,,,,,,,,,CUFOS - Thomas Tulien profile,https://cufos.org/about-us/cufos-board-consultants-and-friends/thomas-tulien,primary_organization,"Tulien, Nash/Fortenberry 1952 sighting (project1947)",http://project1947.com/shg/articles/tulien_nashfort.htm,secondary_reference,3,added,,,,2026-09-14,,Added 2026-09-14 via research batch (skeptics_critics.json; category Skeptics & Critics); researcher confidence: medium. Additional sources: https://independent.academia.edu/ThomasTulien
UP-0833,Tony Harris,,,,active,journalist_host_or_filmmaker,tv_host|speaker,,USA,,,,,History Channel (The Proof Is Out There),News anchor|host of The Proof Is Out There,,,,"Emmy-winning anchor hosting The Proof Is Out There, which analyzes UAP footage; AlienCon Pasadena speaker panel.",,,,,,,,,,A+E's History to Showcase Series at AlienCon (GEMA),https://gema.org/brief/aes-history-to-showcase-series-at-aliencon,secondary_reference,,,,1,added,,,,2026-09-14,,Added 2026-09-14 via research batch (conf_us_consumer.json; category conf_us_consumer); researcher confidence: medium. Researcher notes: AlienCon's most recent A+E edition was Pasadena 2023; included per lead list.
UP-0834,Travis Dumsday,,,,active,scientist_or_technical_expert,speaker|conference,,Canada,,,,,Concordia University of Edmonton,Professor of philosophy,,,,Philosopher at Concordia University of Edmonton; SUAPS 2024 plenary speaker surveying non-naturalist ontologies for understanding UAP.,,,,,,,,,,SUAPS 2024 online conference speakers (EINPresswire),https://www.einpresswire.com/article/729792417/the-society-for-uap-studies-hosts-an-online-conference-on-the-scope-of-contemporary-uap-studies,secondary_reference,,,,1,added,,,,2026-09-14,,Added 2026-09-14 via research batch (conf_research_policy.json; category conf_research_policy); researcher confidence: high.
UP-0835,Trey Hudson,,,,active,scientist_or_technical_expert,speaker|researcher,,USA,,,,,,"Researcher, 'The Meadow' anomalous-phenomena case",,,,Field researcher known for 'The Meadow' high-strangeness case in the Missouri Ozarks; MUFON Symposium 2026 speaker.,,,,,,,,,,MUFON Symposium 2026 Speakers,https://mufonsymposium.com/speakers/,primary_official,,,,1,added,,,,2026-09-14,,Added 2026-09-14 via research batch (conf_us_consumer.json; category conf_us_consumer); researcher confidence: medium. Researcher notes: Bio pending on event page; name appears in official 2026 lineup.
UP-0836,Tyler Glockner,secureteam10|SecureteamTyler,,,active,journalist_host_or_filmmaker,youtuber,,United States,,,,,secureteam10 YouTube channel,"Creator, secureteam10",,,,"Creator of secureteam10 (2.1M subscribers since 2011), one of YouTube's largest UFO channels, analyzing viewer-submitted sightings and NASA imagery; sporadically active with significant view spikes in 2025-2026.",,,,,,,,,,secureteam10 stats & overview - youtubers.me,https://fr.youtubers.me/secureteam10/youtuber-stats/en,secondary_reference,SecureTeam10 - Grokipedia,https://grokipedia.com/page/SecureTeam10,secondary_reference,2,added,,,,2026-09-14,,Added 2026-09-14 via research batch (independent_media.json; category independent_media); researcher confidence: medium. Researcher notes: YouTube @secureteam10 (~2.1M subs); activity sporadic; 2017 old-footage controversy noted in coverage.
UP-0837,Tyler Kiwala,Journey to Truth,,,active,journalist_host_or_filmmaker,podcaster|youtuber|author,,United States,,,,,Journey to Truth Podcast,"Co-host, Journey to Truth Podcast; author of 'Bleedthrough",,,,"ET-experiencer and disclosure activist co-hosting Journey to Truth Podcast with Aaron Kuhn; runs conferences, a secret-space-program documentary series and a large podcast/YouTube audience.",,,,,,,,,,About - JourneyToTruth (official),https://journeytotruth.online/about,primary_official,Journey to Truth Podcast CLASSICS - Podscan,https://podscan.fm/podcasts/journey-to-truth-podcast-classics/episodes/427-pink-bella-galactic-transmission-artemis-ii-secret-mission-2026-27-28-future-outlook-10,secondary_reference,2,added,,,,2026-09-14,,Added 2026-09-14 via research batch (independent_media.json; category independent_media); researcher confidence: high. Researcher notes: Podcast/YouTube: Journey to Truth; site journeytotruth.online; Patreon documentary series.
UP-0838,Tyler Rogoway,Joey Rogoway,,,,journalist_host_or_filmmaker,editor|reporter|aerospace|UAP beat,,USA,,,,,The War Zone (TWZ),"Founder and Editor-in-Chief, The War Zone",,,,Founding editor of The War Zone who built its UFO/UAP vertical and wrote extensively on Pentagon UAP programs and mystery aircraft.,,,,,,,,,,Mystery Drone Flaps archive (cites Rogoway Feb 2024 TWZ piece),https://anomalyarchives.org/collections/file/mystery-drone-flaps,secondary_reference,The War Zone (magazine) - background,https://en.everybodywiki.com/The_War_Zone_(magazine),secondary_reference,2,added,,,,2026-09-14,,Added 2026-09-14 via research batch (mainstream_media.json; category mainstream_media); researcher confidence: medium. Researcher notes: Not in registry. Stepped back from day-to-day TWZ editing around 2023-2024; current activity not confirmed.
UP-0839,UAP Gerb,Gerb|UAPGerb,,,active,journalist_host_or_filmmaker,youtuber|documentary_maker|commentator,,Unknown,,,,,UAP Gerb YouTube channel,Independent UAP documentary YouTuber,,,,"Documentary-style UAP YouTuber (~91k subs) praised for 'deepest of deep dives' on reverse-engineering facilities, crash retrievals and legacy programs; interviewed Hal Puthoff on air (per Neon Galactic, 2026).",,,,,,,,,,Top 10 Best UFO Channels On YouTube - WatchMojo,https://www.watchmojo.com/articles/top-10-best-ufo-uap-channels-on-youtube,secondary_reference,UAP Gerb - YouTube,https://www.youtube.com/@UAPGerb,primary_media_account,3,added,,,,2026-09-14,,Added 2026-09-14 via research batch (independent_media.json; category independent_media); researcher confidence: high. Researcher notes: YouTube @UAPGerb; ~91k subscribers; also on Spotify as a podcast. Community debates exist about his sourcing claims (r/ufo thread). Additional sources: https://reddit.com/r/ufo/comments/1nw3hwg/the_best_ufouap_youtube_channels_keep_up_with
UP-0840,Walter Bosley,,,,active,author_or_cultural_figure,speaker|author,,USA,,,,,,"Author on airships, breakaway civilizations and occult history",,,,Author of books on the 19th-century airship wave and hidden programs; Contact in the Desert 2026 speaker.,,,,,,,,,,Contact in the Desert 2026 Speakers,https://contactinthedesert.com/speakers/,primary_official,,,,1,added,,,,2026-09-14,,Added 2026-09-14 via research batch (conf_us_consumer.json; category conf_us_consumer); researcher confidence: medium.
UP-0841,Walter Bruce Cornet Jr.,W. Bruce Cornet,,,active,scientist_or_technical_expert,geologist|paleobotanist|UAP field research,,United States,,,,,Knuth et al. UAP review collaboration,Geologist and paleobotanist,,,,"Geologist-paleobotanist and longtime UAP field researcher; co-author of the 2025 'New Science of UAP' review, bringing geological instrumentation experience to UAP investigation.",,,,,,,,,,"The New Science of UAP (arXiv:2502.06794, author list)",https://arxiv.org/pdf/2502.06794v1,secondary_reference,,,,1,added,,,,2026-09-14,,Added 2026-09-14 via research batch (science_academics.json; category Scientists & Academics); researcher confidence: low. Researcher notes: Senior researcher; confirm current activity level.
UP-0842,Walter Figel,Col. Walter Figel,,,,witness_or_experiencer,retired Air Force officer|Minuteman missile launch officer|UAP witness,,United States,,,,,"U.S. Air Force (retired)|341st Strategic Missile Wing, Malmstrom AFB","Retired U.S. Air Force Colonel|Deputy Missile Combat Crew Commander (Echo Flight) on duty during the March 16, 1967 missile shutdowns",,,,Retired missile launch officer who says a UFO reported hovering over an Echo Flight silo at Malmstrom AFB was followed by ten Minuteman ICBMs malfunctioning in sequence - the core Echo Flight incident.,,,,,,,,,,The Echo and Oscar Flight Incidents: UFOs Disabled American ICBMs - UFO Chronicles,http://theufochronicles.com/2012/11/the-echo-and-oscar-flight-incidents.html,secondary_reference,UFOs and Nukes - Echo/Oscar Flight article by Robert Hastings,https://ufohastings.com/articles/the-echo-and-oscar-flight-incidents,primary_organization,2,added,,,,2026-09-14,,Added 2026-09-14 via research batch (military_intel.json; category military_intel); researcher confidence: high. Researcher notes: Missile commander Eric Carlson denied recollection; Figel's taped admissions are the primary Echo Flight testimony. Not in registry.
UP-0843,Wendal Palmer,Wendelle Palmer,,,,witness_or_experiencer,US Air Force veteran|UAP witness,,United States,,,,,U.S. Air Force|RAF Bentwaters/Woodbridge security police (1981),"Former Senior Airman, USAF Security Police, RAF Woodbridge",,,,"Bentwaters security airman who with Steve LaPlume observed a dark cigar-shaped object and a huge low-moving cylindrical craft over Rendlesham Forest in January 1981, one month after the main incident.",,,,,,,,,,Phenomainon case record: LaPlume/Palmer Jan 1981 sighting,https://phenomainon.com/cases/PCF-098321,secondary_reference,,,,1,added,,,,2026-09-14,,Added 2026-09-14 via research batch (military_intel.json; category military_intel); researcher confidence: low. Researcher notes: Known only through the case record and LaPlume's accounts.
UP-0844,Willard Miller,Cmdr. Will Miller|Commander Willard Miller,,,,government_official,retired Navy commander|UAP disclosure figure|named in Wilson-Davis memo,,United States,,,,,U.S. Navy (retired)|Disclosure Project (Steven Greer circle),"Retired U.S. Navy Commander|attendee of the April 1997 Pentagon meeting with Steven Greer, Edgar Mitchell and Adm. Thomas Wilson",,,,Retired Navy commander present at the 1997 Pentagon meeting that preceded the Wilson-Davis memo; his letters describe a 'special team' tied to recovered craft and officers with firsthand knowledge of alleged ARVs at Area 51.,,,,,,,,,,Wilson-Davis Memo - UAPedia.wiki (Cmdr Will Miller letter),https://uapedia.wiki/wilson-davis-memo-t461,secondary_reference,Wilson-Davis memo - ikwipedia,https://en.ikwipedia.org/wiki/Wilson%E2%80%93Davis_memo,secondary_reference,2,added,,,,2026-09-14,,Added 2026-09-14 via research batch (military_intel.json; category military_intel); researcher confidence: medium. Researcher notes: Long active in Disclosure Project circles; primary value is his documented role in the Wilson-Davis memo chain.
UP-0845,Wim van Utrecht,,,,active,skeptic_or_critical_analyst,researcher|image analyst,,Belgium,,,,,CAELESTIA,"Co-author, Belgium in UFO Photographs (with Ballester-Olmos)",,,,"Belgian CAELESTIA researcher who co-authored Belgium in UFO Photographs, applying geometry, optics and meteorology to show most UFO photos have prosaic causes; critical reexaminer of the 1989-90 Belgian wave.",,,,,,,,,,CAELESTIA publications,https://caelestia.be/publications.html,secondary_reference,Randle review of Belgium in UFO Photographs,http://kevinrandle.blogspot.com/2018/03/belgium-in-ufo-photographs-volume-1.html,secondary_reference,2,added,,,,2026-09-14,,Added 2026-09-14 via research batch (skeptics_critics.json; category Skeptics & Critics); researcher confidence: medium. Researcher notes: Foreword to the book was contributed by James Oberg.
UP-0846,Xander Jones,The Dreamland Motel,,,active,journalist_host_or_filmmaker,podcaster|youtuber|storyteller,,United Kingdom,,,,,The Dreamland Motel,"Creator and narrator, The Dreamland Motel",,,,"Single-creator documentary channel/podcast The Dreamland Motel (~13k subs), producing acclaimed softly-spoken ufology deep-dives (mass sightings, taxonomy of ETs, presidents and UFOs); active weekly through 2026.",,,,,,,,,,The Dreamland Motel - Apple Podcasts (Xander Jones),https://podcasts.apple.com/us/podcast/the-dreamland-motel/id1818511866,secondary_reference,The Best UFO/UAP YouTube Channels (r/ufo) - Dreamland Motel entry,https://reddit.com/r/ufo/comments/1nw3hwg/the_best_ufouap_youtube_channels_keep_up_with,secondary_reference,3,added,,,,2026-09-14,,Added 2026-09-14 via research batch (independent_media.json; category independent_media); researcher confidence: medium. Researcher notes: YouTube @TheDreamlandMotel (~13k); Patreon patreon.com/xanderjones; human narration single-creator project. Additional sources: https://podimo.com/en/shows/the-dreamland-motel
UP-0847,Yasukazu Hamada,,,,active,government_official,politician|former_defense_minister|uap_caucus_chair,,Japan,,,,,House of Representatives (Japan)|Parliamentary League for Clarifying Unidentified Anomalous Phenomena (UAP League),"Chairman, Japan UAP Parliamentary League|Former Defense Minister of Japan (2008-09, 2022-23)",,,,"Per uapcheck.com and Japanese caucus reports, Hamada chairs Japan's ~100-member bipartisan UAP parliamentary league and led 2026 proposals to the Chief Cabinet Secretary for a centralized UAP office.",,,,,,,,,,"JAPAN: LAWMAKERS DEMAND A UFO OFFICE... (UAP Check, 2026-05-28 meeting)",https://www.uapcheck.com/news/japan-lawmakers-demand-a-ufo-office-and-share-their-own-sightings/3485/,secondary_reference,UAP Clarification Parliamentary League (Disclosdex),https://disclosdex.com/organizations/japan-uap-parliamentary-league,secondary_reference,2,added,,,,2026-09-14,,Added 2026-09-14 via research batch (international.json; category government_official); researcher confidence: high. Researcher notes: Chairman title per uapcheck quote; caucus founded June 2024.
UP-0848,Yohanan Díaz Vargas,,,,active,journalist_host_or_filmmaker,journalist|investigator|photographer,,Mexico,,,,,Tercer Milenio (TV/tercermilenio.tv)|Planeta UFO (Inexplicata contributor),"Reporter and investigator, Tercer Milenio|Popocatépetl/volcano UFO videographer",,,,"Per Inexplicata and Tercer Milenio pages, Díaz Vargas is a longtime Mexican UFO reporter for Jaime Maussan's Tercer Milenio, documenting volcano-region sightings and crop-circle cases since the 2000s.",,,,,,,,,,Mexico: UFOs Return to the Popocatepetl Volcano - by Yohanan Diaz Vargas (Inexplicata),http://inexplicata.blogspot.com/2015/08/mexico-ufos-return-to-popocatepetl.html,secondary_reference,La Huella OVNI ep. 44 - Yohanan Díaz Vargas (MundoNOW),https://mundonow.com/en/who-are-the-contactees,secondary_reference,2,added,,,,2026-09-14,,Added 2026-09-14 via research batch (international.json; category journalist_media); researcher confidence: medium. Researcher notes: Tercer Milenio affiliation carries Maussan-associated credibility caveats.
UP-0849,Yoshiharu Asakawa,,,,active,government_official,speaker|conference,,Japan,,,,,"House of Representatives, Japan (former)|UAP Caucus, Parliament of Japan","Former Diet member|Former General Secretary, UAP Caucus",,,,Japanese Diet member who led the parliamentary UAP Caucus as its general secretary; Sol Foundation 2024 speaker on Japan's role in international UAP cooperation.,,,,,,,,,,Sol's 2024 Symposium program,https://thesolfoundation.org/events/sols-2024-symposium/,primary_official,,,,1,added,,,,2026-09-14,,Added 2026-09-14 via research batch (conf_research_policy.json; category conf_research_policy); researcher confidence: high.
